id,transaction_id,risk_score,status,claimed_by,claimed_at,heartbeat_at,completed_at,step,scratchpad,verdict,confidence,reviewed_by,reviewed_at,review_decision,created_at
00bff585-d6b9-4a06-8250-e0417c0edd31,0ad43240-c1a3-4ab0-9620-11b10dd01e07,0.5,done,MSI,2026-07-21 22:41:47.98769+00,2026-07-21 22:41:49.421935+00,2026-07-21 22:41:49.421935+00,auto_approve,NULL,legit,1,NULL,NULL,NULL,2026-07-21 22:41:46.396823+00
0218b7e5-e617-4e6a-b677-3575fd0ac898,84c28f51-91c0-4284-9304-62a5a179650d,0.13755526657060163,failed,MSI,2026-07-21 22:25:09.70197+00,2026-07-21 22:25:09.70197+00,2026-07-21 22:25:09.955794+00,NULL,NULL,NULL,NULL,NULL,NULL,NULL,2026-07-21 22:25:08.220254+00
04369559-3fae-431a-b526-ec2b2aabc3eb,f70a53a4-89f5-445f-9857-5754c269a889,0.763718030534737,failed,MSI,2026-07-21 22:25:10.00695+00,2026-07-21 22:25:10.00695+00,2026-07-21 22:25:10.171313+00,NULL,NULL,NULL,NULL,NULL,NULL,NULL,2026-07-21 22:25:08.220254+00
04d9da40-9596-4d25-823b-cfefc8311e48,6b2feb8e-c6fe-45b2-b612-484a60d5b888,0.10814084127089314,done,MSI,2026-07-21 22:44:17.602195+00,2026-07-21 22:44:24.194978+00,2026-07-21 22:44:24.194978+00,fallback,NULL,legit,0.85,NULL,NULL,NULL,2026-07-21 22:44:16.018547+00
053de503-fe63-43ca-b334-795a701b05b3,81f742bc-444a-4666-9ac5-64ea4ffee46c,0.27712584155994346,done,MSI,2026-07-21 22:32:50.704937+00,2026-07-21 22:32:54.761148+00,2026-07-21 22:32:54.761148+00,fallback,NULL,legit,0.85,NULL,NULL,NULL,2026-07-21 22:32:50.13029+00
05c1676a-52a5-45c5-abf5-ae799b4c99a6,57ba5732-d067-4c51-9229-208d774e9e38,0.7645379740136906,done,test-worker,2026-07-22 20:58:17.179931+00,2026-07-22 20:58:17.340848+00,2026-07-22 20:58:17.340848+00,cleared_by_test,NULL,legit,1,NULL,NULL,NULL,2026-07-22 16:38:31.343393+00
069f510a-cd18-4ba9-886d-df49c46cb7ee,a1dfc7d4-6b71-4eb8-8c3c-b7f5ef45467d,0.4959708043446186,investigating,a4707cde-a39a-43de-9fca-f2c17bb30ed9,2026-07-22 20:56:48.945043+00,2026-07-22 20:56:48.945043+00,NULL,NULL,NULL,NULL,NULL,NULL,NULL,NULL,2026-07-22 14:19:58.191138+00
086ce34f-c24a-45aa-8cbb-4bc0fc0fdcd2,c54fa431-c777-4af0-ade5-a45ee09a89a4,0.6242405832558288,investigating,35a53f3f-25a6-4a36-b6ba-1a9ba85bb049,2026-07-22 20:56:48.958628+00,2026-07-22 20:56:48.958628+00,NULL,NULL,NULL,NULL,NULL,NULL,NULL,NULL,2026-07-22 14:19:58.191138+00
086e2a6c-b21f-4951-aa01-8cce234676c4,821cb34e-40e6-4285-8e8b-731238514166,0.7265814793517307,pending_review,DESKTOP-4PDKLKG,2026-07-21 21:35:22.930115+00,2026-07-21 21:35:23.089111+00,2026-07-21 21:35:23.089111+00,bedrock_reasoning,NULL,escalate,0.8,NULL,NULL,NULL,2026-07-21 21:32:31.85621+00
08834fea-d11b-4e13-8e6d-e1cd59f40856,c75f0784-2aaf-4066-a486-5ca1f6e196fb,0.5419711474372296,investigating,4d5ef10e-87b9-45c1-8e5b-84af4233e2e8,2026-07-22 20:56:48.968895+00,2026-07-22 20:56:48.968895+00,NULL,NULL,NULL,NULL,NULL,NULL,NULL,NULL,2026-07-22 14:19:58.191138+00
08c6345f-0681-4e1d-9a36-8eb3c5ada1f3,3702e7a6-e859-4b46-8a9d-11ce9d7c3b1a,0.7642310831759279,done,MSI,2026-07-21 22:32:54.804272+00,2026-07-21 22:32:57.608981+00,2026-07-21 22:32:57.608981+00,fallback,NULL,legit,0.85,NULL,NULL,NULL,2026-07-21 22:32:50.13029+00
0916ecc1-9486-40cc-a50b-c07164785bdb,1e475b29-d8b4-4e25-bf24-6d53b2043da2,0.52,done,MSI,2026-07-21 22:32:57.650077+00,2026-07-21 22:33:00.429111+00,2026-07-21 22:33:00.429111+00,fallback,NULL,legit,0.85,NULL,NULL,NULL,2026-07-21 22:32:50.13029+00
09cf81b0-d0ce-4bba-af81-3d4f3bd5283e,e3d50aa4-8df6-426e-a9b5-dee1ad2baa10,0.131391962703855,done,MSI,2026-07-21 22:40:07.845887+00,2026-07-21 22:40:13.615462+00,2026-07-21 22:40:13.615462+00,auto_approve,NULL,legit,1,NULL,NULL,NULL,2026-07-21 22:40:05.378452+00
0b820631-63dc-4c0a-91e5-906cfc51dcb8,35995536-1059-42f0-acb8-6ff12a59caa6,0.11892739895754864,pending_review,DESKTOP-4PDKLKG,2026-07-21 21:35:32.876396+00,2026-07-21 21:35:33.027318+00,2026-07-21 21:35:33.027318+00,bedrock_reasoning,NULL,escalate,0.85,NULL,NULL,NULL,2026-07-21 21:32:31.85621+00
0bde2436-098f-4d99-8327-81ae1f7d5835,f2ef0c5f-7636-4781-bab9-0bf1fb648f47,0.34574415941838466,failed,169.254.54.143,2026-07-23 13:43:30.273101+00,2026-07-23 13:43:30.273101+00,2026-07-23 13:43:30.637331+00,NULL,NULL,NULL,NULL,NULL,NULL,NULL,2026-07-23 13:43:15.457984+00
0c22ddcd-d523-419a-aca1-300af6628610,99888b58-1f65-4f2b-a429-f405fed8f4c4,0.741563388353732,failed,MSI,2026-07-21 22:26:53.871717+00,2026-07-21 22:26:53.871717+00,2026-07-21 22:26:54.12381+00,NULL,NULL,NULL,NULL,NULL,NULL,NULL,2026-07-21 22:26:53.224055+00
0d2876a7-7615-4afa-9c53-87ab063f6f4f,cfcacfc3-8e86-485c-a17b-eb712e1412d2,0.2735773795766963,done,MSI,2026-07-21 22:47:32.662277+00,2026-07-21 22:47:41.524236+00,2026-07-21 22:47:41.524236+00,fallback,NULL,legit,0.85,NULL,NULL,NULL,2026-07-21 22:47:31.141639+00
0e5f8999-7575-4e0a-8f46-130a18690804,f832c897-c9df-4b19-b67a-309212f9d24a,0.39618132976004516,investigating,7c9df9fd-28a1-443f-8b13-07b083d1ee96,2026-07-22 20:56:48.971404+00,2026-07-22 20:56:48.971404+00,NULL,NULL,NULL,NULL,NULL,NULL,NULL,NULL,2026-07-22 14:19:58.191138+00
0e78ce31-64c7-4328-9e0e-5b30e3a330b8,74d1679a-2016-44ca-bb78-98bbacdb6a05,0.5168946166763724,pending_review,MSI,2026-07-21 22:44:24.237852+00,2026-07-21 22:44:27.326168+00,2026-07-21 22:44:27.326168+00,fallback,NULL,escalate,0.7,NULL,NULL,NULL,2026-07-21 22:44:16.018547+00
0eaa05a0-c2f9-4331-9970-496082fb0e57,c065367b-02ab-4583-a16a-e44dce88305f,0.7966927130591749,pending,NULL,NULL,NULL,NULL,NULL,NULL,NULL,NULL,NULL,NULL,NULL,2026-07-23 13:43:15.457984+00
10b425c6-1ff4-44fe-8c31-eaf351bc2000,4a021e46-f7c1-4028-987d-cd8f0cb1ccdd,0.11135133182834932,pending,NULL,NULL,NULL,NULL,NULL,NULL,NULL,NULL,NULL,NULL,NULL,2026-07-23 13:43:15.457984+00
12fd0582-d68c-48f0-9af5-83af352ccfd8,4a9f2647-6ab8-4ffc-9d5b-37c1df53ecc1,0.52,done,MSI,2026-07-21 22:40:13.663197+00,2026-07-21 22:40:17.162111+00,2026-07-21 22:40:17.162111+00,auto_approve,NULL,legit,1,NULL,NULL,NULL,2026-07-21 22:40:05.378452+00
14019df8-a5c9-4ad2-8c28-bb0366a17c59,6bda102a-a379-4f01-ac87-c1932698a3a1,0.5908190686678854,done,test-worker,2026-07-22 20:58:08.074802+00,2026-07-22 20:58:08.232446+00,2026-07-22 20:58:08.232446+00,cleared_by_test,NULL,legit,1,NULL,NULL,NULL,2026-07-22 14:32:45.993409+00
141f60e1-df8e-4dca-a493-3ce4c2a02583,8fdf1564-7ab8-464c-9384-994c74a94b6f,0.4068719596390311,done,MSI,2026-07-22 08:29:31.083593+00,2026-07-22 08:29:44.588424+00,2026-07-22 08:29:44.588424+00,bedrock_reasoning,NULL,fraud,0.9,NULL,NULL,NULL,2026-07-21 22:51:18.519516+00
14882c91-4490-4a69-aff1-bd0cbe9efa19,d4063dde-6457-4c53-b72d-bc1582c7abe1,0.5739842692546197,failed,MSI,2026-07-21 22:26:54.166748+00,2026-07-21 22:26:54.166748+00,2026-07-21 22:26:54.320661+00,NULL,NULL,NULL,NULL,NULL,NULL,NULL,2026-07-21 22:26:53.224055+00
14a54dfb-8043-4ecd-9cf0-cd060461fb4f,1bde822c-6392-4ffd-a46d-c7e88d58f9f7,0.7742008317458595,done,MSI,2026-07-21 22:40:17.206422+00,2026-07-21 22:40:18.441237+00,2026-07-21 22:40:18.441237+00,auto_approve,NULL,legit,1,NULL,NULL,NULL,2026-07-21 22:40:05.378452+00
180c9c11-75f6-4413-a1a1-b6d8cfada6e6,28ab1ef8-1675-4038-8832-29f8a96ad3cf,0.7512399119242117,failed,MSI,2026-07-21 22:26:54.362776+00,2026-07-21 22:26:54.362776+00,2026-07-21 22:26:54.521752+00,NULL,NULL,NULL,NULL,NULL,NULL,NULL,2026-07-21 22:26:53.224055+00
18baa353-0b17-4499-b6e5-aadc85b1cd8d,4b6c3e35-c6eb-4aa6-974d-e7e641e26273,0.4391396621531982,pending_review,DESKTOP-4PDKLKG,2026-07-21 18:10:26.67543+00,2026-07-21 18:10:26.823772+00,2026-07-21 18:10:26.823772+00,bedrock_reasoning,NULL,escalate,0.8,NULL,NULL,NULL,2026-07-21 18:09:28.992652+00
1993b5eb-8916-427a-a086-996776c4fa48,aa9e74b3-4fc5-4262-9f2e-bb93e46f0dea,0.7687867262574376,pending_review,MSI,2026-07-21 22:44:27.370972+00,2026-07-21 22:44:32.458174+00,2026-07-21 22:44:32.458174+00,fallback,NULL,escalate,0.7,NULL,NULL,NULL,2026-07-21 22:44:16.018547+00
1afc4ada-58ff-4d15-bccf-24d5d90b99af,60bb85e3-427f-4b3f-9770-00d2356394f1,0.24197966439861712,done,test-worker,2026-07-22 20:58:12.713084+00,2026-07-22 20:58:12.873847+00,2026-07-22 20:58:12.873847+00,cleared_by_test,NULL,legit,1,NULL,NULL,NULL,2026-07-22 14:36:40.907574+00
1d874fea-a9c7-4534-a15f-a13a0e990ed2,b2f3148a-eb78-4e06-bea0-c23662be146a,0.4488666380470461,failed,MSI,2026-07-21 22:26:54.560732+00,2026-07-21 22:26:54.560732+00,2026-07-21 22:26:54.711743+00,NULL,NULL,NULL,NULL,NULL,NULL,NULL,2026-07-21 22:26:53.224055+00
1e33bcdf-f968-4b4a-aecc-d4ce108c16dd,7bc0f502-d40b-4055-8669-de4c5c660945,0.6046118004345881,done,MSI,2026-07-21 22:33:00.47229+00,2026-07-21 22:33:03.297242+00,2026-07-21 22:33:03.297242+00,fallback,NULL,legit,0.85,NULL,NULL,NULL,2026-07-21 22:32:50.13029+00
1ed5e159-adf4-4cdf-83cb-822291a63afa,7c3274bc-178e-46fb-b8c5-e9257aaeec20,0.52,done,MSI,2026-07-21 22:41:49.462923+00,2026-07-21 22:41:50.742987+00,2026-07-21 22:41:50.742987+00,auto_approve,NULL,legit,1,NULL,NULL,NULL,2026-07-21 22:41:46.396823+00
1f214104-7d10-4544-8d6c-cf1608fcd127,6dcffcd9-c361-4b5a-9ecf-fa2b13c3c97c,0.32905151079831246,failed,MSI,2026-07-21 22:25:10.214981+00,2026-07-21 22:25:10.214981+00,2026-07-21 22:25:10.367641+00,NULL,NULL,NULL,NULL,NULL,NULL,NULL,2026-07-21 22:25:08.220254+00
201d3e41-5446-4ca0-bc48-bc1494066dde,1d42e023-0be2-456a-84ee-8877e9f8bbdb,0.52,done,test-worker,2026-07-22 20:58:12.919856+00,2026-07-22 20:58:13.076889+00,2026-07-22 20:58:13.076889+00,cleared_by_test,NULL,legit,1,NULL,NULL,NULL,2026-07-22 14:36:40.907574+00
20f47404-26ae-4459-9aa8-bf9df1134dda,dc29bcf0-2fef-466a-89a1-6bf1ac30d0bb,0.253419406142319,failed,MSI,2026-07-21 22:26:54.750709+00,2026-07-21 22:26:54.750709+00,2026-07-21 22:26:54.902734+00,NULL,NULL,NULL,NULL,NULL,NULL,NULL,2026-07-21 22:26:53.224055+00
211b0baf-e1d4-49e1-8dad-5dbace291d47,81d8198b-3479-490d-95b1-42d21be2ffb8,0.52,investigating,test-worker,2026-07-22 20:56:47.450701+00,2026-07-22 20:56:47.450701+00,NULL,NULL,NULL,NULL,NULL,NULL,NULL,NULL,2026-07-22 14:19:57.657068+00
2282dc64-5794-413c-93be-690263b55ce5,47eb1954-8382-4f49-ad63-3d32b068a2b5,0.3141469517577635,pending,NULL,NULL,NULL,NULL,NULL,NULL,NULL,NULL,NULL,NULL,NULL,2026-07-23 13:43:15.457984+00
22db05ac-d229-4b98-b577-c85c48bb7b8e,d27eda7a-8bbb-4d08-bfec-832ed9890324,0.3213742966201646,pending_review,MSI,2026-07-22 08:29:44.644884+00,2026-07-22 08:29:48.735262+00,2026-07-22 08:29:48.735262+00,bedrock_reasoning,NULL,escalate,0.8,NULL,NULL,NULL,2026-07-21 22:51:18.519516+00
2302c364-cb03-4c06-8996-b3e7a0f932e4,c3d938fb-895c-4d3b-a6a0-e5744bd2b9cf,0.7170058219725713,done,MSI,2026-07-21 22:40:18.484178+00,2026-07-21 22:40:19.733193+00,2026-07-21 22:40:19.733193+00,auto_approve,NULL,legit,1,NULL,NULL,NULL,2026-07-21 22:40:05.378452+00
236f8fae-a38a-4d8c-8011-147aceb4daa6,4d983810-a536-4dfa-948c-c45a80cde217,0.5,failed,MSI,2026-07-21 22:30:54.80863+00,2026-07-21 22:30:54.80863+00,2026-07-21 22:31:05.689008+00,NULL,NULL,NULL,NULL,NULL,NULL,NULL,2026-07-21 22:30:54.237167+00
24b4adc3-4964-4175-8657-f849c712b241,15ac5068-2a05-46a7-b530-94001147cec9,0.5362966835020083,failed,MSI,2026-07-21 22:26:54.940703+00,2026-07-21 22:26:54.940703+00,2026-07-21 22:26:55.098703+00,NULL,NULL,NULL,NULL,NULL,NULL,NULL,2026-07-21 22:26:53.224055+00
24d2f9b7-57e1-431d-9f7f-3eda55ea30a0,96fda9b3-8e07-40a4-8fa2-4a482e5d0923,0.613912607214406,pending_review,MSI,2026-07-21 22:47:41.565279+00,2026-07-21 22:47:44.979236+00,2026-07-21 22:47:44.979236+00,fallback,NULL,escalate,0.7,NULL,NULL,NULL,2026-07-21 22:47:31.141639+00
24e10956-655a-4e74-a556-d3a33ff13a6f,bd5e520f-10e7-47ca-89ba-f19297719eb8,0.726939058491544,done,DESKTOP-4PDKLKG,2026-07-21 21:35:36.971364+00,2026-07-21 21:35:37.115435+00,2026-07-21 21:35:37.115435+00,bedrock_reasoning,NULL,fraud,0.9,NULL,NULL,NULL,2026-07-21 21:32:31.85621+00
25aa3f47-6b19-4a9d-88aa-e95349791845,2eb36f00-38a1-4ca0-a279-52625635d187,0.273986262489881,done,test-worker,2026-07-22 20:58:08.287653+00,2026-07-22 20:58:08.453787+00,2026-07-22 20:58:08.453787+00,cleared_by_test,NULL,legit,1,NULL,NULL,NULL,2026-07-22 14:32:45.993409+00
2604a648-5a30-4037-9866-e66e12e5f86e,16b19617-28e6-46c5-80eb-218cb8ebb97e,0.19683369595696604,done,MSI,2026-07-21 22:33:03.33828+00,2026-07-21 22:33:06.088364+00,2026-07-21 22:33:06.088364+00,fallback,NULL,legit,0.85,NULL,NULL,NULL,2026-07-21 22:32:50.13029+00
2672630d-091f-4c71-8580-040e4150156b,b9667a26-19fc-417c-8a40-bb56d8a6d33a,0.3637254571205121,pending_review,DESKTOP-4PDKLKG,2026-07-21 18:10:28.864409+00,2026-07-21 18:10:29.01175+00,2026-07-21 18:10:29.01175+00,bedrock_reasoning,NULL,escalate,0.8,NULL,NULL,NULL,2026-07-21 18:09:28.992652+00
269ce0b1-4227-4b72-ad5b-ad0399e07e21,adf52b73-6947-4f47-b34d-3609961285c6,0.44147304881314064,pending,NULL,NULL,NULL,NULL,NULL,NULL,NULL,NULL,NULL,NULL,NULL,2026-07-23 13:43:15.457984+00
27dd9825-efb8-4fbf-a996-aa86c24255e1,02d6e7ee-48fd-4c50-a0b2-e34c9a2cd80c,0.226010449939673,pending,NULL,NULL,NULL,NULL,NULL,NULL,NULL,NULL,NULL,NULL,NULL,2026-07-23 13:43:15.457984+00
28381b98-bda4-40ca-996b-c003549fea41,86263afe-b6d8-4534-9ee1-2b75bd1b5d8d,0.5780471890310783,done,test-worker,2026-07-22 20:58:13.119937+00,2026-07-22 20:58:13.285146+00,2026-07-22 20:58:13.285146+00,cleared_by_test,NULL,legit,1,NULL,NULL,NULL,2026-07-22 14:36:40.907574+00
2913985b-08dc-47d7-9c40-ccf7d0f75c87,961515be-7560-4150-bd7d-6d411c5cc7c2,0.6424389206002659,done,test-worker,2026-07-22 20:58:13.327876+00,2026-07-22 20:58:13.48789+00,2026-07-22 20:58:13.48789+00,cleared_by_test,NULL,legit,1,NULL,NULL,NULL,2026-07-22 14:36:40.907574+00
299e06ef-91ea-4c14-b767-35969a4b5241,8beac662-2ea6-4384-b4ab-81436f066012,0.5,done,test-worker,2026-07-22 20:58:13.534872+00,2026-07-22 20:58:13.690965+00,2026-07-22 20:58:13.690965+00,cleared_by_test,NULL,legit,1,NULL,NULL,NULL,2026-07-22 14:36:40.907574+00
29a0f212-41ee-46d3-8fdd-1b91681aebb2,81079c85-76f0-407f-bcba-c2a7382f2c9b,0.2772678359395796,pending_review,MSI,2026-07-22 08:29:48.795147+00,2026-07-22 08:29:55.189757+00,2026-07-22 08:29:55.189757+00,bedrock_reasoning,NULL,escalate,0.8,NULL,NULL,NULL,2026-07-21 22:51:18.519516+00
29a76456-3312-4cc4-9abd-c6f4f1004c0f,7f6d8961-4a70-4ef5-910c-d4d670f872a7,0.5,done,MSI,2026-07-21 22:33:06.129306+00,2026-07-21 22:33:09.039723+00,2026-07-21 22:33:09.039723+00,fallback,NULL,legit,0.85,NULL,NULL,NULL,2026-07-21 22:32:50.13029+00
29d1ce71-e1ef-4b2e-bb86-22b164be0035,6774e46f-e25c-4d32-979a-32698bcc2c7d,0.1099404846429183,done,DESKTOP-4PDKLKG,2026-07-21 21:35:41.220624+00,2026-07-21 21:35:41.364728+00,2026-07-21 21:35:41.364728+00,bedrock_reasoning,NULL,fraud,0.9,NULL,NULL,NULL,2026-07-21 21:32:31.85621+00
2a61e256-5657-498d-80ad-f24e3fa8b5bb,1d6588a6-c270-4b9f-b7d6-3a7399220399,0.2134052044821651,done,MSI,2026-07-22 08:29:55.24252+00,2026-07-22 08:29:59.372392+00,2026-07-22 08:29:59.372392+00,bedrock_reasoning,NULL,fraud,0.9,NULL,NULL,NULL,2026-07-21 22:51:18.519516+00
2acad2c2-7e3e-4e19-9078-7a395bea68bf,301a7fee-ffef-4298-ba1b-f07e1bb5e5ab,0.6499167993578683,failed,MSI,2026-07-21 22:25:10.40702+00,2026-07-21 22:25:10.40702+00,2026-07-21 22:25:10.563082+00,NULL,NULL,NULL,NULL,NULL,NULL,NULL,2026-07-21 22:25:08.220254+00
2afeddac-ce1f-4fa6-ab00-b214affdaf3b,6dd2fa50-58d3-4522-b295-f86bcc1d513e,0.19728443778169147,investigating,17e6a93c-21d4-4726-b0be-234e40a03799,2026-07-22 20:56:48.978792+00,2026-07-22 20:56:48.978792+00,NULL,NULL,NULL,NULL,NULL,NULL,NULL,NULL,2026-07-22 14:19:58.191138+00
2b8488b0-0e9c-4c91-8f1f-18d5c6e6ed2f,806438f1-0eda-40fe-863f-1aaf8f1790a0,0.5899296257281321,done,test-worker,2026-07-22 20:58:13.733899+00,2026-07-22 20:58:13.893888+00,2026-07-22 20:58:13.893888+00,cleared_by_test,NULL,legit,1,NULL,NULL,NULL,2026-07-22 14:36:40.907574+00
2cd4af65-5c4e-4b4d-b10d-c8796583ab74,6f72beac-d9b2-4e11-bfc2-cf57f2ceb61b,0.6137034645347058,done,MSI,2026-07-21 22:40:19.776343+00,2026-07-21 22:40:21.007765+00,2026-07-21 22:40:21.007765+00,auto_approve,NULL,legit,1,NULL,NULL,NULL,2026-07-21 22:40:05.378452+00
2e0e3d0a-fa6f-4608-85e5-cba0da4abced,82591758-725f-462c-805b-bba32f4ede4c,0.48864741745830975,failed,MSI,2026-07-21 22:31:05.728982+00,2026-07-21 22:31:05.728982+00,2026-07-21 22:31:06.910012+00,NULL,NULL,NULL,NULL,NULL,NULL,NULL,2026-07-21 22:30:54.237167+00
2f850867-7c08-48f4-a7a1-3e1c482b1e92,a47ef3ee-fdb8-4e7a-a604-9dbe169117cd,0.543781850684254,pending,NULL,NULL,NULL,NULL,NULL,NULL,NULL,NULL,NULL,NULL,NULL,2026-07-23 13:43:15.457984+00
30a80c43-27ad-410c-8129-4c81b2043065,499c5b13-a318-4db7-b51a-d887cbe76396,0.7397145584000852,done,test-worker,2026-07-22 20:58:17.385894+00,2026-07-22 20:58:17.5479+00,2026-07-22 20:58:17.5479+00,cleared_by_test,NULL,legit,1,NULL,NULL,NULL,2026-07-22 16:38:31.343393+00
31531c18-674e-4394-a781-cc30874f29e1,7369d4de-9330-45d6-879e-c140d64294f4,0.6200841685261983,failed,MSI,2026-07-21 22:26:55.138718+00,2026-07-21 22:26:55.138718+00,2026-07-21 22:26:55.291731+00,NULL,NULL,NULL,NULL,NULL,NULL,NULL,2026-07-21 22:26:53.224055+00
31e073af-f478-44a2-96d9-ef32769948c2,eb8f718c-ab98-41ab-abfa-9abef9dcebbf,0.48439241261587107,pending,NULL,NULL,NULL,NULL,NULL,NULL,NULL,NULL,NULL,NULL,NULL,2026-07-23 13:43:15.457984+00
3587cbe8-3e7c-4e8e-bbd3-78daa0607b1a,edb3bf9a-c4f7-4d7e-8978-5a0eddb3bf42,0.7934257080743329,failed,MSI,2026-07-21 22:26:55.330853+00,2026-07-21 22:26:55.330853+00,2026-07-21 22:26:55.479748+00,NULL,NULL,NULL,NULL,NULL,NULL,NULL,2026-07-21 22:26:53.224055+00
359a95dc-7592-4be7-9e1e-6565a0b52dcd,367347d9-9610-4ffa-9c46-20a0102a3851,0.6874177916805948,failed,MSI,2026-07-21 22:25:10.606959+00,2026-07-21 22:25:10.606959+00,2026-07-21 22:25:10.764081+00,NULL,NULL,NULL,NULL,NULL,NULL,NULL,2026-07-21 22:25:08.220254+00
368a6935-7e7c-40b8-8621-5f669881734e,f317e318-fee1-4e85-a804-00acde46a072,0.6329120161155078,pending_review,DESKTOP-4PDKLKG,2026-07-21 18:10:31.294021+00,2026-07-21 18:10:31.438197+00,2026-07-21 18:10:31.438197+00,bedrock_reasoning,NULL,escalate,0.8,NULL,NULL,NULL,2026-07-21 18:09:28.992652+00
37197346-5ced-4da8-953e-418f6b6d30d4,9208b499-d6d7-4dcc-8718-416f31bd2e9e,0.7928323175636006,done,DESKTOP-4PDKLKG,2026-07-21 21:35:45.053603+00,2026-07-21 21:35:45.208557+00,2026-07-21 21:35:45.208557+00,bedrock_reasoning,NULL,fraud,0.9,NULL,NULL,NULL,2026-07-21 21:32:31.85621+00
37213823-8ddd-4587-9bee-f0f6a748c62b,891fcbda-b2a1-40b6-bc88-22add2d8a249,0.2683474006723414,failed,MSI,2026-07-21 22:25:10.802959+00,2026-07-21 22:25:10.802959+00,2026-07-21 22:25:10.966551+00,NULL,NULL,NULL,NULL,NULL,NULL,NULL,2026-07-21 22:25:08.220254+00
37e95904-49c0-4c21-9962-732c5d12944d,582f45e3-f7f5-4e20-88aa-d10834c8dcbf,0.39244381640026416,done,MSI,2026-07-21 22:44:32.500092+00,2026-07-21 22:44:35.509168+00,2026-07-21 22:44:35.509168+00,fallback,NULL,legit,0.85,NULL,NULL,NULL,2026-07-21 22:44:16.018547+00
3850e406-4e25-48c4-b921-ffd574e49700,d45471d1-f61f-48ee-8dbb-1a2953c19279,0.36470967368730345,pending_review,DESKTOP-4PDKLKG,2026-07-21 18:10:33.663679+00,2026-07-21 18:10:33.824866+00,2026-07-21 18:10:33.824866+00,bedrock_reasoning,NULL,escalate,0.7,NULL,NULL,NULL,2026-07-21 18:09:28.992652+00
38686297-643e-40ff-95ce-cd1a378f4ef4,e6b60acc-2686-41a2-90a7-7fe37cf89a11,0.6722481163201278,pending_review,DESKTOP-4PDKLKG,2026-07-21 21:35:48.738379+00,2026-07-21 21:35:48.885987+00,2026-07-21 21:35:48.885987+00,bedrock_reasoning,NULL,escalate,0.8,NULL,NULL,NULL,2026-07-21 21:32:31.85621+00
39a17a6b-9abe-4275-a33b-4d9072eac708,9a1421ca-d7ea-4276-823f-2b4fee337f3b,0.14941317581242336,pending,NULL,NULL,NULL,NULL,NULL,NULL,NULL,NULL,NULL,NULL,NULL,2026-07-23 13:43:15.457984+00
3ad532a2-6531-4353-b632-4241f7d14774,3ca29dd4-aea2-4823-9bf7-acde3e5d8a48,0.1775128180645875,failed,MSI,2026-07-21 22:26:55.517725+00,2026-07-21 22:26:55.517725+00,2026-07-21 22:26:55.673727+00,NULL,NULL,NULL,NULL,NULL,NULL,NULL,2026-07-21 22:26:53.224055+00
3b286ffc-ae97-4228-b258-73575f28232d,98b271ee-27ad-4aa0-9b0f-b5e32759e30f,0.4404634333533405,done,test-worker,2026-07-22 20:58:17.590001+00,2026-07-22 20:58:17.776946+00,2026-07-22 20:58:17.776946+00,cleared_by_test,NULL,legit,1,NULL,NULL,NULL,2026-07-22 16:38:31.343393+00
3b6c1ffe-b7d5-4894-9242-165f67e79d1d,98f4afc9-c5f2-4b70-bf78-b0889516682b,0.5456281207550047,done,MSI,2026-07-21 22:33:09.080493+00,2026-07-21 22:33:11.89763+00,2026-07-21 22:33:11.89763+00,fallback,NULL,legit,0.85,NULL,NULL,NULL,2026-07-21 22:32:50.13029+00
3c01bcc1-f884-4abf-b888-f38b9d77ea03,f626dcfa-1143-4c21-98a2-c5743f37a937,0.13237466530512082,done,MSI,2026-07-21 22:47:45.021183+00,2026-07-21 22:47:48.180296+00,2026-07-21 22:47:48.180296+00,fallback,NULL,legit,0.85,NULL,NULL,NULL,2026-07-21 22:47:31.141639+00
3d6d720a-d54c-408d-8b4e-a8acb3533079,8239207f-45c1-4efc-b64e-97a2ff85ba73,0.42913292905943046,done,test-worker,2026-07-22 20:58:08.497667+00,2026-07-22 20:58:08.655596+00,2026-07-22 20:58:08.655596+00,cleared_by_test,NULL,legit,1,NULL,NULL,NULL,2026-07-22 14:32:45.993409+00
3e22fbbd-bb38-44b1-8c0b-53364b057a93,3454b338-d65f-4dd5-a850-95fc081bbf78,0.2771731926266622,done,DESKTOP-4PDKLKG,2026-07-21 21:35:52.293889+00,2026-07-21 21:35:52.445874+00,2026-07-21 21:35:52.445874+00,bedrock_reasoning,NULL,fraud,0.9,NULL,NULL,NULL,2026-07-21 21:32:31.85621+00
3e6115ad-6df1-43ff-9bfa-af1f9bcee606,206e14e1-6901-4478-910f-aac1589a7fb0,0.7656685878324542,done,test-worker,2026-07-22 20:58:13.938462+00,2026-07-22 20:58:14.103897+00,2026-07-22 20:58:14.103897+00,cleared_by_test,NULL,legit,1,NULL,NULL,NULL,2026-07-22 14:36:40.907574+00
3ecf3ddd-44c7-4e8b-823d-1ff8f3a31582,9b50295a-3f01-4bc3-8dc1-753a64f1c4a3,0.5185813087036865,pending_review,DESKTOP-4PDKLKG,2026-07-21 21:35:56.011945+00,2026-07-21 21:35:56.166885+00,2026-07-21 21:35:56.166885+00,bedrock_reasoning,NULL,escalate,0.8,NULL,NULL,NULL,2026-07-21 21:32:31.85621+00
3f2bf5ef-73cd-459a-8b22-071b94af56df,c733d0d6-2582-4dfd-8b3b-4824158470c4,0.7456699179271196,done,DESKTOP-4PDKLKG,2026-07-21 18:10:35.935695+00,2026-07-21 18:10:36.082823+00,2026-07-21 18:10:36.082823+00,bedrock_reasoning,NULL,fraud,0.95,NULL,NULL,NULL,2026-07-21 18:09:28.992652+00
4070b134-fccb-4934-83f0-d00a8e901703,412b25a8-9372-47ea-8d3f-5d41d0c0aa3b,0.6739772966573971,pending_review,MSI,2026-07-21 22:44:35.5532+00,2026-07-21 22:44:38.66839+00,2026-07-21 22:44:38.66839+00,fallback,NULL,escalate,0.7,NULL,NULL,NULL,2026-07-21 22:44:16.018547+00
407abdc0-d5f6-485e-bff3-88be0fffa07a,693e70a9-01bd-460f-9e8d-d554b5a872aa,0.6091600770456314,done,test-worker,2026-07-22 20:58:17.821884+00,2026-07-22 20:58:17.979951+00,2026-07-22 20:58:17.979951+00,cleared_by_test,NULL,legit,1,NULL,NULL,NULL,2026-07-22 16:38:31.343393+00
4089ed74-1dcb-4d2d-9a0c-3a092ab45c65,83cc1136-22a9-49cb-844e-ad217b517a4f,0.6533909573281029,done,MSI,2026-07-21 22:33:11.93562+00,2026-07-21 22:33:14.661595+00,2026-07-21 22:33:14.661595+00,fallback,NULL,legit,0.85,NULL,NULL,NULL,2026-07-21 22:32:50.13029+00
40c3b03e-babf-449e-ad14-d898d73bb19e,38e70bd8-5595-4dff-a8a4-33b3195997e5,0.4932792350105082,done,MSI,2026-07-21 22:41:50.788923+00,2026-07-21 22:41:52.020919+00,2026-07-21 22:41:52.020919+00,auto_approve,NULL,legit,1,NULL,NULL,NULL,2026-07-21 22:41:46.396823+00
4154940e-abbd-416a-b50f-a3f2ed2bc1da,072c0f1e-6a0f-4dc1-aeb6-fcd6aff9f8f8,0.7636553896424593,pending_review,MSI,2026-07-21 22:47:48.223281+00,2026-07-21 22:47:51.332425+00,2026-07-21 22:47:51.332425+00,fallback,NULL,escalate,0.7,NULL,NULL,NULL,2026-07-21 22:47:31.141639+00
42fa43ca-7b28-40f2-a710-8d4cbc110ca3,ef1127c6-12c8-4ccc-9f98-1b279aaeec9d,0.2509954974035769,pending,NULL,NULL,NULL,NULL,NULL,NULL,NULL,NULL,NULL,NULL,NULL,2026-07-23 13:43:15.457984+00
43220aff-b31b-46dd-b998-3aeb6307f756,29834b7c-111c-4460-81d4-dd8b339117aa,0.30705637080733006,pending,NULL,NULL,NULL,NULL,NULL,NULL,NULL,NULL,NULL,NULL,NULL,2026-07-23 13:43:15.457984+00
453b7edf-7c5d-4fc8-b763-75d218db91ad,62e91d3d-a4bf-46d9-959b-28dfc2b19a22,0.4079331740094507,investigating,2da7902b-e428-4f7a-a719-8f500a625fb1,2026-07-22 20:56:48.971102+00,2026-07-22 20:56:48.971102+00,NULL,NULL,NULL,NULL,NULL,NULL,NULL,NULL,2026-07-22 14:19:58.191138+00
45ab72f7-ddd3-4f6f-ba4f-0262dfb71c2e,fb6d5f45-c503-4c93-a39e-d212672ffe66,0.5673346072965252,pending_review,MSI,2026-07-21 22:44:38.709437+00,2026-07-21 22:44:41.851413+00,2026-07-21 22:44:41.851413+00,fallback,NULL,escalate,0.7,NULL,NULL,NULL,2026-07-21 22:44:16.018547+00
45d86cc9-1fb9-4464-a1ac-e40bb67a4719,0d1deeb1-eceb-4793-9524-fbb67c786fb5,0.6319194743334471,pending_review,MSI,2026-07-21 22:47:51.373493+00,2026-07-21 22:47:54.301541+00,2026-07-21 22:47:54.301541+00,fallback,NULL,escalate,0.7,NULL,NULL,NULL,2026-07-21 22:47:31.141639+00
46a7218d-59ab-440a-8c49-5bba909f32f4,695b8bd8-67a3-4dd1-b3e1-7f466368ca40,0.10756290361883879,done,MSI,2026-07-21 22:33:14.702556+00,2026-07-21 22:33:17.46734+00,2026-07-21 22:33:17.46734+00,fallback,NULL,legit,0.85,NULL,NULL,NULL,2026-07-21 22:32:50.13029+00
474ab9c6-4634-4b1d-a30d-3ccfc037b18a,9599be25-e8c3-44ed-ba2b-e603cf3bb6f7,0.3915738552400039,failed,MSI,2026-07-21 22:31:06.94994+00,2026-07-21 22:31:06.94994+00,2026-07-21 22:31:08.170754+00,NULL,NULL,NULL,NULL,NULL,NULL,NULL,2026-07-21 22:30:54.237167+00
47b75997-61b0-4854-b28c-a1fd61836ba7,2df848fb-b1f0-4bc5-959f-77bf5982877a,0.5579439158217598,failed,MSI,2026-07-21 22:31:08.213059+00,2026-07-21 22:31:08.213059+00,2026-07-21 22:31:09.427465+00,NULL,NULL,NULL,NULL,NULL,NULL,NULL,2026-07-21 22:30:54.237167+00
47cdc2e5-9000-4713-b760-90aa7a5d5877,354bf567-295b-4880-9ee0-88a84305a59e,0.6546929250167209,done,DESKTOP-4PDKLKG,2026-07-21 18:10:38.184676+00,2026-07-21 18:10:38.33802+00,2026-07-21 18:10:38.33802+00,bedrock_reasoning,NULL,fraud,0.8,NULL,NULL,NULL,2026-07-21 18:09:28.992652+00
484ab97f-473a-4b5f-9e3d-4131e8af90fe,e7b335c9-905d-44fc-b9bb-5ce711f4abf1,0.6621127585593153,done,MSI,2026-07-22 08:29:59.428745+00,2026-07-22 08:30:05.06079+00,2026-07-22 08:30:05.06079+00,bedrock_reasoning,NULL,fraud,0.9,NULL,NULL,NULL,2026-07-21 22:51:18.519516+00
485abd90-1be8-40f2-9b8e-04ed9a9e1a13,0a473afe-ac4a-42a1-8d33-da385c1dd399,0.422245388283931,done,DESKTOP-4PDKLKG,2026-07-21 21:35:59.86357+00,2026-07-21 21:36:00.012599+00,2026-07-21 21:36:00.012599+00,bedrock_reasoning,NULL,fraud,0.9,NULL,NULL,NULL,2026-07-21 21:32:31.85621+00
48666dde-3d86-4240-a47f-2bd60869bb6f,4d594beb-c86e-446c-90fb-b61fb0f08bd3,0.7567061908520089,investigating,3d89cf79-a52e-4e32-b126-b8be25472465,2026-07-22 20:56:48.972823+00,2026-07-22 20:56:48.972823+00,NULL,NULL,NULL,NULL,NULL,NULL,NULL,NULL,2026-07-22 14:19:58.191138+00
489d41d4-29ab-4743-aaa1-b89adbdc3df3,fb453a14-3ca9-4eed-8c06-2e5a1cce6b54,0.52,pending_review,MSI,2026-07-21 22:44:41.895405+00,2026-07-21 22:44:44.934357+00,2026-07-21 22:44:44.934357+00,fallback,NULL,escalate,0.7,NULL,NULL,NULL,2026-07-21 22:44:16.018547+00
492edbf0-cf59-4cec-8150-bfec17d7f31e,9203480d-f576-48cd-9156-0c887cbe4a17,0.3061401228770285,done,MSI,2026-07-21 22:41:52.062929+00,2026-07-21 22:41:53.325017+00,2026-07-21 22:41:53.325017+00,auto_approve,NULL,legit,1,NULL,NULL,NULL,2026-07-21 22:41:46.396823+00
49b22ae8-05eb-445f-903e-af9edf5e0110,865b3657-f3eb-4492-94dc-0916df5ac1ae,0.11712187125088486,investigating,ecc8b7a8-e7dc-44a8-af59-2a9f2bca67e7,2026-07-22 20:56:48.975392+00,2026-07-22 20:56:48.975392+00,NULL,NULL,NULL,NULL,NULL,NULL,NULL,NULL,2026-07-22 14:19:58.191138+00
4ab47df9-2adc-4397-8866-f786b53355c1,01d13985-fd25-4982-9cc9-487a429703a2,0.6315875535615709,failed,MSI,2026-07-21 22:31:09.466382+00,2026-07-21 22:31:09.466382+00,2026-07-21 22:31:10.698185+00,NULL,NULL,NULL,NULL,NULL,NULL,NULL,2026-07-21 22:30:54.237167+00
4be7584c-c67d-4876-b58a-ca012fc34146,d65204b9-21c2-41ba-a529-eb7a79cc5222,0.3522594568709836,done,MSI,2026-07-21 22:47:54.345392+00,2026-07-21 22:47:57.313499+00,2026-07-21 22:47:57.313499+00,fallback,NULL,legit,0.85,NULL,NULL,NULL,2026-07-21 22:47:31.141639+00
4be7b836-661b-408f-9e40-183d6d1fedde,e626d65e-05f5-4b1d-a88a-91035ac50eb4,0.2897537780466669,done,MSI,2026-07-21 22:47:57.355533+00,2026-07-21 22:48:00.396743+00,2026-07-21 22:48:00.396743+00,fallback,NULL,legit,0.85,NULL,NULL,NULL,2026-07-21 22:47:31.141639+00
4ced609f-91b6-448f-91dc-a86fcfa424f6,583f7e76-c327-4a3a-a659-4871a08840ee,0.32771797886233084,pending_review,DESKTOP-4PDKLKG,2026-07-21 21:36:03.961165+00,2026-07-21 21:36:04.112132+00,2026-07-21 21:36:04.112132+00,bedrock_reasoning,NULL,escalate,0.8,NULL,NULL,NULL,2026-07-21 21:32:31.85621+00
4d340990-757f-4b3a-a75f-72d818adbb56,34bd444b-484e-44f6-a91f-3873c795c305,0.6988370383032791,done,DESKTOP-4PDKLKG,2026-07-21 18:10:40.30699+00,2026-07-21 18:10:40.457985+00,2026-07-21 18:10:40.457985+00,bedrock_reasoning,NULL,fraud,0.9,NULL,NULL,NULL,2026-07-21 18:09:28.992652+00
4d79cd30-b04b-4f9c-a0ed-6174c01486d6,9cf75352-347e-4c95-8643-7bd21de2ca70,0.32979463852178026,done,test-worker,2026-07-22 20:58:18.028381+00,2026-07-22 20:58:18.198877+00,2026-07-22 20:58:18.198877+00,cleared_by_test,NULL,legit,1,NULL,NULL,NULL,2026-07-22 16:38:31.343393+00
4ea3e5bd-ca91-4b1d-870f-a6249733c2b7,401b4b1b-385e-4118-b546-872629e0f7af,0.27235353508189264,done,MSI,2026-07-21 22:41:53.364988+00,2026-07-21 22:41:54.567469+00,2026-07-21 22:41:54.567469+00,auto_approve,NULL,legit,1,NULL,NULL,NULL,2026-07-21 22:41:46.396823+00
4f93ced0-8559-4391-8a3d-7024e389a675,1db6d2a0-6f91-4a3e-b1b0-b160bc861451,0.38960025811056365,failed,MSI,2026-07-21 22:31:10.737386+00,2026-07-21 22:31:10.737386+00,2026-07-21 22:31:11.944239+00,NULL,NULL,NULL,NULL,NULL,NULL,NULL,2026-07-21 22:30:54.237167+00
5022a9f7-13ab-4aa4-a651-b14b63e3e6bf,2d6997c5-74ca-472f-a937-64f671c6b231,0.20117845287857888,done,test-worker,2026-07-22 20:58:08.708818+00,2026-07-22 20:58:08.886644+00,2026-07-22 20:58:08.886644+00,cleared_by_test,NULL,legit,1,NULL,NULL,NULL,2026-07-22 14:32:45.993409+00
50991cf4-1e81-40b2-a18f-29759782db18,f285638b-768d-457f-9a2f-a4226386f4e9,0.4867856049465161,done,MSI,2026-07-21 22:40:21.051537+00,2026-07-21 22:40:22.242459+00,2026-07-21 22:40:22.242459+00,auto_approve,NULL,legit,1,NULL,NULL,NULL,2026-07-21 22:40:05.378452+00
50ec765f-d1b6-4e17-a31d-7e0623c87cd5,7efc3a03-6d37-4a47-9fde-90908a2b0934,0.5760308948540906,done,MSI,2026-07-21 22:33:17.511809+00,2026-07-21 22:33:20.34684+00,2026-07-21 22:33:20.34684+00,fallback,NULL,legit,0.85,NULL,NULL,NULL,2026-07-21 22:32:50.13029+00
51a84d47-855d-4c4d-9549-b2cec58387ad,1ca75f3d-b751-42bd-a13d-bb8e640fcdf7,0.7229650258352822,done,DESKTOP-4PDKLKG,2026-07-21 18:10:42.48432+00,2026-07-21 18:10:42.635144+00,2026-07-21 18:10:42.635144+00,bedrock_reasoning,NULL,fraud,0.8,NULL,NULL,NULL,2026-07-21 18:09:28.992652+00
51e2ea90-092c-473e-8ee2-4b91590ae5d8,8370f64f-2ddc-4d56-abed-99b6f1348028,0.7703188390091116,investigating,8d2b6db8-1c3f-4ed9-aa13-166297114e43,2026-07-22 20:56:48.977556+00,2026-07-22 20:56:48.977556+00,NULL,NULL,NULL,NULL,NULL,NULL,NULL,NULL,2026-07-22 14:19:58.191138+00
52b370c2-d4ee-4c03-82b5-532142bb9aad,b8ad0c6a-28e9-4307-9a53-12c93663f143,0.7562944094943091,failed,MSI,2026-07-21 22:25:11.008956+00,2026-07-21 22:25:11.008956+00,2026-07-21 22:25:11.159974+00,NULL,NULL,NULL,NULL,NULL,NULL,NULL,2026-07-21 22:25:08.220254+00
54309a31-9e45-449f-b08b-43f86cb65a01,87195c6f-9ce4-441b-bf45-531103b5a317,0.4561203386870001,failed,MSI,2026-07-21 22:26:55.712879+00,2026-07-21 22:26:55.712879+00,2026-07-21 22:26:55.875771+00,NULL,NULL,NULL,NULL,NULL,NULL,NULL,2026-07-21 22:26:53.224055+00
552c1ea4-76c4-42d3-a24c-df273df98a2d,4b9b2321-6f0c-449a-af0a-8c40f85a43d7,0.52,pending,NULL,NULL,NULL,NULL,NULL,NULL,NULL,NULL,NULL,NULL,NULL,2026-07-23 13:43:15.457984+00
555dfac2-8ca3-487d-b142-4a9d756c69a8,98e6dda4-b19f-4de7-8be5-af4cdc6e1168,0.7400971046694498,investigating,test-worker,2026-07-22 20:56:50.023419+00,2026-07-22 20:56:50.023419+00,NULL,NULL,NULL,NULL,NULL,NULL,NULL,NULL,2026-07-22 14:19:58.191138+00
558a6311-c922-4463-b233-3c4494458e15,9913f22c-d854-4d6e-aedc-cbf9b0211d23,0.16838121291504046,pending_review,DESKTOP-4PDKLKG,2026-07-21 21:36:09.975519+00,2026-07-21 21:36:10.121463+00,2026-07-21 21:36:10.121463+00,bedrock_reasoning,NULL,escalate,0.8,NULL,NULL,NULL,2026-07-21 21:32:31.85621+00
55a51175-975c-4818-b466-7f39880f07f4,cf000bdd-9e9a-4e74-af5f-34c9810a283c,0.39855051246909023,done,MSI,2026-07-21 22:33:20.385871+00,2026-07-21 22:33:23.077794+00,2026-07-21 22:33:23.077794+00,fallback,NULL,legit,0.85,NULL,NULL,NULL,2026-07-21 22:32:50.13029+00
5642b13f-85ae-4877-8a6e-0720a5810dae,09d732cb-2f21-4f5a-89c5-96487d9f46a1,0.7820141056142869,done,MSI,2026-07-21 22:33:23.117842+00,2026-07-21 22:33:25.804953+00,2026-07-21 22:33:25.804953+00,fallback,NULL,legit,0.85,NULL,NULL,NULL,2026-07-21 22:32:50.13029+00
571ffedc-eedc-4320-aeb9-20ca8899e3da,9f2ea584-9d4f-4e1d-ad17-22e7ed38b266,0.3692607129393217,done,MSI,2026-07-21 22:33:25.842834+00,2026-07-21 22:33:28.561283+00,2026-07-21 22:33:28.561283+00,fallback,NULL,legit,0.85,NULL,NULL,NULL,2026-07-21 22:32:50.13029+00
57548f53-3034-4c11-b94a-5b7726319194,d951abf0-6e6d-4f76-89e8-ebdaf17dc2d5,0.6672451448160849,pending_review,DESKTOP-4PDKLKG,2026-07-21 21:36:13.924718+00,2026-07-21 21:36:14.080435+00,2026-07-21 21:36:14.080435+00,bedrock_reasoning,NULL,escalate,0.8,NULL,NULL,NULL,2026-07-21 21:32:31.85621+00
5843b8a1-cf26-4403-89d6-a22e18f2aa6c,e9b9f4fc-dbc5-4a65-a891-6fe137334d42,0.7630579238422788,done,DESKTOP-4PDKLKG,2026-07-21 21:36:17.911649+00,2026-07-21 21:36:18.066584+00,2026-07-21 21:36:18.066584+00,bedrock_reasoning,NULL,fraud,0.85,NULL,NULL,NULL,2026-07-21 21:32:31.85621+00
584d634a-9900-4d10-8d92-ff5ddf1ee26b,bc61ba50-6546-4ffd-8cd1-4e3eedfb4b9c,0.4265832058105318,done,DESKTOP-4PDKLKG,2026-07-21 18:10:44.721978+00,2026-07-21 18:10:44.885234+00,2026-07-21 18:10:44.885234+00,bedrock_reasoning,NULL,fraud,0.9,NULL,NULL,NULL,2026-07-21 18:09:28.992652+00
58882105-1ef0-4151-b8e1-7f88f5c77d87,22ba6192-4ed3-4c76-8447-13386e234813,0.6113407560872826,failed,MSI,2026-07-21 22:31:11.984661+00,2026-07-21 22:31:11.984661+00,2026-07-21 22:31:13.177295+00,NULL,NULL,NULL,NULL,NULL,NULL,NULL,2026-07-21 22:30:54.237167+00
5ba5291c-9135-4560-9024-c65f2729af93,cff07d47-066a-4852-9c2e-02e6c9bb0164,0.5590775856220896,done,test-worker,2026-07-22 20:58:08.934118+00,2026-07-22 20:58:09.092662+00,2026-07-22 20:58:09.092662+00,cleared_by_test,NULL,legit,1,NULL,NULL,NULL,2026-07-22 14:32:45.993409+00
5bd97f80-7e05-4fe9-9a46-a6b954339361,27b2b169-8e70-4d09-b945-2085cd58feb3,0.3111885212077653,done,test-worker,2026-07-22 20:58:18.241065+00,2026-07-22 20:58:18.395881+00,2026-07-22 20:58:18.395881+00,cleared_by_test,NULL,legit,1,NULL,NULL,NULL,2026-07-22 16:38:31.343393+00
5c5fad22-0798-44ee-a8c3-c591e828b8de,5d9feed1-bba4-43e7-9395-deae55e1b582,0.5793562567044217,pending,NULL,NULL,NULL,NULL,NULL,NULL,NULL,NULL,NULL,NULL,NULL,2026-07-23 13:43:15.457984+00
5c77a10d-be79-4e8f-8589-e965772e7355,fa0b01d8-ee78-48e4-8974-38edd57ad818,0.32973775281568096,done,MSI,2026-07-21 22:41:54.607981+00,2026-07-21 22:41:55.872852+00,2026-07-21 22:41:55.872852+00,auto_approve,NULL,legit,1,NULL,NULL,NULL,2026-07-21 22:41:46.396823+00
5cb5e789-dfe4-4836-8abe-36a9462ec1ee,9445a675-8241-464a-927b-8a07f4169e44,0.43711577465662277,done,test-worker,2026-07-22 20:58:18.439139+00,2026-07-22 20:58:18.602874+00,2026-07-22 20:58:18.602874+00,cleared_by_test,NULL,legit,1,NULL,NULL,NULL,2026-07-22 16:38:31.343393+00
5dc10c87-faf4-4bb7-9021-18526f9b82e9,ce6dad21-be6d-499f-ab47-9213469f3530,0.6228761022791401,done,test-worker,2026-07-22 20:58:14.147913+00,2026-07-22 20:58:14.318026+00,2026-07-22 20:58:14.318026+00,cleared_by_test,NULL,legit,1,NULL,NULL,NULL,2026-07-22 14:36:40.907574+00
5e4dc41e-b19c-4979-97ae-17dd9cdc721e,79d16f57-5665-4062-83f9-d763adade871,0.5524366705443873,failed,MSI,2026-07-21 22:26:55.91975+00,2026-07-21 22:26:55.91975+00,2026-07-21 22:26:56.104706+00,NULL,NULL,NULL,NULL,NULL,NULL,NULL,2026-07-21 22:26:53.224055+00
5f4df2bc-9dcd-4709-b674-2a4f2786c1a7,126982c2-328f-4ec5-8aa9-1ec688a6b6c5,0.26255743332144654,done,MSI,2026-07-21 22:41:55.913982+00,2026-07-21 22:41:57.131052+00,2026-07-21 22:41:57.131052+00,auto_approve,NULL,legit,1,NULL,NULL,NULL,2026-07-21 22:41:46.396823+00
612b0627-5be6-4a86-9657-7b5219d962fc,7a0dd502-2f78-4be4-9937-d1affdcd3a77,0.7694185720438556,pending_review,MSI,2026-07-21 22:48:00.439741+00,2026-07-21 22:48:03.458017+00,2026-07-21 22:48:03.458017+00,fallback,NULL,escalate,0.7,NULL,NULL,NULL,2026-07-21 22:47:31.141639+00
612e07f9-591b-49b9-9e6e-7daed5b8ae42,9a559506-2b9f-4cc5-b42b-c60ca9549ea4,0.1967151484540507,done,MSI,2026-07-21 22:40:22.283503+00,2026-07-21 22:40:23.490423+00,2026-07-21 22:40:23.490423+00,auto_approve,NULL,legit,1,NULL,NULL,NULL,2026-07-21 22:40:05.378452+00
61b5293c-07d9-4bf3-b717-5f2a7980d5b9,aa7f1823-7dc3-41a3-adcc-569f17f2a0b3,0.11824777000169993,done,MSI,2026-07-21 22:44:44.975396+00,2026-07-21 22:44:47.963391+00,2026-07-21 22:44:47.963391+00,fallback,NULL,legit,0.85,NULL,NULL,NULL,2026-07-21 22:44:16.018547+00
627fd86b-269a-449f-9b45-d5a8d8073bc8,c2355b89-0096-48b4-aeb4-2b6dca2e7142,0.5,done,MSI,2026-07-21 22:40:23.533455+00,2026-07-21 22:40:24.791425+00,2026-07-21 22:40:24.791425+00,auto_approve,NULL,legit,1,NULL,NULL,NULL,2026-07-21 22:40:05.378452+00
63369d29-998c-4cac-834c-7565db89c5fd,337a2d38-868b-450e-8477-0e9433a4efeb,0.1581433248947941,done,MSI,2026-07-21 22:40:24.834494+00,2026-07-21 22:40:26.073406+00,2026-07-21 22:40:26.073406+00,auto_approve,NULL,legit,1,NULL,NULL,NULL,2026-07-21 22:40:05.378452+00
63733301-2a30-4d78-a93a-b015c315ab43,36735ea8-d737-4061-8fca-e344bae1d5b0,0.6737657905129496,done,MSI,2026-07-21 22:40:26.116415+00,2026-07-21 22:40:27.336401+00,2026-07-21 22:40:27.336401+00,auto_approve,NULL,legit,1,NULL,NULL,NULL,2026-07-21 22:40:05.378452+00
6400e308-286a-4a05-a054-3e27fb56d6f7,c4a0e0e4-9ec8-47dc-9097-21ec4df5d9e9,0.5535894013965423,pending_review,DESKTOP-4PDKLKG,2026-07-21 18:10:46.991371+00,2026-07-21 18:10:47.134225+00,2026-07-21 18:10:47.134225+00,bedrock_reasoning,NULL,escalate,0.75,NULL,NULL,NULL,2026-07-21 18:09:28.992652+00
649884a5-07bf-4d36-bb8c-24b0179e5e64,eee19db8-fd44-481f-b654-49d439b5c503,0.34184836770261917,done,MSI,2026-07-21 22:41:57.181728+00,2026-07-21 22:41:58.385019+00,2026-07-21 22:41:58.385019+00,auto_approve,NULL,legit,1,NULL,NULL,NULL,2026-07-21 22:41:46.396823+00
64fd6a6c-0e92-4ef3-aba8-30336b7c8a93,e8b7a389-a931-46ef-be63-0a69d0b651a0,0.3912711292117158,done,test-worker,2026-07-22 20:58:09.142077+00,2026-07-22 20:58:09.298717+00,2026-07-22 20:58:09.298717+00,cleared_by_test,NULL,legit,1,NULL,NULL,NULL,2026-07-22 14:32:45.993409+00
65542567-88e1-4b6e-bfa9-f4dd81116aa6,324c1d78-f345-4535-962b-1442f54e1ac3,0.7487465353035618,done,test-worker,2026-07-22 20:58:14.364124+00,2026-07-22 20:58:14.525083+00,2026-07-22 20:58:14.525083+00,cleared_by_test,NULL,legit,1,NULL,NULL,NULL,2026-07-22 14:36:40.907574+00
66908b6a-c464-44a1-9db5-7935925a01d5,55270c0e-8c0a-4941-a001-754b0648cdc2,0.4691410785912984,done,MSI,2026-07-21 22:48:03.501036+00,2026-07-21 22:48:06.462752+00,2026-07-21 22:48:06.462752+00,fallback,NULL,legit,0.85,NULL,NULL,NULL,2026-07-21 22:47:31.141639+00
6704a373-615f-436d-9b3d-144c2015a12d,4956a08b-36b3-4972-b0a8-8c498d5ed340,0.5190643808232293,pending_review,DESKTOP-4PDKLKG,2026-07-21 18:10:49.272244+00,2026-07-21 18:10:49.416489+00,2026-07-21 18:10:49.416489+00,bedrock_reasoning,NULL,escalate,0.8,NULL,NULL,NULL,2026-07-21 18:09:28.992652+00
671072aa-42d6-42b7-8232-1336520998db,9eeebaab-db7f-453b-8f3f-fadeb761dbe6,0.52,done,test-worker,2026-07-22 20:58:18.648977+00,2026-07-22 20:58:18.816076+00,2026-07-22 20:58:18.816076+00,cleared_by_test,NULL,legit,1,NULL,NULL,NULL,2026-07-22 16:38:31.343393+00
676d2bd9-ed31-4dab-813d-94e10c762517,a4840460-ae81-46d5-969e-cf47f7cfcee0,0.37742223069343395,done,MSI,2026-07-21 22:41:58.425171+00,2026-07-21 22:41:59.699264+00,2026-07-21 22:41:59.699264+00,auto_approve,NULL,legit,1,NULL,NULL,NULL,2026-07-21 22:41:46.396823+00
68338117-459f-47f2-93c3-1a5198ccdfc5,8dce8f98-bc5e-43ca-b9ed-4a8cfbfd201f,0.653973452131886,done,DESKTOP-4PDKLKG,2026-07-21 18:10:51.451347+00,2026-07-21 18:10:51.598285+00,2026-07-21 18:10:51.598285+00,bedrock_reasoning,NULL,fraud,0.9,NULL,NULL,NULL,2026-07-21 18:09:28.992652+00
686553b2-3f66-4d38-92a5-cb72d7a61de2,938d8fe6-f0cb-4856-afbf-c850d50b61e1,0.620447584480586,pending_review,MSI,2026-07-21 22:48:06.502855+00,2026-07-21 22:48:09.561991+00,2026-07-21 22:48:09.561991+00,fallback,NULL,escalate,0.7,NULL,NULL,NULL,2026-07-21 22:47:31.141639+00
695dc624-8c27-455c-a6b1-ca9fc6660477,e5dd3968-fa79-4167-95de-9f143e0561ca,0.495662623393043,done,MSI,2026-07-21 22:40:27.383401+00,2026-07-21 22:40:28.665808+00,2026-07-21 22:40:28.665808+00,auto_approve,NULL,legit,1,NULL,NULL,NULL,2026-07-21 22:40:05.378452+00
69e4321d-b98d-47fc-81a7-26a5389c6b0d,6fa90e58-cf6d-41fa-848f-22f218b3e8ff,0.2727557589942855,failed,MSI,2026-07-21 22:31:13.21817+00,2026-07-21 22:31:13.21817+00,2026-07-21 22:31:16.19424+00,NULL,NULL,NULL,NULL,NULL,NULL,NULL,2026-07-21 22:30:54.237167+00
69f777ec-6297-4593-8c54-2c0500afd645,08358333-5e28-4896-a7ae-63ba2df26745,0.22804868495955546,done,test-worker,2026-07-22 20:58:14.576872+00,2026-07-22 20:58:14.734215+00,2026-07-22 20:58:14.734215+00,cleared_by_test,NULL,legit,1,NULL,NULL,NULL,2026-07-22 14:36:40.907574+00
6abc8bb8-697f-4bc1-8b45-bcbd3a01fa2b,41e98cce-a8f7-465b-8962-523a593b8261,0.3687347065994091,done,test-worker,2026-07-22 20:58:05.889588+00,2026-07-22 20:58:06.178556+00,2026-07-22 20:58:06.178556+00,cleared_by_test,NULL,legit,1,NULL,NULL,NULL,2026-07-22 14:19:58.191138+00
6b84d2a0-73d4-468d-91db-59a5b4ce30c6,86047fed-81c6-4fd9-affb-f414716e7fa4,0.16229534020167538,failed,MSI,2026-07-21 22:25:11.204325+00,2026-07-21 22:25:11.204325+00,2026-07-21 22:25:11.361093+00,NULL,NULL,NULL,NULL,NULL,NULL,NULL,2026-07-21 22:25:08.220254+00
6b9e6f76-0f5c-49ca-b1ac-ee4dd38c7ddf,664dee6b-40ae-4276-b2c1-0a9554e4a842,0.5145557840352527,failed,MSI,2026-07-21 22:26:56.145709+00,2026-07-21 22:26:56.145709+00,2026-07-21 22:26:56.301749+00,NULL,NULL,NULL,NULL,NULL,NULL,NULL,2026-07-21 22:26:53.224055+00
6c3b52ce-38ec-4604-8e15-70963f5d8b63,fddebbb2-b1a1-4d5a-a91f-6387d188a7bd,0.32115318163293294,done,test-worker,2026-07-22 20:58:06.221678+00,2026-07-22 20:58:06.375788+00,2026-07-22 20:58:06.375788+00,cleared_by_test,NULL,legit,1,NULL,NULL,NULL,2026-07-22 14:19:58.191138+00
6c9eb58b-4d0f-4cdb-9916-f10ae2452c68,055ccc44-cd47-4fce-b57c-27e2cea87390,0.52,pending_review,MSI,2026-07-21 22:48:09.603223+00,2026-07-21 22:48:12.503984+00,2026-07-21 22:48:12.503984+00,fallback,NULL,escalate,0.7,NULL,NULL,NULL,2026-07-21 22:47:31.141639+00
6cc0e092-dec5-43b2-bf81-272a3945d84a,e71676cd-c999-4166-bd8c-690e27bcea36,0.1747571203705247,done,test-worker,2026-07-22 20:58:18.859847+00,2026-07-22 20:58:19.012075+00,2026-07-22 20:58:19.012075+00,cleared_by_test,NULL,legit,1,NULL,NULL,NULL,2026-07-22 16:38:31.343393+00
6e652cb4-196c-4cac-9ccf-0cb91ef53a61,a5d2cd13-69c0-433b-b4bb-c0df0878b3e2,0.37917103725574364,done,test-worker,2026-07-22 20:58:14.777993+00,2026-07-22 20:58:14.930974+00,2026-07-22 20:58:14.930974+00,cleared_by_test,NULL,legit,1,NULL,NULL,NULL,2026-07-22 14:36:40.907574+00
6f7d5957-1451-4632-ad42-f1d9f1bafd8f,47699f1a-048f-410e-85b9-4b61467e8c87,0.4603925732620032,done,test-worker,2026-07-22 20:58:06.419679+00,2026-07-22 20:58:06.581606+00,2026-07-22 20:58:06.581606+00,cleared_by_test,NULL,legit,1,NULL,NULL,NULL,2026-07-22 14:19:58.191138+00
7081199c-b780-4949-9bb2-b2191bf3a191,517bd64a-c0ac-4924-9fad-a5d05dffc311,0.1954632718178418,done,MSI,2026-07-21 22:40:28.708741+00,2026-07-21 22:40:30.009101+00,2026-07-21 22:40:30.009101+00,auto_approve,NULL,legit,1,NULL,NULL,NULL,2026-07-21 22:40:05.378452+00
71a1bb86-2a71-4d9d-87c1-4656439b997f,1e34109a-43ad-4d8c-9270-ca56d1915180,0.3584841547317382,done,MSI,2026-07-21 22:33:28.601077+00,2026-07-21 22:33:31.296079+00,2026-07-21 22:33:31.296079+00,fallback,NULL,legit,0.85,NULL,NULL,NULL,2026-07-21 22:32:50.13029+00
71eff728-ce7e-41c0-8275-47154c0cb0d3,22291610-850e-45bb-9858-806b7e91591d,0.168068064283169,done,test-worker,2026-07-22 20:58:14.975037+00,2026-07-22 20:58:15.126978+00,2026-07-22 20:58:15.126978+00,cleared_by_test,NULL,legit,1,NULL,NULL,NULL,2026-07-22 14:36:40.907574+00
72601b5f-581d-4148-bc35-c8c4752ec9e2,4311c18f-8b06-4ab2-83cd-d492b83f2487,0.7926127269433867,failed,MSI,2026-07-21 22:25:11.406009+00,2026-07-21 22:25:11.406009+00,2026-07-21 22:25:11.555941+00,NULL,NULL,NULL,NULL,NULL,NULL,NULL,2026-07-21 22:25:08.220254+00
73594625-47f1-4463-9cc0-2344eba12abc,d234c618-3b6f-4cb5-a907-952a689d8dd3,0.7869701157282075,done,DESKTOP-4PDKLKG,2026-07-21 21:36:21.476088+00,2026-07-21 21:36:21.621174+00,2026-07-21 21:36:21.621174+00,bedrock_reasoning,NULL,fraud,0.9,NULL,NULL,NULL,2026-07-21 21:32:31.85621+00
7481ab37-125a-460c-b34c-753ce7abd508,e3e233d1-47aa-4cb1-b5af-ca135e61d788,0.4842348905776912,pending_review,MSI,2026-07-22 08:30:05.118275+00,2026-07-22 08:30:08.991191+00,2026-07-22 08:30:08.991191+00,bedrock_reasoning,NULL,escalate,0.8,NULL,NULL,NULL,2026-07-21 22:51:18.519516+00
750966bc-1b03-423b-a7e0-c9a0fa373268,2ce8582e-0adf-47de-a4b4-265f72ae1ba2,0.22768561011189417,done,MSI,2026-07-21 22:33:31.335099+00,2026-07-21 22:33:33.986107+00,2026-07-21 22:33:33.986107+00,fallback,NULL,legit,0.85,NULL,NULL,NULL,2026-07-21 22:32:50.13029+00
75948516-39f8-4ed6-9312-fade9882bf65,389a8017-d0b5-4f9b-b90c-33e1b8e1cc84,0.2835676988268464,done,test-worker,2026-07-22 20:58:09.343707+00,2026-07-22 20:58:09.501697+00,2026-07-22 20:58:09.501697+00,cleared_by_test,NULL,legit,1,NULL,NULL,NULL,2026-07-22 14:32:45.993409+00
75e57422-f7a3-47d5-90be-48d76661582a,481b0d34-0968-4dc5-9723-558b1ce8cc51,0.5402043223455065,done,test-worker,2026-07-22 20:58:19.054842+00,2026-07-22 20:58:19.206847+00,2026-07-22 20:58:19.206847+00,cleared_by_test,NULL,legit,1,NULL,NULL,NULL,2026-07-22 16:38:31.343393+00
7602a1d8-7ce8-43c2-8cf6-26350963c9d4,d04d02f8-e7af-44aa-8e7c-aee1da0c749c,0.48144571167433914,done,MSI,2026-07-21 22:48:12.546065+00,2026-07-21 22:48:15.443037+00,2026-07-21 22:48:15.443037+00,fallback,NULL,legit,0.85,NULL,NULL,NULL,2026-07-21 22:47:31.141639+00
762b80b4-3ab8-4d81-bb07-aed923d0d996,3794e4ac-c1a3-482a-ae09-141058a7dd66,0.22307085407670613,pending,NULL,NULL,NULL,NULL,NULL,NULL,NULL,NULL,NULL,NULL,NULL,2026-07-23 13:43:15.457984+00
76983106-605b-45b6-b1c6-f211c49ad459,f088f7c1-e924-47b4-aebf-acd8b6f48954,0.22699724015574835,done,test-worker,2026-07-22 20:58:19.249876+00,2026-07-22 20:58:19.413423+00,2026-07-22 20:58:19.413423+00,cleared_by_test,NULL,legit,1,NULL,NULL,NULL,2026-07-22 16:38:31.343393+00
773555d0-5956-4289-8f9d-7561df2012bd,d7b5520b-5f82-497c-81f9-5c4056f1c564,0.11280982784487055,failed,MSI,2026-07-21 22:31:16.23425+00,2026-07-21 22:31:16.23425+00,2026-07-21 22:31:17.443351+00,NULL,NULL,NULL,NULL,NULL,NULL,NULL,2026-07-21 22:30:54.237167+00
776719eb-4e75-403a-8d02-204d3f5c4a2a,239e8f26-715e-4e37-b3cf-554356634a6b,0.29662077586069446,done,test-worker,2026-07-22 20:58:09.547636+00,2026-07-22 20:58:09.706888+00,2026-07-22 20:58:09.706888+00,cleared_by_test,NULL,legit,1,NULL,NULL,NULL,2026-07-22 14:32:45.993409+00
77c34de6-de3d-4f4f-b65f-437dcea4106f,e5d0cc10-822e-4be1-84f9-435520bc5690,0.547308872491551,done,test-worker,2026-07-22 20:58:09.752949+00,2026-07-22 20:58:09.921918+00,2026-07-22 20:58:09.921918+00,cleared_by_test,NULL,legit,1,NULL,NULL,NULL,2026-07-22 14:32:45.993409+00
783483a7-424c-4980-8a18-1c36226bde4d,360608ea-7510-4df5-9a71-0aadf6210d52,0.5,pending,NULL,NULL,NULL,NULL,NULL,NULL,NULL,NULL,NULL,NULL,NULL,2026-07-23 13:43:15.457984+00
79206cd0-7cef-4d06-a40c-ce2420519730,ee4816b6-0b70-4340-abb9-79ddc06e26cf,0.7124689479740911,done,MSI,2026-07-21 22:40:30.054639+00,2026-07-21 22:40:31.326688+00,2026-07-21 22:40:31.326688+00,auto_approve,NULL,legit,1,NULL,NULL,NULL,2026-07-21 22:40:05.378452+00
79a46f88-d916-4ec8-ba1b-3e243cfa6949,462c02ff-ce12-4c16-8514-af68d8d7a72c,0.5607826495928088,done,test-worker,2026-07-22 20:58:09.968914+00,2026-07-22 20:58:10.144204+00,2026-07-22 20:58:10.144204+00,cleared_by_test,NULL,legit,1,NULL,NULL,NULL,2026-07-22 14:32:45.993409+00
79fbfbd8-e76a-4673-9ddb-754b30134666,4630b505-e8f4-49d9-87eb-4a3effb84738,0.2798224404546682,failed,MSI,2026-07-21 22:31:17.48125+00,2026-07-21 22:31:17.48125+00,2026-07-21 22:31:18.717537+00,NULL,NULL,NULL,NULL,NULL,NULL,NULL,2026-07-21 22:30:54.237167+00
7a767bfa-87ef-45bd-9b6b-1d0c4ff4ba32,7be639cc-fad7-4113-bbbd-9c894dd5dd47,0.5363551545688093,failed,MSI,2026-07-21 22:25:11.593986+00,2026-07-21 22:25:11.593986+00,2026-07-21 22:25:11.747272+00,NULL,NULL,NULL,NULL,NULL,NULL,NULL,2026-07-21 22:25:08.220254+00
7aa4fadc-b607-40f1-b89e-b3fed6ad50b2,ab28946e-d0d9-4275-bde7-fe3b040ea5c0,0.4489748208842613,done,test-worker,2026-07-22 20:58:06.626573+00,2026-07-22 20:58:06.783642+00,2026-07-22 20:58:06.783642+00,cleared_by_test,NULL,legit,1,NULL,NULL,NULL,2026-07-22 14:19:58.191138+00
7c3512ca-4e8f-4a21-96af-edde45255887,c3454dbb-278e-42d4-a78f-44fa05817626,0.19575875908786777,done,DESKTOP-4PDKLKG,2026-07-21 18:10:53.740255+00,2026-07-21 18:10:53.894303+00,2026-07-21 18:10:53.894303+00,bedrock_reasoning,NULL,fraud,0.9,NULL,NULL,NULL,2026-07-21 18:09:28.992652+00
7f0db9a8-3731-48a4-80c3-618436e5ed88,409efb72-b4d1-4088-b53b-409daaf19eec,0.12194188049013799,done,MSI,2026-07-22 08:30:09.048567+00,2026-07-22 08:30:15.030675+00,2026-07-22 08:30:15.030675+00,bedrock_reasoning,NULL,fraud,0.9,NULL,NULL,NULL,2026-07-21 22:51:18.519516+00
804187a8-9b91-4139-ba35-21aaddecb1bb,6088e14a-ad6a-4917-9fdc-b12d64148f8e,0.625981881569943,failed,MSI,2026-07-21 22:25:11.786022+00,2026-07-21 22:25:11.786022+00,2026-07-21 22:25:11.936995+00,NULL,NULL,NULL,NULL,NULL,NULL,NULL,2026-07-21 22:25:08.220254+00
805a7b5a-b6e1-4afb-940f-f0abc12d8d16,f79aed58-ec42-462e-89d6-0cf8a9a29caa,0.2751708254019872,failed,MSI,2026-07-21 22:31:18.75653+00,2026-07-21 22:31:18.75653+00,2026-07-21 22:31:20.016493+00,NULL,NULL,NULL,NULL,NULL,NULL,NULL,2026-07-21 22:30:54.237167+00
81df581e-291c-4f64-b4b9-0149ea5fdb85,b781bf61-644f-4251-bc09-ff9390a3ccd5,0.38872485204587615,done,MSI,2026-07-21 22:41:59.740227+00,2026-07-21 22:42:01.013058+00,2026-07-21 22:42:01.013058+00,auto_approve,NULL,legit,1,NULL,NULL,NULL,2026-07-21 22:41:46.396823+00
8303448e-c52b-4d0c-8179-fceab012983f,329160d7-4684-446f-a879-db1fecc4bcd2,0.258998587316176,failed,MSI,2026-07-21 22:25:11.977177+00,2026-07-21 22:25:11.977177+00,2026-07-21 22:25:12.144019+00,NULL,NULL,NULL,NULL,NULL,NULL,NULL,2026-07-21 22:25:08.220254+00
8487df93-ea58-4a54-b9b8-2228012093fb,0a18afb3-d74b-41d8-97a7-45153bcf4e64,0.49023754785058304,done,MSI,2026-07-21 22:44:48.006938+00,2026-07-21 22:44:51.048742+00,2026-07-21 22:44:51.048742+00,fallback,NULL,legit,0.85,NULL,NULL,NULL,2026-07-21 22:44:16.018547+00
87ac54c3-487c-4663-9285-b9ba84d4db6f,14debaec-6fb5-47ba-a1d0-106904279acb,0.52,done,test-worker,2026-07-22 20:58:10.186077+00,2026-07-22 20:58:10.352933+00,2026-07-22 20:58:10.352933+00,cleared_by_test,NULL,legit,1,NULL,NULL,NULL,2026-07-22 14:32:45.993409+00
87d53705-b5a2-4077-8861-c7fbd6f5ced0,9d550ee2-f0fa-4d4f-b152-fc201725ad26,0.52,failed,MSI,2026-07-21 22:26:56.341701+00,2026-07-21 22:26:56.341701+00,2026-07-21 22:26:56.488938+00,NULL,NULL,NULL,NULL,NULL,NULL,NULL,2026-07-21 22:26:53.224055+00
8967f62d-bc38-4366-989e-5f240ce16fe3,50ff4c4a-6304-4c5a-aa31-563d5c900596,0.40618844761080075,failed,MSI,2026-07-21 22:25:12.184018+00,2026-07-21 22:25:12.184018+00,2026-07-21 22:25:12.335069+00,NULL,NULL,NULL,NULL,NULL,NULL,NULL,2026-07-21 22:25:08.220254+00
89fa9f17-8e85-459a-8cf1-c57d724d6b8d,4029972b-b7b7-40c1-a224-d40f65f8e1cd,0.530141843038366,pending_review,MSI,2026-07-22 08:30:15.084372+00,2026-07-22 08:30:19.209552+00,2026-07-22 08:30:19.209552+00,bedrock_reasoning,NULL,escalate,0.7,NULL,NULL,NULL,2026-07-21 22:51:18.519516+00
8ad962ad-4a12-4753-8be4-0afe8bd4108a,da6337a5-2a24-4817-868f-774dcc9960af,0.2863007152167352,done,MSI,2026-07-21 22:48:15.484082+00,2026-07-21 22:48:18.564933+00,2026-07-21 22:48:18.564933+00,fallback,NULL,legit,0.85,NULL,NULL,NULL,2026-07-21 22:47:31.141639+00
8c02fc35-3ef6-4177-8343-c6c8c8919913,dd4eb314-10c3-4f9c-bb81-43541edf4a20,0.27383776179166736,done,MSI,2026-07-21 22:42:01.055263+00,2026-07-21 22:42:02.302219+00,2026-07-21 22:42:02.302219+00,auto_approve,NULL,legit,1,NULL,NULL,NULL,2026-07-21 22:41:46.396823+00
8fdcff98-34a1-4ca1-afd2-271223e61c64,ec8eb601-0340-436c-ab4c-2ff5e0773505,0.5,failed,MSI,2026-07-21 22:25:12.374014+00,2026-07-21 22:25:12.374014+00,2026-07-21 22:25:12.523069+00,NULL,NULL,NULL,NULL,NULL,NULL,NULL,2026-07-21 22:25:08.220254+00
91474627-83ac-4361-8c5f-4fcfb55a0c7d,fa0e475a-ede5-421e-ad93-3fcf6ffb4a41,0.6356254459656117,pending_review,MSI,2026-07-21 22:44:51.093666+00,2026-07-21 22:44:54.111705+00,2026-07-21 22:44:54.111705+00,fallback,NULL,escalate,0.7,NULL,NULL,NULL,2026-07-21 22:44:16.018547+00
91dffa2f-d68e-47b3-ac73-35159a3fe43c,e7ac080a-ee90-4a4f-a4a4-8fdf6a4a2966,0.7707211402057778,done,MSI,2026-07-21 22:40:31.371149+00,2026-07-21 22:40:32.576655+00,2026-07-21 22:40:32.576655+00,auto_approve,NULL,legit,1,NULL,NULL,NULL,2026-07-21 22:40:05.378452+00
935601b7-c185-49ee-820b-f1aad7e50767,21b7fd35-4abe-4eeb-85db-5fe814194167,0.6769652054792227,done,test-worker,2026-07-22 20:58:06.827632+00,2026-07-22 20:58:06.980645+00,2026-07-22 20:58:06.980645+00,cleared_by_test,NULL,legit,1,NULL,NULL,NULL,2026-07-22 14:19:58.191138+00
94fbbf64-dc59-44f7-9eeb-395457b3cac0,91b97e80-d7e2-45a3-b0fc-b85b6d8cc36f,0.6384498293392368,done,test-worker,2026-07-22 20:58:15.169882+00,2026-07-22 20:58:15.325894+00,2026-07-22 20:58:15.325894+00,cleared_by_test,NULL,legit,1,NULL,NULL,NULL,2026-07-22 14:36:40.907574+00
9528e139-4673-4aa1-8bd5-9131d82715dc,c446c678-db71-4d8e-b018-55634b8afd34,0.6111499415162067,done,test-worker,2026-07-22 20:58:19.459912+00,2026-07-22 20:58:19.618933+00,2026-07-22 20:58:19.618933+00,cleared_by_test,NULL,legit,1,NULL,NULL,NULL,2026-07-22 16:38:31.343393+00
953048c9-6d9e-4b8b-80e9-fd5679822214,24670b40-309a-4d03-84f9-d9c4edbad922,0.5278934473032393,done,test-worker,2026-07-22 20:58:07.028921+00,2026-07-22 20:58:07.192627+00,2026-07-22 20:58:07.192627+00,cleared_by_test,NULL,legit,1,NULL,NULL,NULL,2026-07-22 14:19:58.191138+00
96a84f67-3da2-4b38-b805-81ccf32614e8,c29e482a-9f57-4b4a-b9be-10d62142c954,0.30312776394775126,done,test-worker,2026-07-22 20:58:19.668303+00,2026-07-22 20:58:19.830473+00,2026-07-22 20:58:19.830473+00,cleared_by_test,NULL,legit,1,NULL,NULL,NULL,2026-07-22 16:38:31.343393+00
96fe5b12-eab1-44b2-8347-cf574d919cbb,e8df688f-acc1-4669-a74c-40ec6dd91dda,0.1228925036843947,done,DESKTOP-4PDKLKG,2026-07-21 18:10:55.871445+00,2026-07-21 18:10:56.048332+00,2026-07-21 18:10:56.048332+00,bedrock_reasoning,NULL,fraud,0.9,NULL,NULL,NULL,2026-07-21 18:09:28.992652+00
990be00a-7d92-43a7-8cf3-e4713678d66d,d6d25a3e-8c6b-42ec-9a9a-12f86e60d4ae,0.6099320104824594,failed,MSI,2026-07-21 22:26:56.527789+00,2026-07-21 22:26:56.527789+00,2026-07-21 22:26:56.682729+00,NULL,NULL,NULL,NULL,NULL,NULL,NULL,2026-07-21 22:26:53.224055+00
9911b20d-9ccf-41bd-bbbd-0a2cbafa88d8,f82897f4-b1c2-4cac-a9fd-731dab4bf77f,0.30737129457273205,pending_review,DESKTOP-4PDKLKG,2026-07-21 21:36:25.27082+00,2026-07-21 21:36:25.416678+00,2026-07-21 21:36:25.416678+00,bedrock_reasoning,NULL,escalate,0.8,NULL,NULL,NULL,2026-07-21 21:32:31.85621+00
99c54401-e294-4022-839e-76355f8f743f,05063537-38fa-4cc1-8fe7-6dd501b79092,0.14808604082089594,done,test-worker,2026-07-22 20:58:15.374896+00,2026-07-22 20:58:15.541874+00,2026-07-22 20:58:15.541874+00,cleared_by_test,NULL,legit,1,NULL,NULL,NULL,2026-07-22 14:36:40.907574+00
99ebaaac-62ef-40f8-8222-33f000586b3d,001d5585-5d34-46ea-b0c6-da55bf32888c,0.6452931957589322,done,MSI,2026-07-21 22:42:02.343567+00,2026-07-21 22:42:03.603764+00,2026-07-21 22:42:03.603764+00,auto_approve,NULL,legit,1,NULL,NULL,NULL,2026-07-21 22:41:46.396823+00
9b8be977-61a5-4208-b8d0-37fa74b744cb,a95f6c43-e982-405e-8496-9739d3a6268b,0.7485146237762417,done,MSI,2026-07-21 22:42:03.646592+00,2026-07-21 22:42:04.833304+00,2026-07-21 22:42:04.833304+00,auto_approve,NULL,legit,1,NULL,NULL,NULL,2026-07-21 22:41:46.396823+00
9bd3fd67-c69b-4b57-ad98-ae7701373498,70519eb5-44e6-4152-8870-72b62d781b38,0.6700686564401996,done,MSI,2026-07-22 08:30:19.266003+00,2026-07-22 08:30:23.222764+00,2026-07-22 08:30:23.222764+00,bedrock_reasoning,NULL,fraud,0.8,NULL,NULL,NULL,2026-07-21 22:51:18.519516+00
9c445fc4-319c-468e-8a83-a6c923e8a6b0,7ef74459-c9bd-4724-b23e-fa47a9103bca,0.6365644424140805,pending_review,MSI,2026-07-21 22:44:54.153727+00,2026-07-21 22:44:57.09063+00,2026-07-21 22:44:57.09063+00,fallback,NULL,escalate,0.7,NULL,NULL,NULL,2026-07-21 22:44:16.018547+00
9e5064b5-e3b0-44fe-87ef-5f4771670dd9,2d485b6f-1cc1-44c2-94c9-1c65f3ae49dd,0.776451178869226,done,MSI,2026-07-21 22:40:32.618618+00,2026-07-21 22:40:33.817693+00,2026-07-21 22:40:33.817693+00,auto_approve,NULL,legit,1,NULL,NULL,NULL,2026-07-21 22:40:05.378452+00
9e7ce8a7-98ca-4ef8-a77e-86547f0454b2,1c959660-a0ef-409d-9aa9-59801d1e2b7c,0.5,pending_review,MSI,2026-07-21 22:44:57.13168+00,2026-07-21 22:45:00.166075+00,2026-07-21 22:45:00.166075+00,fallback,NULL,escalate,0.7,NULL,NULL,NULL,2026-07-21 22:44:16.018547+00
9ebd1b67-d541-45f5-8d9e-dfeef30af4f4,a9e90ae3-9a98-4e21-bb07-ff6934266019,0.4506196738199518,done,MSI,2026-07-21 22:40:33.867712+00,2026-07-21 22:40:35.119668+00,2026-07-21 22:40:35.119668+00,auto_approve,NULL,legit,1,NULL,NULL,NULL,2026-07-21 22:40:05.378452+00
9ec2ab65-9ebb-4a36-bf65-bf7b50ad2fe3,8c4f7406-59ce-4342-abe0-b54173e043d6,0.5,done,test-worker,2026-07-22 20:58:10.395894+00,2026-07-22 20:58:10.555984+00,2026-07-22 20:58:10.555984+00,cleared_by_test,NULL,legit,1,NULL,NULL,NULL,2026-07-22 14:32:45.993409+00
a06a6e3d-3419-45d9-9964-9dbad2a132f4,2b3d8d4e-19bb-4edc-986a-8ec20de94af3,0.5747475272845466,done,test-worker,2026-07-22 20:58:10.60004+00,2026-07-22 20:58:10.766858+00,2026-07-22 20:58:10.766858+00,cleared_by_test,NULL,legit,1,NULL,NULL,NULL,2026-07-22 14:32:45.993409+00
a0877b3a-f8d3-4399-b630-85ed939a49b1,438310b2-5417-45ca-981c-93813f764e3d,0.611329229723862,failed,MSI,2026-07-21 22:26:56.7227+00,2026-07-21 22:26:56.7227+00,2026-07-21 22:26:56.87515+00,NULL,NULL,NULL,NULL,NULL,NULL,NULL,2026-07-21 22:26:53.224055+00
a10f5cba-b5a0-4e3b-8c52-45fc633a8a4e,e94a8af8-f57a-4052-b576-5bd728a8030c,0.742977001926349,pending_review,MSI,2026-07-21 22:45:00.210474+00,2026-07-21 22:45:03.662013+00,2026-07-21 22:45:03.662013+00,fallback,NULL,escalate,0.7,NULL,NULL,NULL,2026-07-21 22:44:16.018547+00
a15d0c92-b83e-4ed4-bea4-49f5265c4286,b66a2552-7b0a-408d-93d2-5cbe445b6039,0.560714124414331,done,MSI,2026-07-21 22:33:34.025095+00,2026-07-21 22:33:36.771177+00,2026-07-21 22:33:36.771177+00,fallback,NULL,legit,0.85,NULL,NULL,NULL,2026-07-21 22:32:50.13029+00
a20b6fe4-ef0f-4468-bcfc-02402fcf7352,654a41ac-ae80-45a4-93b1-d45130c9ab91,0.5507143868837361,done,MSI,2026-07-21 22:42:04.874465+00,2026-07-21 22:42:06.115294+00,2026-07-21 22:42:06.115294+00,auto_approve,NULL,legit,1,NULL,NULL,NULL,2026-07-21 22:41:46.396823+00
a254e42a-fe91-4df5-b6bb-c97bf2a7d637,af9c9be8-a537-4a05-8262-904ccdf686a6,0.1811643462297775,done,test-worker,2026-07-22 20:58:19.873137+00,2026-07-22 20:58:20.034336+00,2026-07-22 20:58:20.034336+00,cleared_by_test,NULL,legit,1,NULL,NULL,NULL,2026-07-22 16:38:31.343393+00
a2c786e3-90ad-4c35-93ea-c00e55fd6b73,c59f6dc6-e368-4b11-b08b-f39b6809aba1,0.36231757108763063,failed,MSI,2026-07-21 22:25:12.569861+00,2026-07-21 22:25:12.569861+00,2026-07-21 22:25:12.71808+00,NULL,NULL,NULL,NULL,NULL,NULL,NULL,2026-07-21 22:25:08.220254+00
a313374e-79ff-46ef-befe-4fd97dca9575,fa7e4b6b-a2e9-49c9-8b29-3d412233f752,0.3231976184731579,pending_review,MSI,2026-07-22 08:30:23.395056+00,2026-07-22 08:30:27.729892+00,2026-07-22 08:30:27.729892+00,bedrock_reasoning,NULL,escalate,0.8,NULL,NULL,NULL,2026-07-21 22:51:18.519516+00
a36e0c56-36fc-441a-904a-619c7216b8e7,84e6d375-4554-4254-a6e9-e9c2a90a9ab3,0.4969509985069056,done,MSI,2026-07-21 22:40:35.162589+00,2026-07-21 22:40:36.556683+00,2026-07-21 22:40:36.556683+00,auto_approve,NULL,legit,1,NULL,NULL,NULL,2026-07-21 22:40:05.378452+00
a4c002ef-3c8a-464e-8acc-b93f61d38f7d,5f3b0a84-0182-490a-a5df-62121e169ba7,0.5000575189276986,done,test-worker,2026-07-22 20:58:10.81404+00,2026-07-22 20:58:10.975868+00,2026-07-22 20:58:10.975868+00,cleared_by_test,NULL,legit,1,NULL,NULL,NULL,2026-07-22 14:32:45.993409+00
a5a263ce-1dd0-4a10-ba0b-ba7416ab7506,919c4f99-e9e0-475d-bc2e-e1bab9d32027,0.5479540353540814,pending_review,DESKTOP-4PDKLKG,2026-07-21 21:36:29.153019+00,2026-07-21 21:36:29.30212+00,2026-07-21 21:36:29.30212+00,bedrock_reasoning,NULL,escalate,0.6,NULL,NULL,NULL,2026-07-21 21:32:31.85621+00
a5c28509-1e19-4c5d-bab9-4306873f2594,2f92c951-9237-4011-a2d1-9b8d1c3d40b6,0.3125142510670907,done,test-worker,2026-07-22 20:58:15.58313+00,2026-07-22 20:58:15.739884+00,2026-07-22 20:58:15.739884+00,cleared_by_test,NULL,legit,1,NULL,NULL,NULL,2026-07-22 14:36:40.907574+00
a6999b21-6cca-4166-9459-4cb3496d8df3,fd6eca1b-6ec7-4894-8ec0-458204e3b111,0.7537363145050802,pending_review,MSI,2026-07-21 22:45:03.703749+00,2026-07-21 22:45:06.726251+00,2026-07-21 22:45:06.726251+00,fallback,NULL,escalate,0.7,NULL,NULL,NULL,2026-07-21 22:44:16.018547+00
a6bf4eea-0ded-4abe-9668-d694e87078c7,4aa0841a-addb-4b86-b1b3-993910f80338,0.779424307398453,done,MSI,2026-07-22 08:30:27.784553+00,2026-07-22 08:30:31.975141+00,2026-07-22 08:30:31.975141+00,bedrock_reasoning,NULL,fraud,0.9,NULL,NULL,NULL,2026-07-21 22:51:18.519516+00
a71ce6fe-0ddd-4b17-a612-93ef69ae3e56,86b3fd3b-4dd4-4405-a42d-02d63178d043,0.6451616876445291,done,test-worker,2026-07-22 20:58:07.236659+00,2026-07-22 20:58:07.397918+00,2026-07-22 20:58:07.397918+00,cleared_by_test,NULL,legit,1,NULL,NULL,NULL,2026-07-22 14:19:58.191138+00
a7341231-a723-4945-9696-6a5d7a4b559c,7520bb02-a2dc-486a-9e78-0cc1679ae039,0.5380985927661679,pending_review,DESKTOP-4PDKLKG,2026-07-21 18:11:03.088928+00,2026-07-21 18:11:03.259971+00,2026-07-21 18:11:03.259971+00,bedrock_reasoning,NULL,escalate,0.8,NULL,NULL,NULL,2026-07-21 18:09:28.992652+00
a7d06a54-fef6-4b53-abe3-3b8617199fb9,e3e9c01a-fdbb-441a-8c03-420793a4ac49,0.22729303278989682,done,test-worker,2026-07-22 20:58:11.021889+00,2026-07-22 20:58:11.180818+00,2026-07-22 20:58:11.180818+00,cleared_by_test,NULL,legit,1,NULL,NULL,NULL,2026-07-22 14:32:45.993409+00
a92a2f97-1257-4ab8-a1b2-d2c197588cd7,8cf3bf64-562a-430b-b7a8-8ebc3819e9f9,0.5,done,DESKTOP-4PDKLKG,2026-07-21 18:10:20.103924+00,2026-07-21 18:10:20.372518+00,2026-07-21 18:10:20.372518+00,bedrock_reasoning,NULL,escalate,0.8,thuan,2026-07-22 16:40:22.666984+00,approved,2026-07-21 18:09:28.599733+00
ab90e769-55a7-4866-b7bc-65a967e9d22e,4791a5e2-9c32-4b14-86e2-f8acfb427c40,0.7870401960484696,done,MSI,2026-07-22 14:21:44.588252+00,2026-07-22 14:21:49.568678+00,2026-07-22 14:21:49.568678+00,done,"{""mcp_result"": [{""amount"": 554026.99, ""arrived_at"": ""2026-07-22T14:19:57.048314Z"", ""confidence"": null, ""id"": ""8d942285-5280-48de-8f44-d8ddc7849883"", ""risk_score"": 1.1865068649807853E-10, ""risk_tier"": ""low"", ""type"": ""TRANSFER"", ""verdict"": null}, {""amount"": 554026.99, ""arrived_at"": ""2026-07-21T22:51:18.176483Z"", ""confidence"": null, ""id"": ""4791a5e2-9c32-4b14-86e2-f8acfb427c40"", ""risk_score"": 0.7870401960484696, ""risk_tier"": ""medium"", ""type"": ""TRANSFER"", ""verdict"": null}, {""amount"": 554026.99, ""arrived_at"": ""2026-07-21T22:51:18.176483Z"", ""confidence"": null, ""id"": ""8a149006-4baa-4031-b89d-202e4029ed94"", ""risk_score"": 1.1865068649807853E-10, ""risk_tier"": ""low"", ""type"": ""TRANSFER"", ""verdict"": null}, {""amount"": 554026.99, ""arrived_at"": ""2026-07-21T22:47:30.768623Z"", ""confidence"": null, ""id"": ""39fde90a-577f-47c5-ab79-5060180bab62"", ""risk_score"": 1.1865068649807853E-10, ""risk_tier"": ""low"", ""type"": ""TRANSFER"", ""verdict"": null}, {""amount"": 554026.99, ""arrived_at"": ""2026-07-21T22:47:30.768623Z"", ""confidence"": 0.85, ""id"": ""d65204b9-21c2-41ba-a529-eb7a79cc5222"", ""risk_score"": 0.3522594568709836, ""risk_tier"": ""medium"", ""type"": ""TRANSFER"", ""verdict"": ""legit""}], ""partial_reasoning"": ""The transaction has a high risk score of 0.787, and the destination account has a large positive error balance of 1133312.55, indicating a potential balance wipe, which is a common fraud pattern."", ""retry_count"": 0, ""top_k_cases"": [{""ConfidenceAvg"": 0.8, ""Distance"": 0.23081872553153515, ""ID"": ""5d5db38e-c9f6-4e8e-ac79-32f8c0416377"", ""KeySignals"": [""balance_wipe""], ""PatternType"": ""balance_wipe"", ""RecallCount"": 55, ""Salience"": 2, ""Summary"": ""type=TRANSFER amount=181.00 error_orig=0.00 error_dest=181.00. Verdict: ESCALATE. The transaction has a risk score in the 0.30-0.60 range and has uncertain signals with non-zero error balances on both the originating and destination accounts, matching the criteria for escalation."", ""Verdict"": ""escalate""}, {""ConfidenceAvg"": 0.9, ""Distance"": 0.279071602710656, ""ID"": ""9802a0b6-d291-45dc-89f2-9d0fb1a09def"", ""KeySignals"": [""dest_no_update""], ""PatternType"": ""dest_no_update"", ""RecallCount"": 45, ""Salience"": 2, ""Summary"": ""type=TRANSFER amount=77957.68 error_orig=77957.68 error_dest=150624.03. Verdict: FRAUD. The transaction has a high risk score of 0.793, and the destination account has a large positive error balance of 150624.03, indicating a potential balance wipe, which is a common fraud pattern."", ""Verdict"": ""fraud""}]}",fraud,0.9,NULL,NULL,NULL,2026-07-21 22:51:18.519516+00
abf11ee1-5607-46e4-876f-6184bb8483ce,03520f78-e9e5-4501-974f-ddb03040c37a,0.459999321764038,pending_review,MSI,2026-07-22 14:20:41.511671+00,2026-07-22 14:20:51.293858+00,2026-07-22 14:20:51.293858+00,done,"{""mcp_result"": [{""amount"": 47458.86, ""arrived_at"": ""2026-07-22T14:19:57.048314Z"", ""confidence"": null, ""id"": ""d8289dac-068b-4970-b2e4-057110384724"", ""risk_score"": 0.000002844415348590701, ""risk_tier"": ""low"", ""type"": ""CASH_OUT"", ""verdict"": null}, {""amount"": 47458.86, ""arrived_at"": ""2026-07-21T22:51:18.176483Z"", ""confidence"": null, ""id"": ""03520f78-e9e5-4501-974f-ddb03040c37a"", ""risk_score"": 0.459999321764038, ""risk_tier"": ""medium"", ""type"": ""CASH_OUT"", ""verdict"": null}, {""amount"": 47458.86, ""arrived_at"": ""2026-07-21T22:51:18.176483Z"", ""confidence"": null, ""id"": ""7afc970f-27c0-4361-9f21-2324b7e7c625"", ""risk_score"": 0.000002844415348590701, ""risk_tier"": ""low"", ""type"": ""CASH_OUT"", ""verdict"": null}, {""amount"": 47458.86, ""arrived_at"": ""2026-07-21T22:47:30.768623Z"", ""confidence"": 0.85, ""id"": ""da6337a5-2a24-4817-868f-774dcc9960af"", ""risk_score"": 0.2863007152167352, ""risk_tier"": ""medium"", ""type"": ""CASH_OUT"", ""verdict"": ""legit""}, {""amount"": 47458.86, ""arrived_at"": ""2026-07-21T22:47:30.768623Z"", ""confidence"": null, ""id"": ""62796fd7-1031-490a-b32d-ae341537e697"", ""risk_score"": 0.000002844415348590701, ""risk_tier"": ""low"", ""type"": ""CASH_OUT"", ""verdict"": null}], ""partial_reasoning"": ""The transaction has a risk score within the 0.30-0.60 range and the error balances suggest uncertain signals, requiring further investigation."", ""retry_count"": 0, ""top_k_cases"": [{""ConfidenceAvg"": 0.8, ""Distance"": 0.2715199909446224, ""ID"": ""40bb5dc1-8c58-4547-84d9-315dbdf76150"", ""KeySignals"": [""dest_no_update""], ""PatternType"": ""dest_no_update"", ""RecallCount"": 43, ""Salience"": 2, ""Summary"": ""type=CASH_OUT amount=82940.31 error_orig=79922.44 error_dest=165447.95. Verdict: ESCALATE. The transaction has a risk score between 0.30 and 0.60, and the error balances suggest uncertain signals, requiring further investigation."", ""Verdict"": ""escalate""}, {""ConfidenceAvg"": 0.95, ""Distance"": 0.27446278225522214, ""ID"": ""09e3e463-ebca-45a6-a4f3-4207be20d8ee"", ""KeySignals"": [""dest_no_update""], ""PatternType"": ""dest_no_update"", ""RecallCount"": 41, ""Salience"": 2, ""Summary"": ""type=CASH_OUT amount=11648.50 error_orig=11648.50 error_dest=-698794.41. Verdict: FRAUD. The transaction has a high risk score of 0.511 and a large error balance of -698,794.41 for the destination account, indicating a likely fraudulent activity."", ""Verdict"": ""fraud""}, {""ConfidenceAvg"": 0.8, ""Distance"": 0.2971534437877126, ""ID"": ""128f0c79-b6c8-4552-991d-d68f91686f02"", ""KeySignals"": [""dest_no_update""], ""PatternType"": ""dest_no_update"", ""RecallCount"": 33, ""Salience"": 2, ""Summary"": ""type=CASH_OUT amount=56953.90 error_orig=55011.88 error_dest=63100.72. Verdict: FRAUD. The transaction has a high risk score of 0.298, and the error balance for the destination account is significantly high at $63,100.72, indicating a likely fraudulent activity."", ""Verdict"": ""fraud""}]}",escalate,0.8,NULL,NULL,NULL,2026-07-21 22:51:18.519516+00
ac14dfed-5b55-4efd-bec7-554dcaf34ffd,f3a87cf3-a9cf-4a8a-be51-5d1851d18083,0.19203175513893583,done,MSI,2026-07-21 22:40:36.598703+00,2026-07-21 22:40:37.854712+00,2026-07-21 22:40:37.854712+00,auto_approve,NULL,legit,1,NULL,NULL,NULL,2026-07-21 22:40:05.378452+00
ac6ba604-c9dc-46d9-b0fc-54691cda04ff,362deec3-a7b7-4d66-b69d-22b8eda553a1,0.4174446710890892,done,MSI,2026-07-21 22:45:06.765983+00,2026-07-21 22:45:09.790159+00,2026-07-21 22:45:09.790159+00,fallback,NULL,legit,0.85,NULL,NULL,NULL,2026-07-21 22:44:16.018547+00
acd5d2eb-47d1-4a5e-9ac2-5b0376623a80,57ad477b-3bfa-4b53-9e98-28cb37abe932,0.3682806672058946,done,DESKTOP-4PDKLKG,2026-07-21 21:36:33.258067+00,2026-07-21 21:36:33.74305+00,2026-07-21 21:36:33.74305+00,bedrock_reasoning,NULL,fraud,0.8,NULL,NULL,NULL,2026-07-21 21:32:31.85621+00
acf17ac8-deee-406a-85fb-fa4632e9fb67,0247aee3-f37a-45d0-b9ce-54fc27809eb7,0.3346405742497742,done,MSI,2026-07-21 22:40:37.895679+00,2026-07-21 22:40:39.106039+00,2026-07-21 22:40:39.106039+00,auto_approve,NULL,legit,1,NULL,NULL,NULL,2026-07-21 22:40:05.378452+00
adce1956-4fab-4450-a6b2-a13305b08edb,4ea44b43-eb0e-4cee-9fb2-b1e2a2113da8,0.41108764683205246,done,test-worker,2026-07-22 20:58:07.44267+00,2026-07-22 20:58:07.611755+00,2026-07-22 20:58:07.611755+00,cleared_by_test,NULL,legit,1,NULL,NULL,NULL,2026-07-22 14:19:58.191138+00
ae020f43-9796-43ab-98c4-5c93e2560169,067290dc-5944-4b9e-b330-a69cf57073ac,0.7296496493655538,failed,MSI,2026-07-21 22:25:12.760024+00,2026-07-21 22:25:12.760024+00,2026-07-21 22:25:12.918022+00,NULL,NULL,NULL,NULL,NULL,NULL,NULL,2026-07-21 22:25:08.220254+00
af80e8b7-0433-4e81-9044-d74c50659939,439bbafb-7bf8-4cb0-a46e-1f6a55d4f211,0.52,done,DESKTOP-4PDKLKG,2026-07-21 18:10:24.033428+00,2026-07-21 18:10:24.186795+00,2026-07-21 18:10:24.186795+00,bedrock_reasoning,NULL,escalate,0.7,han,2026-07-22 17:28:02.686058+00,approved,2026-07-21 18:09:28.599733+00
afa06ed4-d795-4d42-9ff2-7f99e608280b,2b49bd82-1829-49b1-a348-66b50d079b75,0.2871372722884661,failed,MSI,2026-07-21 22:26:56.913728+00,2026-07-21 22:26:56.913728+00,2026-07-21 22:26:57.063742+00,NULL,NULL,NULL,NULL,NULL,NULL,NULL,2026-07-21 22:26:53.224055+00
b00985de-1442-4ee8-ada0-0b43ff155c98,c7993ed3-0aae-4f04-b0cb-43ba00a1d6c1,0.41379934072650015,done,MSI,2026-07-21 22:33:36.812055+00,2026-07-21 22:33:39.44338+00,2026-07-21 22:33:39.44338+00,fallback,NULL,legit,0.85,NULL,NULL,NULL,2026-07-21 22:32:50.13029+00
b239d0f5-6cbc-45d4-94a8-eb5e84e51aaf,93adf1ce-973f-4073-9e67-19a49bd920ed,0.3760631333950758,done,MSI,2026-07-21 22:48:18.609559+00,2026-07-21 22:48:21.528347+00,2026-07-21 22:48:21.528347+00,fallback,NULL,legit,0.85,NULL,NULL,NULL,2026-07-21 22:47:31.141639+00
b23f9523-b6d3-436e-8bf0-36060adf212d,660ebb31-71bf-4769-bf2e-4eb273a18ec3,0.7116278373734135,failed,MSI,2026-07-21 22:31:20.057648+00,2026-07-21 22:31:20.057648+00,2026-07-21 22:31:21.279478+00,NULL,NULL,NULL,NULL,NULL,NULL,NULL,2026-07-21 22:30:54.237167+00
b3a368f5-669d-413e-890a-279324e236ae,d3b442d6-9d1a-427e-ab21-1441c95d4501,0.513584731381673,done,MSI,2026-07-21 22:33:39.482333+00,2026-07-21 22:33:42.260609+00,2026-07-21 22:33:42.260609+00,fallback,NULL,legit,0.85,NULL,NULL,NULL,2026-07-21 22:32:50.13029+00
b4a3fba7-33ea-43f3-b3e7-0dfcf924e0f1,3cb44565-81a2-4a82-bd14-8f4307af3076,0.605247071635169,pending,NULL,NULL,NULL,NULL,NULL,NULL,NULL,NULL,NULL,NULL,NULL,2026-07-23 13:43:15.457984+00
b527b373-b275-4eb5-8e1d-3e4c00941468,6c547a75-bc85-47c9-9450-b00ef2aecdca,0.6010062227722087,pending_review,MSI,2026-07-21 22:45:09.830338+00,2026-07-21 22:45:12.924497+00,2026-07-21 22:45:12.924497+00,fallback,NULL,escalate,0.7,NULL,NULL,NULL,2026-07-21 22:44:16.018547+00
b55a3baa-10c0-4ba7-be22-feca5d1f38cf,b1390f47-c3cf-4dd5-b0ce-da7cc75016ca,0.5941916989423509,done,MSI,2026-07-21 22:33:42.302368+00,2026-07-21 22:33:45.007327+00,2026-07-21 22:33:45.007327+00,fallback,NULL,legit,0.85,NULL,NULL,NULL,2026-07-21 22:32:50.13029+00
b6465315-ac4c-47ac-964b-62a0f66e82fe,f64e2d3a-4045-4a4b-b92f-b58ba180d297,0.7299747275901156,done,test-worker,2026-07-22 20:58:20.075116+00,2026-07-22 20:58:20.241158+00,2026-07-22 20:58:20.241158+00,cleared_by_test,NULL,legit,1,NULL,NULL,NULL,2026-07-22 16:38:31.343393+00
b73629c2-9f87-4e5e-a705-1641ab0407df,14046de6-c343-46b6-8d35-0391476ced58,0.49775566887652123,done,MSI,2026-07-21 22:40:39.150046+00,2026-07-21 22:40:40.432892+00,2026-07-21 22:40:40.432892+00,auto_approve,NULL,legit,1,NULL,NULL,NULL,2026-07-21 22:40:05.378452+00
b7c04aa1-2155-4013-9542-d7eac3f32959,592bf8b2-1226-4bb4-b8d4-0fdc3d5ce695,0.22678149494714292,done,MSI,2026-07-21 22:48:21.568271+00,2026-07-21 22:48:24.427303+00,2026-07-21 22:48:24.427303+00,fallback,NULL,legit,0.85,NULL,NULL,NULL,2026-07-21 22:47:31.141639+00
b802ffc3-75f5-4181-b87c-d34ec5d6daaa,12ddb974-0b39-4681-877c-93e193076b4e,0.4886286939089237,done,MSI,2026-07-21 22:48:24.468393+00,2026-07-21 22:48:27.337286+00,2026-07-21 22:48:27.337286+00,fallback,NULL,legit,0.85,NULL,NULL,NULL,2026-07-21 22:47:31.141639+00
b8701157-e2d6-46c2-989e-cbb1a0037b1e,6defb0e6-70bb-44ae-971f-90f952a1aac3,0.2427006678797244,failed,MSI,2026-07-21 22:25:12.963004+00,2026-07-21 22:25:12.963004+00,2026-07-21 22:25:13.11192+00,NULL,NULL,NULL,NULL,NULL,NULL,NULL,2026-07-21 22:25:08.220254+00
b8ccd4fb-7dbc-4a42-b69d-ddf4286be0c3,725ec0e5-c526-462d-a4d6-0572fd8469e7,0.52,done,DESKTOP-4PDKLKG,2026-07-21 21:36:37.867457+00,2026-07-21 21:36:38.012029+00,2026-07-21 21:36:38.012029+00,bedrock_reasoning,NULL,fraud,0.8,NULL,NULL,NULL,2026-07-21 21:32:31.85621+00
b9676f86-93d4-45c6-b6f4-831eadaee633,3d34b52c-11d2-431d-a15f-6482abe4cb51,0.11442932457537099,done,test-worker,2026-07-22 20:58:20.282218+00,2026-07-22 20:58:20.443196+00,2026-07-22 20:58:20.443196+00,cleared_by_test,NULL,legit,1,NULL,NULL,NULL,2026-07-22 16:38:31.343393+00
b97b76ed-216c-4861-9457-8adf84095017,7ada43fa-ea8e-48ce-91a1-88241ffa1868,0.46531569068996703,pending_review,MSI,2026-07-22 14:21:50.220253+00,2026-07-22 14:21:54.02945+00,2026-07-22 14:21:54.02945+00,done,"{""mcp_result"": [{""amount"": 311685.89, ""arrived_at"": ""2026-07-22T14:19:57.048314Z"", ""confidence"": null, ""id"": ""54df9396-3b4a-445b-a1fe-46ca1af8a289"", ""risk_score"": 8.098261901068327E-7, ""risk_tier"": ""low"", ""type"": ""TRANSFER"", ""verdict"": null}, {""amount"": 311685.89, ""arrived_at"": ""2026-07-21T22:51:18.176483Z"", ""confidence"": null, ""id"": ""7ada43fa-ea8e-48ce-91a1-88241ffa1868"", ""risk_score"": 0.46531569068996703, ""risk_tier"": ""medium"", ""type"": ""TRANSFER"", ""verdict"": null}, {""amount"": 311685.89, ""arrived_at"": ""2026-07-21T22:51:18.176483Z"", ""confidence"": null, ""id"": ""d2ad7fb0-9c5c-4b34-8979-63775a9d86b5"", ""risk_score"": 8.098261901068327E-7, ""risk_tier"": ""low"", ""type"": ""TRANSFER"", ""verdict"": null}, {""amount"": 311685.89, ""arrived_at"": ""2026-07-21T22:47:30.768623Z"", ""confidence"": null, ""id"": ""b9b98154-90a7-45b1-952d-569a3065207f"", ""risk_score"": 8.098261901068327E-7, ""risk_tier"": ""low"", ""type"": ""TRANSFER"", ""verdict"": null}, {""amount"": 311685.89, ""arrived_at"": ""2026-07-21T22:47:30.768623Z"", ""confidence"": 0.85, ""id"": ""f626dcfa-1143-4c21-98a2-c5743f37a937"", ""risk_score"": 0.13237466530512082, ""risk_tier"": ""medium"", ""type"": ""TRANSFER"", ""verdict"": ""legit""}], ""partial_reasoning"": ""The transaction has a risk score in the 0.30-0.60 range, and there are uncertain signals with non-zero error balances on both the originating and destination accounts, matching the criteria for escalation."", ""retry_count"": 1, ""top_k_cases"": [{""ConfidenceAvg"": 0.8, ""Distance"": 0.24332872430758223, ""ID"": ""5d5db38e-c9f6-4e8e-ac79-32f8c0416377"", ""KeySignals"": [""balance_wipe""], ""PatternType"": ""balance_wipe"", ""RecallCount"": 54, ""Salience"": 2, ""Summary"": ""type=TRANSFER amount=181.00 error_orig=0.00 error_dest=181.00. Verdict: ESCALATE. The transaction has a risk score in the 0.30-0.60 range and has uncertain signals with non-zero error balances on both the originating and destination accounts, matching the criteria for escalation."", ""Verdict"": ""escalate""}, {""ConfidenceAvg"": 0.9, ""Distance"": 0.28907951246736163, ""ID"": ""9802a0b6-d291-45dc-89f2-9d0fb1a09def"", ""KeySignals"": [""dest_no_update""], ""PatternType"": ""dest_no_update"", ""RecallCount"": 44, ""Salience"": 2, ""Summary"": ""type=TRANSFER amount=77957.68 error_orig=77957.68 error_dest=150624.03. Verdict: FRAUD. The transaction has a high risk score of 0.793, and the destination account has a large positive error balance of 150624.03, indicating a potential balance wipe, which is a common fraud pattern."", ""Verdict"": ""fraud""}]}",escalate,0.9,NULL,NULL,NULL,2026-07-21 22:51:18.519516+00
b9d802a8-1ba2-4c74-ae02-460151299fd1,ba8cefe9-5644-475b-8b49-1e9fa3032400,0.5,done,test-worker,2026-07-22 20:58:20.486156+00,2026-07-22 20:58:20.636124+00,2026-07-22 20:58:20.636124+00,cleared_by_test,NULL,legit,1,NULL,NULL,NULL,2026-07-22 16:38:31.343393+00
ba5f3bbe-73c6-4264-b010-441106ef554d,ef154cbb-3c8c-4f81-a69b-6c52bb661868,0.4608240705353023,pending_review,DESKTOP-4PDKLKG,2026-07-21 21:36:42.156221+00,2026-07-21 21:36:42.302221+00,2026-07-21 21:36:42.302221+00,bedrock_reasoning,NULL,escalate,0.7,NULL,NULL,NULL,2026-07-21 21:32:31.85621+00
ba89eaf3-fae2-433e-b059-0ad58bf4a416,3df3f60f-e7e7-4cf3-9ec3-a18d2bb71754,0.5996272909856271,pending,NULL,NULL,NULL,NULL,NULL,NULL,NULL,NULL,NULL,NULL,NULL,2026-07-23 13:43:15.457984+00
bba53be4-9b85-4355-b0fd-d4975906d47f,7a4887d6-fac8-466d-820d-088a58c46342,0.5525775793715126,pending_review,MSI,2026-07-21 22:48:27.378309+00,2026-07-21 22:48:30.379623+00,2026-07-21 22:48:30.379623+00,fallback,NULL,escalate,0.7,NULL,NULL,NULL,2026-07-21 22:47:31.141639+00
bbab47d0-11d4-4b49-bc69-ae13454bc617,5c7f7476-d375-42bc-aab4-a2473d40b924,0.13035193471757842,done,test-worker,2026-07-22 20:58:20.67847+00,2026-07-22 20:58:20.836175+00,2026-07-22 20:58:20.836175+00,cleared_by_test,NULL,legit,1,NULL,NULL,NULL,2026-07-22 16:38:31.343393+00
bbc76c2a-3ec2-48bb-b2f0-a79b672654dc,4a6d1c7a-ecc1-406a-aecd-c82ee7470338,0.4981349952447801,done,test-worker,2026-07-22 20:58:15.780864+00,2026-07-22 20:58:15.932937+00,2026-07-22 20:58:15.932937+00,cleared_by_test,NULL,legit,1,NULL,NULL,NULL,2026-07-22 14:36:40.907574+00
bce91c00-b861-415d-bb02-3a4031c24d5e,8e7f5d37-c6e5-46b6-95b7-0830a826c302,0.255586207199915,done,MSI,2026-07-21 22:45:12.969227+00,2026-07-21 22:45:16.135249+00,2026-07-21 22:45:16.135249+00,fallback,NULL,legit,0.85,NULL,NULL,NULL,2026-07-21 22:44:16.018547+00
be642903-f817-4508-9ac2-2c130797ad6b,c967a299-9b90-4857-bb45-88c8efb433e6,0.28931958028782334,done,MSI,2026-07-21 22:48:30.420623+00,2026-07-21 22:48:33.245676+00,2026-07-21 22:48:33.245676+00,fallback,NULL,legit,0.85,NULL,NULL,NULL,2026-07-21 22:47:31.141639+00
beec5a4d-59a5-4eb4-902b-b26d114b1a9f,237bf4fb-2911-46e9-80d9-013aad7b6787,0.25518394686910895,done,MSI,2026-07-22 14:32:52.995983+00,2026-07-22 14:33:03.260494+00,2026-07-22 14:33:03.260494+00,done,"{""mcp_result"": [{""amount"": 82940.31, ""arrived_at"": ""2026-07-22T14:32:45.41286Z"", ""confidence"": null, ""id"": ""2eb36f00-38a1-4ca0-a279-52625635d187"", ""risk_score"": 0.273986262489881, ""risk_tier"": ""medium"", ""type"": ""CASH_OUT"", ""verdict"": null}, {""amount"": 82940.31, ""arrived_at"": ""2026-07-22T14:32:45.41286Z"", ""confidence"": null, ""id"": ""ec647164-499a-4280-991f-20137e30f39f"", ""risk_score"": 0.0000012160126061644405, ""risk_tier"": ""low"", ""type"": ""CASH_OUT"", ""verdict"": null}, {""amount"": 82940.31, ""arrived_at"": ""2026-07-22T14:19:57.048314Z"", ""confidence"": null, ""id"": ""87cdf27c-9d86-4efe-a3d6-8851864c1064"", ""risk_score"": 0.0000012160126061644405, ""risk_tier"": ""low"", ""type"": ""CASH_OUT"", ""verdict"": null}, {""amount"": 82940.31, ""arrived_at"": ""2026-07-21T22:51:18.176483Z"", ""confidence"": null, ""id"": ""14801829-9729-427a-aa54-edd8d5162f16"", ""risk_score"": 0.0000012160126061644405, ""risk_tier"": ""low"", ""type"": ""CASH_OUT"", ""verdict"": null}, {""amount"": 82940.31, ""arrived_at"": ""2026-07-21T22:51:18.176483Z"", ""confidence"": null, ""id"": ""237bf4fb-2911-46e9-80d9-013aad7b6787"", ""risk_score"": 0.25518394686910895, ""risk_tier"": ""medium"", ""type"": ""CASH_OUT"", ""verdict"": null}], ""partial_reasoning"": ""The transaction has a high risk score of 0.255, and the error balance for the destination account is significantly high at $165,447.95, indicating a likely fraudulent activity."", ""retry_count"": 0, ""top_k_cases"": [{""ConfidenceAvg"": 0.8, ""Distance"": 0.23970750197849422, ""ID"": ""128f0c79-b6c8-4552-991d-d68f91686f02"", ""KeySignals"": [""dest_no_update""], ""PatternType"": ""dest_no_update"", ""RecallCount"": 35, ""Salience"": 2, ""Summary"": ""type=CASH_OUT amount=56953.90 error_orig=55011.88 error_dest=63100.72. Verdict: FRAUD. The transaction has a high risk score of 0.298, and the error balance for the destination account is significantly high at $63,100.72, indicating a likely fraudulent activity."", ""Verdict"": ""fraud""}, {""ConfidenceAvg"": 0.8, ""Distance"": 0.24084908378845904, ""ID"": ""40bb5dc1-8c58-4547-84d9-315dbdf76150"", ""KeySignals"": [""dest_no_update""], ""PatternType"": ""dest_no_update"", ""RecallCount"": 45, ""Salience"": 2, ""Summary"": ""type=CASH_OUT amount=47458.86 error_orig=0.00 error_dest=99578.86. Verdict: escalate. The transaction has a risk score within the 0.30-0.60 range, and the error balance for the destination account is significantly high, suggesting uncertain signals that require further investigation."", ""Verdict"": ""escalate""}, {""ConfidenceAvg"": 0.95, ""Distance"": 0.24208038040646374, ""ID"": ""09e3e463-ebca-45a6-a4f3-4207be20d8ee"", ""KeySignals"": [""dest_no_update""], ""PatternType"": ""dest_no_update"", ""RecallCount"": 43, ""Salience"": 2, ""Summary"": ""type=CASH_OUT amount=11648.50 error_orig=11648.50 error_dest=-698794.41. Verdict: FRAUD. The transaction has a high risk score of 0.511 and a large error balance of -698,794.41 for the destination account, indicating a likely fraudulent activity."", ""Verdict"": ""fraud""}]}",fraud,0.9,NULL,NULL,NULL,2026-07-21 22:51:18.519516+00
c0085907-3340-43f2-a794-5b3f4307830b,fc246595-4eb1-473e-8365-51a2a2970ce7,0.15857007958518493,pending_review,MSI,2026-07-22 14:36:44.776107+00,2026-07-22 14:36:49.926471+00,2026-07-22 14:36:49.926471+00,done,"{""mcp_result"": [{""amount"": 224606.64, ""arrived_at"": ""2026-07-22T14:32:45.41286Z"", ""confidence"": null, ""id"": ""5b3f2098-9142-4a2b-a196-055afaa2341a"", ""risk_score"": 3.951279552438791E-7, ""risk_tier"": ""low"", ""type"": ""TRANSFER"", ""verdict"": null}, {""amount"": 224606.64, ""arrived_at"": ""2026-07-22T14:19:57.048314Z"", ""confidence"": null, ""id"": ""65ba54dc-74bb-4a07-aee4-cfdb084b1dc4"", ""risk_score"": 3.951279552438791E-7, ""risk_tier"": ""low"", ""type"": ""TRANSFER"", ""verdict"": null}, {""amount"": 224606.64, ""arrived_at"": ""2026-07-21T22:51:18.176483Z"", ""confidence"": null, ""id"": ""55550c19-8169-432a-9614-151a05a9f19d"", ""risk_score"": 3.951279552438791E-7, ""risk_tier"": ""low"", ""type"": ""TRANSFER"", ""verdict"": null}, {""amount"": 224606.64, ""arrived_at"": ""2026-07-21T22:51:18.176483Z"", ""confidence"": null, ""id"": ""fc246595-4eb1-473e-8365-51a2a2970ce7"", ""risk_score"": 0.15857007958518493, ""risk_tier"": ""medium"", ""type"": ""TRANSFER"", ""verdict"": null}, {""amount"": 224606.64, ""arrived_at"": ""2026-07-21T22:47:30.768623Z"", ""confidence"": 0.85, ""id"": ""55270c0e-8c0a-4941-a001-754b0648cdc2"", ""risk_score"": 0.4691410785912984, ""risk_tier"": ""medium"", ""type"": ""TRANSFER"", ""verdict"": ""legit""}], ""partial_reasoning"": ""The transaction has a risk score within the 0.30-0.60 range, and there are uncertain signals with non-zero error balances on both the originating and destination accounts, matching the criteria for escalation."", ""retry_count"": 1, ""top_k_cases"": [{""ConfidenceAvg"": 0.8, ""Distance"": 0.23720755466188015, ""ID"": ""5d5db38e-c9f6-4e8e-ac79-32f8c0416377"", ""KeySignals"": [""balance_wipe""], ""PatternType"": ""balance_wipe"", ""RecallCount"": 56, ""Salience"": 2, ""Summary"": ""type=TRANSFER amount=311685.89 error_orig=300850.89 error_dest=-2401220.00. Verdict: escalate. The transaction has a risk score in the 0.30-0.60 range, and there are uncertain signals with non-zero error balances on both the originating and destination accounts, matching the criteria for escalation."", ""Verdict"": ""escalate""}, {""ConfidenceAvg"": 0.9, ""Distance"": 0.28954587409460597, ""ID"": ""9802a0b6-d291-45dc-89f2-9d0fb1a09def"", ""KeySignals"": [""dest_no_update""], ""PatternType"": ""dest_no_update"", ""RecallCount"": 46, ""Salience"": 2, ""Summary"": ""type=TRANSFER amount=554026.99 error_orig=554026.99 error_dest=1133312.55. Verdict: fraud. The transaction has a high risk score of 0.787, and the destination account has a large positive error balance of 1133312.55, indicating a potential balance wipe, which is a common fraud pattern."", ""Verdict"": ""fraud""}]}",escalate,0.8,NULL,NULL,NULL,2026-07-21 22:51:18.519516+00
c2933896-05e9-4b90-91e5-4be0511eba54,20b165ae-43bc-497f-bef1-9b1d476c05b0,0.5167306443664782,pending,NULL,NULL,NULL,NULL,NULL,NULL,NULL,NULL,NULL,NULL,NULL,2026-07-23 13:43:15.457984+00
c2ea00dd-9165-4731-bf58-f4bad2f05fa7,fdc491e8-fb6b-428a-8a22-777fb84e1070,0.22780871380878964,done,test-worker,2026-07-22 20:58:20.877111+00,2026-07-22 20:58:21.036728+00,2026-07-22 20:58:21.036728+00,cleared_by_test,NULL,legit,1,NULL,NULL,NULL,2026-07-22 16:38:31.343393+00
c2f9c2a1-0966-41da-b5f7-c48ca83bf02d,196efce9-648a-41f7-bf1d-8d696ea89f74,0.45688438174841517,done,MSI,2026-07-21 22:33:45.048372+00,2026-07-21 22:33:47.889327+00,2026-07-21 22:33:47.889327+00,fallback,NULL,legit,0.85,NULL,NULL,NULL,2026-07-21 22:32:50.13029+00
c3124600-3f68-4bf1-89db-6546d0eab863,b3d60bbe-eb70-4a5a-b27e-7ca3bbe65061,0.6219556752343646,failed,MSI,2026-07-21 22:31:21.321561+00,2026-07-21 22:31:21.321561+00,2026-07-21 22:31:22.506504+00,NULL,NULL,NULL,NULL,NULL,NULL,NULL,2026-07-21 22:30:54.237167+00
c430b294-df5c-4b48-a296-d7c662bfc74f,cda1590f-7d3a-432b-9e2c-5f69f5fdd76d,0.46576348661067757,failed,MSI,2026-07-21 22:31:22.544448+00,2026-07-21 22:31:22.544448+00,2026-07-21 22:31:23.741457+00,NULL,NULL,NULL,NULL,NULL,NULL,NULL,2026-07-21 22:30:54.237167+00
c54a8a11-0a1b-4a63-a78e-9306d28e504f,aa6fd983-b4f5-40c5-af61-fd85189f61e4,0.6320011268277276,done,test-worker,2026-07-22 20:58:11.226915+00,2026-07-22 20:58:11.393881+00,2026-07-22 20:58:11.393881+00,cleared_by_test,NULL,legit,1,NULL,NULL,NULL,2026-07-22 14:32:45.993409+00
c61db836-d5a7-4348-a4a5-7db6a24dded1,d417dcbf-fd4d-415a-be4f-ff940564b3de,0.6775166992127672,done,test-worker,2026-07-22 20:58:11.439885+00,2026-07-22 20:58:11.601877+00,2026-07-22 20:58:11.601877+00,cleared_by_test,NULL,legit,1,NULL,NULL,NULL,2026-07-22 14:32:45.993409+00
c8721713-1edb-4718-938d-4a4c41a015cb,4811fc24-b0c4-4486-9ad2-6850ef42287f,0.4805972920439736,done,test-worker,2026-07-22 20:58:07.654716+00,2026-07-22 20:58:07.813741+00,2026-07-22 20:58:07.813741+00,cleared_by_test,NULL,legit,1,NULL,NULL,NULL,2026-07-22 14:19:58.191138+00
caa34494-1f88-4a6b-b7f0-7d576e4e8ed9,e7cf23a7-7efe-47b9-8214-d61fc0141d91,0.5135656920009793,pending_review,MSI,2026-07-22 16:38:35.956343+00,2026-07-22 16:38:45.830507+00,2026-07-22 16:38:45.830507+00,done,"{""mcp_result"": [{""amount"": 77957.68, ""arrived_at"": ""2026-07-22T14:36:40.363609Z"", ""confidence"": null, ""id"": ""961515be-7560-4150-bd7d-6d411c5cc7c2"", ""risk_score"": 0.6424389206002659, ""risk_tier"": ""medium"", ""type"": ""TRANSFER"", ""verdict"": null}, {""amount"": 77957.68, ""arrived_at"": ""2026-07-22T14:36:40.363609Z"", ""confidence"": null, ""id"": ""597bcb5c-f261-4070-85ab-8e49bc5a7bf0"", ""risk_score"": 6.275124064814008E-7, ""risk_tier"": ""low"", ""type"": ""TRANSFER"", ""verdict"": null}, {""amount"": 77957.68, ""arrived_at"": ""2026-07-22T14:32:45.41286Z"", ""confidence"": null, ""id"": ""eed9a484-9753-439b-8b57-ca54d14e4602"", ""risk_score"": 6.275124064814008E-7, ""risk_tier"": ""low"", ""type"": ""TRANSFER"", ""verdict"": null}, {""amount"": 77957.68, ""arrived_at"": ""2026-07-22T14:32:45.41286Z"", ""confidence"": null, ""id"": ""2d6997c5-74ca-472f-a937-64f671c6b231"", ""risk_score"": 0.20117845287857888, ""risk_tier"": ""medium"", ""type"": ""TRANSFER"", ""verdict"": null}, {""amount"": 77957.68, ""arrived_at"": ""2026-07-22T14:19:57.048314Z"", ""confidence"": null, ""id"": ""b1c1f557-0e90-4ab4-89fa-7a999efbcf48"", ""risk_score"": 6.275124064814008E-7, ""risk_tier"": ""low"", ""type"": ""TRANSFER"", ""verdict"": null}], ""partial_reasoning"": ""The transaction has a risk score within the 0.30-0.60 range, and there are uncertain signals with non-zero error balances on both the originating and destination accounts, matching the criteria for escalation."", ""retry_count"": 1, ""top_k_cases"": [{""ConfidenceAvg"": 0.8, ""Distance"": 0.25063161533125433, ""ID"": ""5d5db38e-c9f6-4e8e-ac79-32f8c0416377"", ""KeySignals"": [""balance_wipe""], ""PatternType"": ""balance_wipe"", ""RecallCount"": 57, ""Salience"": 2, ""Summary"": ""type=TRANSFER amount=224606.64 error_orig=224606.64 error_dest=579285.56. Verdict: escalate. The transaction has a risk score within the 0.30-0.60 range, and there are uncertain signals with non-zero error balances on both the originating and destination accounts, matching the criteria for escalation."", ""Verdict"": ""escalate""}, {""ConfidenceAvg"": 0.9, ""Distance"": 0.2873412288441357, ""ID"": ""9802a0b6-d291-45dc-89f2-9d0fb1a09def"", ""KeySignals"": [""dest_no_update""], ""PatternType"": ""dest_no_update"", ""RecallCount"": 47, ""Salience"": 2, ""Summary"": ""type=TRANSFER amount=554026.99 error_orig=554026.99 error_dest=1133312.55. Verdict: fraud. The transaction has a high risk score of 0.787, and the destination account has a large positive error balance of 1133312.55, indicating a potential balance wipe, which is a common fraud pattern."", ""Verdict"": ""fraud""}]}",escalate,0.8,NULL,NULL,NULL,2026-07-21 22:51:18.519516+00
cb996d8c-ceeb-4ae1-8926-3c7a6f85011e,060098c0-f478-487d-8082-70ff871c37af,0.7967052024834601,done,test-worker,2026-07-22 20:58:11.650933+00,2026-07-22 20:58:11.815865+00,2026-07-22 20:58:11.815865+00,cleared_by_test,NULL,legit,1,NULL,NULL,NULL,2026-07-22 14:32:45.993409+00
cc069f7d-2e40-4070-bc88-4fc1744b0b1a,e46daa50-8b57-444a-99a1-cb3e75db2937,0.3072249168065201,done,DESKTOP-4PDKLKG,2026-07-21 18:11:07.04674+00,2026-07-21 18:11:07.189801+00,2026-07-21 18:11:07.189801+00,bedrock_reasoning,NULL,fraud,0.8,NULL,NULL,NULL,2026-07-21 18:09:28.992652+00
cc4d9176-e427-4cd4-b420-461fdb834053,7d415686-e6aa-4118-a1ba-94371757aaed,0.36408119288991747,done,MSI,2026-07-21 22:45:16.178167+00,2026-07-21 22:45:19.262546+00,2026-07-21 22:45:19.262546+00,fallback,NULL,legit,0.85,NULL,NULL,NULL,2026-07-21 22:44:16.018547+00
ccf4b8a1-6a69-43a5-8795-ff684a09f515,46ef97d9-5be3-43ae-bdb7-f0714db03edd,0.17528874764684876,done,MSI,2026-07-21 22:45:19.304484+00,2026-07-21 22:45:22.421497+00,2026-07-21 22:45:22.421497+00,fallback,NULL,legit,0.85,NULL,NULL,NULL,2026-07-21 22:44:16.018547+00
cdca8ee5-d4af-48db-93ef-c3aa835e23ec,dd0cd4ba-e28f-4609-8d86-634eb5e3cd0f,0.667223447584009,failed,MSI,2026-07-21 22:31:23.780479+00,2026-07-21 22:31:23.780479+00,2026-07-21 22:31:25.003664+00,NULL,NULL,NULL,NULL,NULL,NULL,NULL,2026-07-21 22:30:54.237167+00
cf25c94b-7ed0-4215-8457-a230e2efe9b6,f8b3b01f-d937-4ec3-b337-f288c542bf9b,0.40754319988282905,done,MSI,2026-07-21 22:42:06.157243+00,2026-07-21 22:42:07.385209+00,2026-07-21 22:42:07.385209+00,auto_approve,NULL,legit,1,NULL,NULL,NULL,2026-07-21 22:41:46.396823+00
cf320413-72bd-46f9-a9bd-abc8d14b77d2,0bf0af55-6c9a-4bc4-ab13-4a69545c4447,0.5,investigating,0ddac851-31ea-4f32-9062-61f535a8d2f3,2026-07-22 20:56:48.606346+00,2026-07-22 20:56:48.606346+00,NULL,NULL,NULL,NULL,NULL,NULL,NULL,NULL,2026-07-22 14:19:57.657068+00
cfb1ccfc-6cd1-4d23-a8e7-828ca3fd4af6,89203a27-be42-4bc6-ba13-14c2fc43bbbe,0.6913119641474953,done,test-worker,2026-07-22 20:58:11.870867+00,2026-07-22 20:58:12.037053+00,2026-07-22 20:58:12.037053+00,cleared_by_test,NULL,legit,1,NULL,NULL,NULL,2026-07-22 14:32:45.993409+00
d0004ddb-13ab-41fd-bf91-4807bcd2df4f,a8000607-26e2-4faf-bf7e-37ff911b9d99,0.7926942194892866,done,test-worker,2026-07-22 20:58:15.980193+00,2026-07-22 20:58:16.136318+00,2026-07-22 20:58:16.136318+00,cleared_by_test,NULL,legit,1,NULL,NULL,NULL,2026-07-22 14:36:40.907574+00
d1233955-a5c6-4a28-bd9f-ca0a0e33a8b7,6b975d08-b0e7-43b8-b733-a4a8eb7a1f07,0.44408331697317094,done,MSI,2026-07-22 16:38:48.166808+00,2026-07-22 16:38:52.524692+00,2026-07-22 16:38:52.524692+00,done,"{""mcp_result"": [{""amount"": 94253.33, ""arrived_at"": ""2026-07-22T16:38:30.993531Z"", ""confidence"": null, ""id"": ""e71676cd-c999-4166-bd8c-690e27bcea36"", ""risk_score"": 0.1747571203705247, ""risk_tier"": ""medium"", ""type"": ""CASH_OUT"", ""verdict"": null}, {""amount"": 94253.33, ""arrived_at"": ""2026-07-22T16:38:30.993531Z"", ""confidence"": null, ""id"": ""81162248-9deb-4725-8a96-2569c65ffbb9"", ""risk_score"": 0.000009900806617224589, ""risk_tier"": ""low"", ""type"": ""CASH_OUT"", ""verdict"": null}, {""amount"": 94253.33, ""arrived_at"": ""2026-07-22T14:36:40.363609Z"", ""confidence"": null, ""id"": ""5b4cd608-9e13-4531-9ba1-75621ae5bb4b"", ""risk_score"": 0.000009900806617224589, ""risk_tier"": ""low"", ""type"": ""CASH_OUT"", ""verdict"": null}, {""amount"": 94253.33, ""arrived_at"": ""2026-07-22T14:32:45.41286Z"", ""confidence"": null, ""id"": ""01e8dbf5-7911-4d05-ad4a-a85c6dcab4fa"", ""risk_score"": 0.000009900806617224589, ""risk_tier"": ""low"", ""type"": ""CASH_OUT"", ""verdict"": null}, {""amount"": 94253.33, ""arrived_at"": ""2026-07-22T14:19:57.048314Z"", ""confidence"": null, ""id"": ""ae76f801-689d-4239-9bac-876dad76d2c5"", ""risk_score"": 0.000009900806617224589, ""risk_tier"": ""low"", ""type"": ""CASH_OUT"", ""verdict"": null}], ""partial_reasoning"": ""The transaction has a high risk score of 0.444, and the error balance of the destination account is a large negative amount, indicating potential fraudulent activity."", ""retry_count"": 0, ""top_k_cases"": null}",fraud,0.9,NULL,NULL,NULL,2026-07-21 22:51:18.519516+00
d1332342-ce7b-4dda-8444-377d1050263e,28d1a638-dbb3-484c-8475-a1cd24804a99,0.1391674537155521,failed,MSI,2026-07-21 22:31:25.042501+00,2026-07-21 22:31:25.042501+00,2026-07-21 22:31:26.340528+00,NULL,NULL,NULL,NULL,NULL,NULL,NULL,2026-07-21 22:30:54.237167+00
d1983bfe-35c2-464d-bf6d-133478f8a071,aafc932e-053d-498a-9ce7-1e0e7dc5530b,0.5,pending_review,MSI,2026-07-22 16:38:53.111752+00,2026-07-22 16:38:57.508817+00,2026-07-22 16:38:57.508817+00,done,"{""mcp_result"": [{""amount"": 181, ""arrived_at"": ""2026-07-22T16:38:30.993531Z"", ""confidence"": null, ""id"": ""ba8cefe9-5644-475b-8b49-1e9fa3032400"", ""risk_score"": 0.5, ""risk_tier"": ""medium"", ""type"": ""TRANSFER"", ""verdict"": null}, {""amount"": 181, ""arrived_at"": ""2026-07-22T14:36:40.363609Z"", ""confidence"": null, ""id"": ""8beac662-2ea6-4384-b4ab-81436f066012"", ""risk_score"": 0.5, ""risk_tier"": ""medium"", ""type"": ""TRANSFER"", ""verdict"": null}, {""amount"": 181, ""arrived_at"": ""2026-07-22T14:32:45.41286Z"", ""confidence"": null, ""id"": ""8c4f7406-59ce-4342-abe0-b54173e043d6"", ""risk_score"": 0.5, ""risk_tier"": ""medium"", ""type"": ""TRANSFER"", ""verdict"": null}, {""amount"": 181, ""arrived_at"": ""2026-07-22T14:19:57.048314Z"", ""confidence"": null, ""id"": ""0bf0af55-6c9a-4bc4-ab13-4a69545c4447"", ""risk_score"": 0.5, ""risk_tier"": ""medium"", ""type"": ""TRANSFER"", ""verdict"": null}, {""amount"": 181, ""arrived_at"": ""2026-07-21T22:51:18.176483Z"", ""confidence"": null, ""id"": ""aafc932e-053d-498a-9ce7-1e0e7dc5530b"", ""risk_score"": 0.5, ""risk_tier"": ""medium"", ""type"": ""TRANSFER"", ""verdict"": null}], ""partial_reasoning"": ""The transaction has a risk score within the 0.30-0.60 range, and there are uncertain signals with non-zero error balances on both the originating and destination accounts, matching the criteria for escalation."", ""retry_count"": 0, ""top_k_cases"": [{""ConfidenceAvg"": 0.8, ""Distance"": 0.25807709654928, ""ID"": ""5d5db38e-c9f6-4e8e-ac79-32f8c0416377"", ""KeySignals"": [""balance_wipe""], ""PatternType"": ""balance_wipe"", ""RecallCount"": 58, ""Salience"": 2, ""Summary"": ""type=TRANSFER amount=77957.68 error_orig=77957.68 error_dest=150624.03. Verdict: escalate. The transaction has a risk score within the 0.30-0.60 range, and there are uncertain signals with non-zero error balances on both the originating and destination accounts, matching the criteria for escalation."", ""Verdict"": ""escalate""}, {""ConfidenceAvg"": 0.9, ""Distance"": 0.388872587017544, ""ID"": ""9802a0b6-d291-45dc-89f2-9d0fb1a09def"", ""KeySignals"": [""dest_no_update""], ""PatternType"": ""dest_no_update"", ""RecallCount"": 48, ""Salience"": 2, ""Summary"": ""type=TRANSFER amount=554026.99 error_orig=554026.99 error_dest=1133312.55. Verdict: fraud. The transaction has a high risk score of 0.787, and the destination account has a large positive error balance of 1133312.55, indicating a potential balance wipe, which is a common fraud pattern."", ""Verdict"": ""fraud""}]}",escalate,0.8,NULL,NULL,NULL,2026-07-21 22:51:18.519516+00
d1fe7b5a-6807-4726-a661-c23e2dc7baf4,c7cdcd6b-d55f-45c4-9644-137e1fb76ffb,0.4125705418503096,done,MSI,2026-07-21 22:45:22.466483+00,2026-07-21 22:45:25.438451+00,2026-07-21 22:45:25.438451+00,fallback,NULL,legit,0.85,NULL,NULL,NULL,2026-07-21 22:44:16.018547+00
d3006b93-52e0-49c3-95e2-6d902cd5c91a,268099c0-909b-47e7-80ec-0dfe8dfb4b8f,0.13634996434794502,done,MSI,2026-07-21 22:42:07.430266+00,2026-07-21 22:42:08.658465+00,2026-07-21 22:42:08.658465+00,auto_approve,NULL,legit,1,NULL,NULL,NULL,2026-07-21 22:41:46.396823+00
d30ea8d2-73a2-410c-8ba6-fa2833e8ad64,48babd17-29c4-43e7-9abe-16e9227d8296,0.6148020195001572,failed,MSI,2026-07-21 22:31:26.382541+00,2026-07-21 22:31:26.382541+00,2026-07-21 22:31:27.681794+00,NULL,NULL,NULL,NULL,NULL,NULL,NULL,2026-07-21 22:30:54.237167+00
d32b4eed-c5b1-4aa8-84ee-d6fbc97f8888,9847c33e-4baf-46a8-a1a2-528efcd982ce,0.5650975233916031,done,test-worker,2026-07-22 20:58:16.178009+00,2026-07-22 20:58:16.329892+00,2026-07-22 20:58:16.329892+00,cleared_by_test,NULL,legit,1,NULL,NULL,NULL,2026-07-22 14:36:40.907574+00
d3e2f1da-d46c-4145-a6a4-52d097ef7e91,aa044e00-dbb3-4b1f-947b-806b4007b213,0.30519537882790226,failed,MSI,2026-07-21 22:25:13.149021+00,2026-07-21 22:25:13.149021+00,2026-07-21 22:25:13.304006+00,NULL,NULL,NULL,NULL,NULL,NULL,NULL,2026-07-21 22:25:08.220254+00
d4566697-bbd6-4d4e-9eff-31a3c56b32d6,cd5bb0d4-be3f-46c3-a5e6-4ab185e5aafa,0.52,pending_review,MSI,2026-07-22 16:38:58.026025+00,2026-07-22 16:39:02.48419+00,2026-07-22 16:39:02.48419+00,done,"{""mcp_result"": [{""amount"": 181, ""arrived_at"": ""2026-07-22T16:38:30.993531Z"", ""confidence"": null, ""id"": ""9eeebaab-db7f-453b-8f3f-fadeb761dbe6"", ""risk_score"": 0.52, ""risk_tier"": ""medium"", ""type"": ""CASH_OUT"", ""verdict"": null}, {""amount"": 181, ""arrived_at"": ""2026-07-22T14:36:40.363609Z"", ""confidence"": null, ""id"": ""1d42e023-0be2-456a-84ee-8877e9f8bbdb"", ""risk_score"": 0.52, ""risk_tier"": ""medium"", ""type"": ""CASH_OUT"", ""verdict"": null}, {""amount"": 181, ""arrived_at"": ""2026-07-22T14:32:45.41286Z"", ""confidence"": null, ""id"": ""14debaec-6fb5-47ba-a1d0-106904279acb"", ""risk_score"": 0.52, ""risk_tier"": ""medium"", ""type"": ""CASH_OUT"", ""verdict"": null}, {""amount"": 181, ""arrived_at"": ""2026-07-21T22:51:18.176483Z"", ""confidence"": null, ""id"": ""cd5bb0d4-be3f-46c3-a5e6-4ab185e5aafa"", ""risk_score"": 0.52, ""risk_tier"": ""medium"", ""type"": ""CASH_OUT"", ""verdict"": null}, {""amount"": 181, ""arrived_at"": ""2026-07-21T22:47:30.768623Z"", ""confidence"": 0.7, ""id"": ""055ccc44-cd47-4fce-b57c-27e2cea87390"", ""risk_score"": 0.52, ""risk_tier"": ""medium"", ""type"": ""CASH_OUT"", ""verdict"": ""escalate""}], ""partial_reasoning"": ""The transaction has a risk score within the 0.30-0.60 range and the customer's recent transaction history shows multiple similar pending transactions, indicating the need for further investigation."", ""retry_count"": 0, ""top_k_cases"": [{""ConfidenceAvg"": 0.9, ""Distance"": 0.32587257998801256, ""ID"": ""6c1782f7-603e-4ec5-be37-c939d75c222b"", ""KeySignals"": [""dest_no_update""], ""PatternType"": ""dest_no_update"", ""RecallCount"": 0, ""Salience"": 1, ""Summary"": ""type=CASH_OUT amount=94253.33 error_orig=69050.28 error_dest=-771843.72. Verdict: fraud. The transaction has a high risk score of 0.444, and the error balance of the destination account is a large negative amount, indicating potential fraudulent activity."", ""Verdict"": ""fraud""}]}",escalate,0.8,NULL,NULL,NULL,2026-07-21 22:51:18.519516+00
d45ddca6-3272-47ff-bf13-59c233a1eeca,8aa96702-0c4f-4cd7-84b0-3abd9b23b363,0.3039978043842463,failed,MSI,2026-07-21 22:31:27.726644+00,2026-07-21 22:31:27.726644+00,2026-07-21 22:31:28.911723+00,NULL,NULL,NULL,NULL,NULL,NULL,NULL,2026-07-21 22:30:54.237167+00
d47f0589-7959-4ab4-a73e-ac140ea4c06e,2bdd42ba-9265-46ab-878b-bf11a2b47d0a,0.44499624952994554,done,test-worker,2026-07-22 20:58:12.079912+00,2026-07-22 20:58:12.241101+00,2026-07-22 20:58:12.241101+00,cleared_by_test,NULL,legit,1,NULL,NULL,NULL,2026-07-22 14:32:45.993409+00
d4c12c42-cad0-4b29-b246-03fd008c4868,549f25bc-ee87-4825-b5b8-4096b13a14e0,0.4436962467407739,failed,MSI,2026-07-21 22:31:29.303871+00,2026-07-21 22:31:29.303871+00,2026-07-21 22:31:30.449982+00,NULL,NULL,NULL,NULL,NULL,NULL,NULL,2026-07-21 22:30:54.237167+00
d582a5fd-74c6-4c1b-b7d6-53afe83bdd78,358ac9ad-f388-48bb-97b3-c7233e02b361,0.7227264608297976,done,test-worker,2026-07-22 20:58:21.078127+00,2026-07-22 20:58:21.23433+00,2026-07-22 20:58:21.23433+00,cleared_by_test,NULL,legit,1,NULL,NULL,NULL,2026-07-22 16:38:31.343393+00
d5b1e5e1-1717-4485-908c-464475990801,adfab811-bd15-481e-82f6-893d3cba4790,0.27903166900062226,done,MSI,2026-07-21 22:42:08.699465+00,2026-07-21 22:42:09.904064+00,2026-07-21 22:42:09.904064+00,auto_approve,NULL,legit,1,NULL,NULL,NULL,2026-07-21 22:41:46.396823+00
d5fca0d4-8a57-4204-b3aa-d1e53082b8a0,112c19c2-ea0f-41f9-b81c-305ae268c7f2,0.7553581781919353,done,test-worker,2026-07-22 20:58:12.284878+00,2026-07-22 20:58:12.443884+00,2026-07-22 20:58:12.443884+00,cleared_by_test,NULL,legit,1,NULL,NULL,NULL,2026-07-22 14:32:45.993409+00
d6291b3e-0696-4b09-a530-2152d5b47d3f,7106ed92-680d-4b43-8cb0-9b41217a8031,0.52,failed,MSI,2026-07-21 22:25:13.342963+00,2026-07-21 22:25:13.342963+00,2026-07-21 22:25:13.49593+00,NULL,NULL,NULL,NULL,NULL,NULL,NULL,2026-07-21 22:25:08.220254+00
d63db99e-a0bc-4860-bbf9-0213e882d5d1,c8f8acb0-bab3-4f96-bcd0-11bca122b660,0.39830506868716786,done,MSI,2026-07-21 22:33:47.929366+00,2026-07-21 22:33:50.806463+00,2026-07-21 22:33:50.806463+00,fallback,NULL,legit,0.85,NULL,NULL,NULL,2026-07-21 22:32:50.13029+00
d7c3ed37-ee4b-4fdc-9b80-1d7221df50b9,7d73f593-a515-4746-af0e-c8126300ec7c,0.1966918404026499,done,MSI,2026-07-21 22:40:40.473912+00,2026-07-21 22:40:41.730005+00,2026-07-21 22:40:41.730005+00,auto_approve,NULL,legit,1,NULL,NULL,NULL,2026-07-21 22:40:05.378452+00
d7cf9424-11ad-4e80-997d-a0cb81f28b47,afd87eed-773d-49d0-ad90-85420ae541b9,0.4638722217608705,done,MSI,2026-07-21 22:42:09.944878+00,2026-07-21 22:42:11.231497+00,2026-07-21 22:42:11.231497+00,auto_approve,NULL,legit,1,NULL,NULL,NULL,2026-07-21 22:41:46.396823+00
d7dd4624-54ae-4ea0-bd5d-da010d43209f,a5b3ecf9-921a-4fbe-9262-1493c6ce2eb4,0.6743573055562473,done,DESKTOP-4PDKLKG,2026-07-21 18:11:12.551956+00,2026-07-21 18:11:12.696864+00,2026-07-21 18:11:12.696864+00,bedrock_reasoning,NULL,fraud,0.9,NULL,NULL,NULL,2026-07-21 18:09:28.992652+00
d8a92254-1c36-45c6-bb1c-9ca52098c3a2,0ce39dc5-5c89-427a-812f-b679707fb36e,0.3853852280033959,pending_review,MSI,2026-07-22 16:39:03.016017+00,2026-07-22 16:39:07.263086+00,2026-07-22 16:39:07.263086+00,done,"{""mcp_result"": [{""amount"": 62610.8, ""arrived_at"": ""2026-07-22T16:38:30.993531Z"", ""confidence"": null, ""id"": ""c19d437c-2c23-41a8-9520-5997eedcdc00"", ""risk_score"": 0.00009442200098419562, ""risk_tier"": ""low"", ""type"": ""TRANSFER"", ""verdict"": null}, {""amount"": 62610.8, ""arrived_at"": ""2026-07-22T16:38:30.993531Z"", ""confidence"": null, ""id"": ""57ba5732-d067-4c51-9229-208d774e9e38"", ""risk_score"": 0.7645379740136906, ""risk_tier"": ""medium"", ""type"": ""TRANSFER"", ""verdict"": null}, {""amount"": 62610.8, ""arrived_at"": ""2026-07-22T14:36:40.363609Z"", ""confidence"": null, ""id"": ""8869418e-3890-4a22-95c7-7bc7851844a2"", ""risk_score"": 0.00009442200098419562, ""risk_tier"": ""low"", ""type"": ""TRANSFER"", ""verdict"": null}, {""amount"": 62610.8, ""arrived_at"": ""2026-07-22T14:32:45.41286Z"", ""confidence"": null, ""id"": ""1af21ed7-157d-43a6-ab3c-b83b8e55199c"", ""risk_score"": 0.00009442200098419562, ""risk_tier"": ""low"", ""type"": ""TRANSFER"", ""verdict"": null}, {""amount"": 62610.8, ""arrived_at"": ""2026-07-22T14:19:57.048314Z"", ""confidence"": null, ""id"": ""3a83dfca-4710-44ed-96f4-72ec5dcd1844"", ""risk_score"": 0.00009442200098419562, ""risk_tier"": ""low"", ""type"": ""TRANSFER"", ""verdict"": null}], ""partial_reasoning"": ""The transaction has a risk score within the 0.30-0.60 range, and there are uncertain signals with a non-zero error balance on the destination account, matching the criteria for escalation."", ""retry_count"": 0, ""top_k_cases"": [{""ConfidenceAvg"": 0.8, ""Distance"": 0.22500169128088687, ""ID"": ""5d5db38e-c9f6-4e8e-ac79-32f8c0416377"", ""KeySignals"": [""balance_wipe""], ""PatternType"": ""balance_wipe"", ""RecallCount"": 59, ""Salience"": 2, ""Summary"": ""type=TRANSFER amount=181.00 error_orig=0.00 error_dest=181.00. Verdict: escalate. The transaction has a risk score within the 0.30-0.60 range, and there are uncertain signals with non-zero error balances on both the originating and destination accounts, matching the criteria for escalation."", ""Verdict"": ""escalate""}, {""ConfidenceAvg"": 0.9, ""Distance"": 0.3000948846283015, ""ID"": ""9802a0b6-d291-45dc-89f2-9d0fb1a09def"", ""KeySignals"": [""dest_no_update""], ""PatternType"": ""dest_no_update"", ""RecallCount"": 49, ""Salience"": 2, ""Summary"": ""type=TRANSFER amount=554026.99 error_orig=554026.99 error_dest=1133312.55. Verdict: fraud. The transaction has a high risk score of 0.787, and the destination account has a large positive error balance of 1133312.55, indicating a potential balance wipe, which is a common fraud pattern."", ""Verdict"": ""fraud""}]}",escalate,0.7,NULL,NULL,NULL,2026-07-21 22:51:18.519516+00
d946934b-16d2-438b-8b13-9a88a87e2382,2e21164f-6dea-48f6-8ff9-5513b7001456,0.2978945403606247,done,DESKTOP-4PDKLKG,2026-07-21 21:36:45.86791+00,2026-07-21 21:36:46.012212+00,2026-07-21 21:36:46.012212+00,bedrock_reasoning,NULL,fraud,0.95,NULL,NULL,NULL,2026-07-21 21:32:31.85621+00
d9eddfee-ecef-4960-a9cf-ec1d00d160e9,1b2a872e-1ed5-4d41-86cc-42b75dddfc43,0.7874657418382247,done,MSI,2026-07-21 22:40:41.772971+00,2026-07-21 22:40:43.075959+00,2026-07-21 22:40:43.075959+00,auto_approve,NULL,legit,1,NULL,NULL,NULL,2026-07-21 22:40:05.378452+00
da18edf1-0c2b-4af3-9cf9-99abbebdc140,6b959ed1-4894-42b9-bfd4-cc0a8858800a,0.35445387993478206,failed,MSI,2026-07-21 22:26:57.109673+00,2026-07-21 22:26:57.109673+00,2026-07-21 22:26:57.268063+00,NULL,NULL,NULL,NULL,NULL,NULL,NULL,2026-07-21 22:26:53.224055+00
da6a242e-91e1-4022-8bce-c576a51b5da7,3c079ad3-6506-46fb-be56-0d8f60f56fdf,0.7788293813221131,pending_review,DESKTOP-4PDKLKG,2026-07-21 18:11:20.979125+00,2026-07-21 18:11:21.123128+00,2026-07-21 18:11:21.123128+00,bedrock_reasoning,NULL,escalate,0.8,NULL,NULL,NULL,2026-07-21 18:09:28.992652+00
daa58c40-2486-48e5-a7da-ac3f203736c1,07238143-9469-47a9-8ca7-789270922701,0.3308786470278584,done,test-worker,2026-07-22 20:58:16.37904+00,2026-07-22 20:58:16.544348+00,2026-07-22 20:58:16.544348+00,cleared_by_test,NULL,legit,1,NULL,NULL,NULL,2026-07-22 14:36:40.907574+00
db1b8822-cc2b-4125-ac82-1b236b2e2d5c,713c7438-62be-4e3b-b731-44fed0e1d35f,0.6744974529837018,failed,MSI,2026-07-21 22:26:57.308005+00,2026-07-21 22:26:57.308005+00,2026-07-21 22:26:57.47663+00,NULL,NULL,NULL,NULL,NULL,NULL,NULL,2026-07-21 22:26:53.224055+00
dd615279-8559-4b36-a75b-7f5e8cf30ef2,8714f68c-3cc8-41b7-a3cf-4a5029bb49a3,0.5,failed,MSI,2026-07-21 22:26:57.516705+00,2026-07-21 22:26:57.516705+00,2026-07-21 22:26:57.675969+00,NULL,NULL,NULL,NULL,NULL,NULL,NULL,2026-07-21 22:26:53.224055+00
dd7fada6-f275-4037-8926-5a6179a2c657,26b80b93-3a05-4ca2-9144-837cc11fb0d1,0.2672803606517117,done,DESKTOP-4PDKLKG,2026-07-21 18:11:25.821084+00,2026-07-21 18:11:25.963078+00,2026-07-21 18:11:25.963078+00,bedrock_reasoning,NULL,fraud,0.9,NULL,NULL,NULL,2026-07-21 18:09:28.992652+00
dde219eb-b520-434b-825b-07c5c0613129,d7c3c938-f29b-4f49-9a35-9e6efba37e85,0.13391117086521748,done,test-worker,2026-07-22 20:58:21.276113+00,2026-07-22 20:58:21.430242+00,2026-07-22 20:58:21.430242+00,cleared_by_test,NULL,legit,1,NULL,NULL,NULL,2026-07-22 16:38:31.343393+00
df20d42e-e18b-46da-a821-9baf93f8003f,4e9d1de8-f0b7-489d-8387-bb99f1445dd6,0.7214273053359621,failed,MSI,2026-07-21 22:25:13.535377+00,2026-07-21 22:25:13.535377+00,2026-07-21 22:25:13.684973+00,NULL,NULL,NULL,NULL,NULL,NULL,NULL,2026-07-21 22:25:08.220254+00
e140f629-6f29-4db8-a3a4-1c1578acdef1,c6c58fbd-4500-4db2-aa59-84b0220316dc,0.19810260632873006,done,test-worker,2026-07-22 20:58:12.488075+00,2026-07-22 20:58:12.66895+00,2026-07-22 20:58:12.66895+00,cleared_by_test,NULL,legit,1,NULL,NULL,NULL,2026-07-22 14:32:45.993409+00
e2fe4699-d874-4ae6-88b4-b9f8e95b663a,18c0209d-739c-496b-9db2-594abb4fe242,0.44210737932833066,done,test-worker,2026-07-22 20:58:16.584875+00,2026-07-22 20:58:16.741954+00,2026-07-22 20:58:16.741954+00,cleared_by_test,NULL,legit,1,NULL,NULL,NULL,2026-07-22 14:36:40.907574+00
e3388a7e-dbc4-43a2-b129-fec738696e8a,4fcfe4a0-c981-4f3c-8414-600766f0c118,0.3773261465554819,done,test-worker,2026-07-22 20:58:16.785903+00,2026-07-22 20:58:16.944233+00,2026-07-22 20:58:16.944233+00,cleared_by_test,NULL,legit,1,NULL,NULL,NULL,2026-07-22 14:36:40.907574+00
e4701649-774a-4794-89ed-5f17f1250899,0f7f2bdf-064e-4c7e-a3c3-18e10d8b55a3,0.52,failed,MSI,2026-07-21 22:31:30.495737+00,2026-07-21 22:31:30.495737+00,2026-07-21 22:31:31.687839+00,NULL,NULL,NULL,NULL,NULL,NULL,NULL,2026-07-21 22:30:54.237167+00
e61ac2c4-b43d-4486-bdc3-ffdf63f48fb5,76ee6887-4a83-4589-b0f4-7bb1e8422e0b,0.3282995249638116,pending,NULL,NULL,NULL,NULL,NULL,NULL,NULL,NULL,NULL,NULL,NULL,2026-07-23 13:43:15.457984+00
e65ebca5-5cf4-47f0-9e18-da9b3a13549d,12f112f1-3782-4d69-92b3-c9d5990ee658,0.2855076567847315,done,MSI,2026-07-21 22:45:25.483515+00,2026-07-21 22:45:28.497624+00,2026-07-21 22:45:28.497624+00,fallback,NULL,legit,0.85,NULL,NULL,NULL,2026-07-21 22:44:16.018547+00
e7e49201-528a-45b8-ba53-bd46f2f34eab,dcbd02fa-c305-4a6f-abab-4b0a8fda8dd1,0.3319430622689703,pending,NULL,NULL,NULL,NULL,NULL,NULL,NULL,NULL,NULL,NULL,NULL,2026-07-23 13:43:15.457984+00
e8369481-6c09-4775-85b1-c82594aa46fb,3bf7fa16-5187-4d79-960a-4954773e9e12,0.2844296847575901,done,MSI,2026-07-21 22:42:11.271445+00,2026-07-21 22:42:12.508504+00,2026-07-21 22:42:12.508504+00,auto_approve,NULL,legit,1,NULL,NULL,NULL,2026-07-21 22:41:46.396823+00
e8795e0f-28cb-40e9-b3b3-d016ee510e9b,b1bd3ba4-5ebc-4ead-b3f5-214126455c36,0.7375739944637364,done,test-worker,2026-07-22 20:58:07.867654+00,2026-07-22 20:58:08.02561+00,2026-07-22 20:58:08.02561+00,cleared_by_test,NULL,legit,1,NULL,NULL,NULL,2026-07-22 14:19:58.191138+00
e941a4bd-f0f3-4504-b64c-7a711d38ea39,f8814f58-e747-45b0-b073-f05e4c17e1d1,0.5253130664269278,failed,MSI,2026-07-21 22:25:13.722959+00,2026-07-21 22:25:13.722959+00,2026-07-21 22:25:13.874001+00,NULL,NULL,NULL,NULL,NULL,NULL,NULL,2026-07-21 22:25:08.220254+00
ea1000d0-6561-4aef-a066-71a524ac271f,81464d9d-b6b8-410f-ab0c-3659a7939477,0.6032062099960983,pending_review,MSI,2026-07-21 22:48:33.289649+00,2026-07-21 22:48:36.196549+00,2026-07-21 22:48:36.196549+00,fallback,NULL,escalate,0.7,NULL,NULL,NULL,2026-07-21 22:47:31.141639+00
eaf7c20e-4cf4-411e-9e8b-3016d95dc17a,57ce303f-49b4-41de-b8e8-1e500e1a2702,0.2046296738901906,failed,MSI,2026-07-21 22:26:57.715782+00,2026-07-21 22:26:57.715782+00,2026-07-21 22:26:57.87582+00,NULL,NULL,NULL,NULL,NULL,NULL,NULL,2026-07-21 22:26:53.224055+00
eb2773d2-5f87-4e9e-acbe-c8abecaea9d1,1e75f80d-103b-4343-9c84-33437437e868,0.5376968274335095,investigating,MSI,2026-07-22 16:39:07.803226+00,2026-07-22 16:39:07.803226+00,NULL,NULL,NULL,NULL,NULL,NULL,NULL,NULL,2026-07-21 22:51:18.519516+00
eb54f674-7a84-4033-986a-7e29bbd2f341,3783f3e0-a22f-468e-a6ea-a3384118e583,0.5,pending_review,DESKTOP-4PDKLKG,2026-07-21 21:36:49.518478+00,2026-07-21 21:36:49.662496+00,2026-07-21 21:36:49.662496+00,bedrock_reasoning,NULL,escalate,0.8,NULL,NULL,NULL,2026-07-21 21:32:31.85621+00
ec4e95c5-0001-4ec0-a1bb-77b0f660497b,9de966a8-3934-4e98-a2ff-1df05fed8382,0.23564435663510805,pending,NULL,NULL,NULL,NULL,NULL,NULL,NULL,NULL,NULL,NULL,NULL,2026-07-23 13:43:15.457984+00
edb9eb3c-48db-4bab-89a8-fe34d2e2960e,44dd663b-85d8-4c10-b8c7-16c6ad72cafe,0.3825818726722645,done,MSI,2026-07-21 22:48:36.237541+00,2026-07-21 22:48:39.149977+00,2026-07-21 22:48:39.149977+00,fallback,NULL,legit,0.85,NULL,NULL,NULL,2026-07-21 22:47:31.141639+00
eed20348-edf7-4f45-9da8-f1e9ce81c198,e1d05b92-970f-4ce7-9295-c6fd69dbfce4,0.5434525339772018,failed,MSI,2026-07-21 22:31:31.728745+00,2026-07-21 22:31:31.728745+00,2026-07-21 22:31:32.920839+00,NULL,NULL,NULL,NULL,NULL,NULL,NULL,2026-07-21 22:30:54.237167+00
ef1f8d60-c6a9-4939-a124-54db3a4a4c14,176ea0b7-fa48-457c-bffd-0d1fcd2dbb95,0.6284986349856353,done,test-worker,2026-07-22 20:58:16.984914+00,2026-07-22 20:58:17.137332+00,2026-07-22 20:58:17.137332+00,cleared_by_test,NULL,legit,1,NULL,NULL,NULL,2026-07-22 14:36:40.907574+00
f0f1bd7e-e874-4d60-b26d-0edf170912eb,2ad2cb5d-43d3-42dc-ba54-a335caf4502e,0.44852539421151627,done,MSI,2026-07-21 22:42:12.54947+00,2026-07-21 22:42:13.758682+00,2026-07-21 22:42:13.758682+00,auto_approve,NULL,legit,1,NULL,NULL,NULL,2026-07-21 22:41:46.396823+00
f1c6a6d2-3eed-434b-a6dd-d0043c6391ee,2c0f763b-e241-45f3-b5fc-1918fca8f4b0,0.3144523288522717,failed,MSI,2026-07-21 22:25:13.913005+00,2026-07-21 22:25:13.913005+00,2026-07-21 22:25:14.067049+00,NULL,NULL,NULL,NULL,NULL,NULL,NULL,2026-07-21 22:25:08.220254+00
f318d145-3879-4e50-bda1-93c75f071bb1,0f826fb6-d6bd-4180-86c0-86d90d679560,0.5107581579474784,done,DESKTOP-4PDKLKG,2026-07-21 21:36:53.22554+00,2026-07-21 21:36:53.372373+00,2026-07-21 21:36:53.372373+00,bedrock_reasoning,NULL,fraud,0.8,NULL,NULL,NULL,2026-07-21 21:32:31.85621+00
f3e68d17-5bb6-478d-b4ee-9b8aecb7034d,a622b38c-b476-465f-ab35-66a05ceb22e1,0.40028301327397886,done,test-worker,2026-07-22 20:58:21.472245+00,2026-07-22 20:58:21.623159+00,2026-07-22 20:58:21.623159+00,cleared_by_test,NULL,legit,1,NULL,NULL,NULL,2026-07-22 16:38:31.343393+00
f5e02ac8-fa96-475c-b31a-2852d068e685,ab6a64e1-437b-483f-9d33-e0bdc82dd960,0.5,pending_review,MSI,2026-07-21 22:48:39.189811+00,2026-07-21 22:48:42.169823+00,2026-07-21 22:48:42.169823+00,fallback,NULL,escalate,0.7,NULL,NULL,NULL,2026-07-21 22:47:31.141639+00
f93a5532-b206-46b1-8a67-bfcc4921c8f3,14c445ed-72b5-49ee-9750-ce0c22d3c5c5,0.7785820420855198,pending_review,MSI,2026-07-22 14:21:31.629648+00,2026-07-22 14:21:43.872545+00,2026-07-22 14:21:43.872545+00,done,"{""mcp_result"": [{""amount"": 47458.86, ""arrived_at"": ""2026-07-22T14:19:57.048314Z"", ""confidence"": null, ""id"": ""d8289dac-068b-4970-b2e4-057110384724"", ""risk_score"": 0.000002844415348590701, ""risk_tier"": ""low"", ""type"": ""CASH_OUT"", ""verdict"": null}, {""amount"": 47458.86, ""arrived_at"": ""2026-07-21T22:51:18.176483Z"", ""confidence"": 0.8, ""id"": ""03520f78-e9e5-4501-974f-ddb03040c37a"", ""risk_score"": 0.459999321764038, ""risk_tier"": ""medium"", ""type"": ""CASH_OUT"", ""verdict"": ""escalate""}, {""amount"": 47458.86, ""arrived_at"": ""2026-07-21T22:51:18.176483Z"", ""confidence"": null, ""id"": ""7afc970f-27c0-4361-9f21-2324b7e7c625"", ""risk_score"": 0.000002844415348590701, ""risk_tier"": ""low"", ""type"": ""CASH_OUT"", ""verdict"": null}, {""amount"": 47458.86, ""arrived_at"": ""2026-07-21T22:47:30.768623Z"", ""confidence"": 0.85, ""id"": ""da6337a5-2a24-4817-868f-774dcc9960af"", ""risk_score"": 0.2863007152167352, ""risk_tier"": ""medium"", ""type"": ""CASH_OUT"", ""verdict"": ""legit""}, {""amount"": 47458.86, ""arrived_at"": ""2026-07-21T22:47:30.768623Z"", ""confidence"": null, ""id"": ""62796fd7-1031-490a-b32d-ae341537e697"", ""risk_score"": 0.000002844415348590701, ""risk_tier"": ""low"", ""type"": ""CASH_OUT"", ""verdict"": null}], ""partial_reasoning"": ""The transaction has a risk score within the 0.30-0.60 range, and the error balance for the destination account is significantly high, suggesting uncertain signals that require further investigation."", ""retry_count"": 0, ""top_k_cases"": [{""ConfidenceAvg"": 0.8, ""Distance"": 0.27614613432426416, ""ID"": ""40bb5dc1-8c58-4547-84d9-315dbdf76150"", ""KeySignals"": [""dest_no_update""], ""PatternType"": ""dest_no_update"", ""RecallCount"": 44, ""Salience"": 2, ""Summary"": ""type=CASH_OUT amount=47458.86 error_orig=0.00 error_dest=99578.86. Verdict: escalate. The transaction has a risk score within the 0.30-0.60 range and the error balances suggest uncertain signals, requiring further investigation."", ""Verdict"": ""escalate""}, {""ConfidenceAvg"": 0.95, ""Distance"": 0.2826623411186209, ""ID"": ""09e3e463-ebca-45a6-a4f3-4207be20d8ee"", ""KeySignals"": [""dest_no_update""], ""PatternType"": ""dest_no_update"", ""RecallCount"": 42, ""Salience"": 2, ""Summary"": ""type=CASH_OUT amount=11648.50 error_orig=11648.50 error_dest=-698794.41. Verdict: FRAUD. The transaction has a high risk score of 0.511 and a large error balance of -698,794.41 for the destination account, indicating a likely fraudulent activity."", ""Verdict"": ""fraud""}, {""ConfidenceAvg"": 0.8, ""Distance"": 0.306147456169084, ""ID"": ""128f0c79-b6c8-4552-991d-d68f91686f02"", ""KeySignals"": [""dest_no_update""], ""PatternType"": ""dest_no_update"", ""RecallCount"": 34, ""Salience"": 2, ""Summary"": ""type=CASH_OUT amount=56953.90 error_orig=55011.88 error_dest=63100.72. Verdict: FRAUD. The transaction has a high risk score of 0.298, and the error balance for the destination account is significantly high at $63,100.72, indicating a likely fraudulent activity."", ""Verdict"": ""fraud""}]}",escalate,0.8,NULL,NULL,NULL,2026-07-21 22:44:16.018547+00
fa0dd1af-2c2f-4879-ab42-a884df38be19,eecaaf32-e61f-4761-84ce-91e402cd5e1d,0.17141604928043427,done,MSI,2026-07-21 22:33:50.849603+00,2026-07-21 22:33:53.695675+00,2026-07-21 22:33:53.695675+00,fallback,NULL,legit,0.85,NULL,NULL,NULL,2026-07-21 22:32:50.13029+00
fb3af81c-de4e-4fa6-b439-1d1c09c3243b,89441f6e-2628-4329-8e9e-d1f4ae85e710,0.1910328128476193,pending,NULL,NULL,NULL,NULL,NULL,NULL,NULL,NULL,NULL,NULL,NULL,2026-07-23 13:43:15.457984+00
fc2022a1-1fe3-4e74-a551-bd475ba708c3,e23f2c55-31ea-4800-ae8b-058666c31a2d,0.2870000428677572,done,MSI,2026-07-21 22:48:42.20886+00,2026-07-21 22:48:45.228753+00,2026-07-21 22:48:45.228753+00,fallback,NULL,legit,0.85,NULL,NULL,NULL,2026-07-21 22:47:31.141639+00
fcd4584f-9a45-4b02-88f1-06690b973a94,2b32137f-0d68-4ae3-8791-3ce74d7630c3,0.652258590048653,done,DESKTOP-4PDKLKG,2026-07-21 18:11:33.896373+00,2026-07-21 18:11:34.041337+00,2026-07-21 18:11:34.041337+00,bedrock_reasoning,NULL,fraud,0.9,NULL,NULL,NULL,2026-07-21 18:09:28.992652+00
fd1681bc-ca99-4084-a9bd-588e7ac13760,8425a6f3-e364-478d-b63c-67603b402dbd,0.7228986767452432,failed,MSI,2026-07-21 22:31:32.966853+00,2026-07-21 22:31:32.966853+00,2026-07-21 22:31:34.146563+00,NULL,NULL,NULL,NULL,NULL,NULL,NULL,2026-07-21 22:30:54.237167+00
fd2c9a05-f5c6-4821-a006-57f3cfa1b6f8,45e87d65-075b-49bf-9cf7-4344da9f781d,0.602193435143548,done,MSI,2026-07-21 22:42:13.798687+00,2026-07-21 22:42:14.99353+00,2026-07-21 22:42:14.99353+00,auto_approve,NULL,legit,1,NULL,NULL,NULL,2026-07-21 22:41:46.396823+00
fd6e2b69-2fa8-4826-8b61-2528fa76ca33,c4af7846-70cb-4d09-ba09-327634681a79,0.2512054308921008,done,MSI,2026-07-21 22:42:15.03351+00,2026-07-21 22:42:16.27753+00,2026-07-21 22:42:16.27753+00,auto_approve,NULL,legit,1,NULL,NULL,NULL,2026-07-21 22:41:46.396823+00
fe5d1e9a-5f18-4cb3-9582-4a0efe834a0b,282b3ad4-2890-4445-a9c7-963f80a4f943,0.4202959772502932,failed,MSI,2026-07-21 22:26:57.91575+00,2026-07-21 22:26:57.91575+00,2026-07-21 22:26:58.072728+00,NULL,NULL,NULL,NULL,NULL,NULL,NULL,2026-07-21 22:26:53.224055+00
feee4cc9-6b91-4dc2-9ebd-e99f1dae5423,76916c9d-333c-4543-be70-8799763b7607,0.6019978607678854,failed,MSI,2026-07-21 22:26:58.1137+00,2026-07-21 22:26:58.1137+00,2026-07-21 22:26:58.273736+00,NULL,NULL,NULL,NULL,NULL,NULL,NULL,2026-07-21 22:26:53.224055+00
