id,step,type,amount,name_orig,old_balance_orig,new_balance_orig,name_dest,old_balance_dest,new_balance_dest,error_balance_orig,error_balance_dest,risk_score,risk_tier,is_fraud_label,arrived_at,processed_at
001d5585-5d34-46ea-b0c6-da55bf32888c,1,CASH_OUT,94253.33,C1718906711,25203.05,0,C977993101,99773,965870.05,69050.28,-771843.72,0.6452931957589322,medium,f,2026-07-21 22:41:46.081867+00,NULL
002eae79-f50b-499f-8aa9-95aff95cbb0d,1,CASH_OUT,365510.05,C1299327689,0,0,C564160838,564572.76,1.25495607e+06,365510.05,-324873.26,9.63696900058153e-10,low,f,2026-07-22 14:19:57.048314+00,NULL
00605a65-20af-4843-9ea0-19d96e78e205,1,TRANSFER,1.50562601e+06,C926859124,0,0,C665576141,29031,5.51576334e+06,1.50562601e+06,-3.98110633e+06,1.2832265383622143e-06,low,f,2026-07-21 22:32:49.852477+00,NULL
0064a340-4596-48d4-96d9-8e9dae15208f,1,CASH_OUT,210370.09,C2121995675,0,0,C1170794006,1.44229803e+06,22190.99,210370.09,1.6304771300000001e+06,1.646394465204537e-09,low,f,2026-07-21 18:09:27.94638+00,NULL
00b557b7-195c-4d35-943b-567f1f47cb44,1,TRANSFER,125872.53,C1443967876,0,0,C392292416,348512,3.42010309e+06,125872.53,-2.9457185599999996e+06,5.244171006779652e-06,low,f,2026-07-21 22:44:15.695574+00,NULL
00c72286-7386-4356-9e68-80834ce1a82f,1,TRANSFER,554026.99,C1603696865,0,0,C766572210,579285.56,0,554026.99,1.13331255e+06,1.1865068649807853e-10,low,f,2026-07-21 22:26:52.945046+00,NULL
00e2169c-2075-40a3-b4ed-59b281284843,1,TRANSFER,184986.8,C697508322,39588,0,C1688019098,52340,97263.78,145398.8,140063.02,2.4690598365850747e-06,low,f,2026-07-22 14:32:45.41286+00,NULL
01762be4-fb7a-4e9f-aaf1-a4086a7ebe97,1,TRANSFER,1.72488705e+06,C1495608502,0,0,C1590550415,3.4705951e+06,1.916920493e+07,1.72488705e+06,-1.397372278e+07,1.1477848602226004e-05,low,f,2026-07-22 14:19:57.048314+00,NULL
01d13985-fd25-4982-9cc9-487a429703a2,1,CASH_OUT,5346.89,C512549200,0,0,C248609774,652637,6.45343091e+06,5346.89,-5.7954470200000005e+06,0.6315875535615709,medium,f,2026-07-21 22:30:53.950264+00,NULL
01e8dbf5-7911-4d05-ad4a-a85c6dcab4fa,1,CASH_OUT,94253.33,C1718906711,25203.05,0,C977993101,99773,965870.05,69050.28,-771843.72,9.900806617224589e-06,low,f,2026-07-22 14:32:45.41286+00,NULL
021d4904-2fd8-4d69-8bff-c4ee0e271efc,1,TRANSFER,224606.64,C873175411,0,0,C766572210,354678.92,0,224606.64,579285.56,3.951279552438791e-07,low,f,2026-07-22 16:38:30.993531+00,NULL
02285d0c-4d78-4562-a9d2-17181bf9159f,1,TRANSFER,554026.99,C1603696865,0,0,C766572210,579285.56,0,554026.99,1.13331255e+06,1.1865068649807853e-10,low,f,2026-07-21 21:32:31.390253+00,NULL
023358de-9126-4a0c-bffa-8e5cc723fd49,1,CASH_OUT,94253.33,C1718906711,25203.05,0,C977993101,99773,965870.05,69050.28,-771843.72,9.900806617224589e-06,low,f,2026-07-21 22:41:46.081867+00,NULL
0247aee3-f37a-45d0-b9ce-54fc27809eb7,1,TRANSFER,77957.68,C207471778,0,0,C1761291320,94900,22233.65,77957.68,150624.03,0.3346405742497742,medium,f,2026-07-21 22:40:05.036496+00,NULL
02634880-eea8-4b24-9951-d6a10cb9dee3,1,CASH_OUT,14121.82,C69062746,0,0,C100555887,52679,10963.66,14121.82,55837.16,1.880439981505333e-06,low,f,2026-07-22 14:36:40.363609+00,NULL
027bcfd7-5d5f-4cae-96ce-b745374942a1,1,TRANSFER,761507.39,C412788346,0,0,C1590550415,1.28003623e+06,1.916920493e+07,761507.39,-1.712766131e+07,2.5380413148923253e-07,low,f,2026-07-22 14:32:45.41286+00,NULL
02d1b58a-024c-4f32-ba9e-21c636477cb8,1,TRANSFER,311685.89,C1984094095,10835,0,C932583850,6267,2.71917289e+06,300850.89,-2.40122e+06,8.098261901068327e-07,low,f,2026-07-21 22:30:53.950264+00,NULL
02d2254b-f906-4de4-b755-123de1175ff3,1,CASH_OUT,176149.9,C24650043,0,0,C736709391,259813,46820.71,176149.9,389142.19,1.6451261899419478e-06,low,f,2026-07-21 18:09:27.94638+00,NULL
02d6e7ee-48fd-4c50-a0b2-e34c9a2cd80c,1,TRANSFER,125872.53,C1443967876,0,0,C392292416,348512,3.42010309e+06,125872.53,-2.9457185599999996e+06,0.226010449939673,medium,f,2026-07-23 13:43:14.863034+00,NULL
03520f78-e9e5-4501-974f-ddb03040c37a,1,CASH_OUT,47458.86,C527211736,209534.84,162075.98,C2096057945,52120,0,2.9103830456733704e-11,99578.86,0.459999321764038,medium,f,2026-07-21 22:51:18.176483+00,NULL
05063537-38fa-4cc1-8fe7-6dd501b79092,1,CASH_OUT,75405.1,C263053820,0,0,C1870252780,104209,46462.23,75405.1,133151.87,0.14808604082089594,medium,f,2026-07-22 14:36:40.363609+00,NULL
055ccc44-cd47-4fce-b57c-27e2cea87390,1,CASH_OUT,181,C840083671,181,0,C38997010,21182,0,0,21363,0.52,medium,t,2026-07-21 22:47:30.768623+00,NULL
060098c0-f478-487d-8082-70ff871c37af,1,TRANSFER,330757.04,C1494346128,103657,0,C564160838,79676,1.25495607e+06,227100.03999999998,-844523.03,0.7967052024834601,medium,f,2026-07-22 14:32:45.41286+00,NULL
065798a6-cc88-42bb-8f08-dba038c8b4ab,1,CASH_OUT,94253.33,C1718906711,25203.05,0,C977993101,99773,965870.05,69050.28,-771843.72,9.900806617224589e-06,low,f,2026-07-21 21:32:31.390253+00,NULL
067290dc-5944-4b9e-b330-a69cf57073ac,1,CASH_OUT,82940.31,C1528834618,3017.87,0,C476800120,132372,49864.36,79922.44,165447.95,0.7296496493655538,medium,f,2026-07-21 22:25:07.934266+00,NULL
06a14e73-2aef-4de7-a3a6-92b7bbdd28cf,1,CASH_OUT,110414.71,C768216420,26845.41,0,C1509514333,288800,2415.16,83569.3,396799.55000000005,3.862027369905263e-06,low,f,2026-07-21 22:26:52.945046+00,NULL
06aa56c6-cd7d-4dc1-9abd-385bbd32bfc1,1,TRANSFER,78766.03,C1376151044,0,0,C1749186397,103772,277515.05,78766.03,-94977.01999999999,3.880912117892876e-06,low,f,2026-07-21 22:51:18.176483+00,NULL
06cef5b6-2881-4a68-bd3d-a8d1a4af060d,1,TRANSFER,1.50562601e+06,C926859124,0,0,C665576141,29031,5.51576334e+06,1.50562601e+06,-3.98110633e+06,1.2832265383622143e-06,low,f,2026-07-21 22:47:30.768623+00,NULL
06f755e6-cfa7-4acc-84b7-6969f86544cb,1,CASH_OUT,75405.1,C263053820,0,0,C1870252780,104209,46462.23,75405.1,133151.87,8.151361612362962e-07,low,f,2026-07-22 14:19:57.048314+00,NULL
07238143-9469-47a9-8ca7-789270922701,1,TRANSFER,583848.46,C1839168128,0,0,C1286084959,667778,2.10777811e+06,583848.46,-856151.6499999999,0.3308786470278584,medium,f,2026-07-22 14:36:40.363609+00,NULL
072c0f1e-6a0f-4dc1-aeb6-fcd6aff9f8f8,1,TRANSFER,78766.03,C1376151044,0,0,C1749186397,103772,277515.05,78766.03,-94977.01999999999,0.7636553896424593,medium,f,2026-07-21 22:47:30.768623+00,NULL
07bdf2b6-5cf7-4d94-af06-63bb7e79278a,1,CASH_OUT,110414.71,C768216420,26845.41,0,C1509514333,288800,2415.16,83569.3,396799.55000000005,3.862027369905263e-06,low,f,2026-07-22 14:36:40.363609+00,NULL
07c0b3c2-3663-4047-a028-76bc9de50929,1,TRANSFER,1.42905147e+06,C1520267010,0,0,C1590550415,2.04154362e+06,1.916920493e+07,1.42905147e+06,-1.569860984e+07,1.1477848602226004e-05,low,f,2026-07-22 14:36:40.363609+00,NULL
08358333-5e28-4896-a7ae-63ba2df26745,1,TRANSFER,125872.53,C1443967876,0,0,C392292416,348512,3.42010309e+06,125872.53,-2.9457185599999996e+06,0.22804868495955546,medium,f,2026-07-22 14:36:40.363609+00,NULL
0852215b-1c10-4f81-9f73-9372f443c753,1,CASH_OUT,467177.03,C1338905451,28112.02,0,C1170794006,975121,22190.99,439065.01,1.42010704e+06,1.2294665285850215e-09,low,f,2026-07-22 14:32:45.41286+00,NULL
094166d7-bccb-47e9-8523-f657bc2d2788,1,TRANSFER,184986.8,C697508322,39588,0,C1688019098,52340,97263.78,145398.8,140063.02,2.4690598365850747e-06,low,f,2026-07-22 14:19:57.048314+00,NULL
094fb1e4-1614-42ef-a8ae-4e13998aa925,1,TRANSFER,1.42905147e+06,C1520267010,0,0,C1590550415,2.04154362e+06,1.916920493e+07,1.42905147e+06,-1.569860984e+07,1.1477848602226004e-05,low,f,2026-07-21 22:40:05.036496+00,NULL
09d732cb-2f21-4f5a-89c5-96487d9f46a1,1,TRANSFER,125872.53,C1443967876,0,0,C392292416,348512,3.42010309e+06,125872.53,-2.9457185599999996e+06,0.7820141056142869,medium,f,2026-07-21 22:32:49.852477+00,NULL
0a18afb3-d74b-41d8-97a7-45153bcf4e64,1,CASH_OUT,56953.9,C1570470538,1942.02,0,C824009085,70253,64106.18,55011.880000000005,63100.719999999994,0.49023754785058304,medium,f,2026-07-21 22:44:15.695574+00,NULL
0a22ca19-4ab4-4919-9d05-af388aa10f5b,1,CASH_OUT,335416.51,C743778731,144478,0,C575335780,295,52415.15,190938.51,283296.36,0.0001762851607054472,low,f,2026-07-22 14:32:45.41286+00,NULL
0a473afe-ac4a-42a1-8d33-da385c1dd399,1,CASH_OUT,110414.71,C768216420,26845.41,0,C1509514333,288800,2415.16,83569.3,396799.55000000005,0.422245388283931,medium,f,2026-07-21 21:32:31.390253+00,NULL
0a9f3992-2e4d-418c-94b9-928416e68d4e,1,CASH_OUT,136872.92,C1533123860,162075.98,25203.05,C766572210,217806,0,-0.010000000009313226,354678.92000000004,9.3488861239166e-06,low,f,2026-07-21 22:30:53.950264+00,NULL
0ad43240-c1a3-4ab0-9620-11b10dd01e07,1,TRANSFER,181,C1305486145,181,0,C553264065,0,0,0,181,0.5,medium,t,2026-07-21 22:41:46.081867+00,NULL
0b680345-b6be-45f4-91bd-ef71886b82ca,1,TRANSFER,367768.4,C288306765,0,0,C1359044626,370763.1,16518.36,367768.4,722013.14,3.289835603936808e-08,low,f,2026-07-22 14:32:45.41286+00,NULL
0b955e0c-c252-4a52-94f3-1fcb919f93ee,1,CASH_OUT,11648.5,C781091365,0,0,C985934102,260976,971418.91,11648.5,-698794.41,1.3881692950690194e-07,low,f,2026-07-21 21:32:31.390253+00,NULL
0bf0af55-6c9a-4bc4-ab13-4a69545c4447,1,TRANSFER,181,C1305486145,181,0,C553264065,0,0,0,181,0.5,medium,t,2026-07-22 14:19:57.048314+00,NULL
0c4102f1-41ab-455a-b275-9d93d9cead05,1,CASH_OUT,229133.94,C905080434,15325,0,C476402209,5083,51513.44,213808.94,182703.5,0.0003087619552388787,low,f,2026-07-21 22:25:07.934266+00,NULL
0c91e94b-7f27-4d8c-802a-bf08b1f1e73c,1,CASH_OUT,75405.1,C263053820,0,0,C1870252780,104209,46462.23,75405.1,133151.87,8.151361612362962e-07,low,f,2026-07-21 21:32:31.390253+00,NULL
0ca77859-c15c-4913-8b32-06ea84ab15bf,1,CASH_OUT,78292.91,C1631227617,0,0,C1983747920,121112,95508.95,78292.91,103895.96,8.151361612362962e-07,low,f,2026-07-22 14:36:40.363609+00,NULL
0cbdca42-25aa-49c8-af4c-737ace47b507,1,TRANSFER,17231.46,C1243171897,0,0,C783286238,24672,0,17231.46,41903.46,3.4573670291138114e-06,low,f,2026-07-21 22:26:52.945046+00,NULL
0ccd74e6-e303-411c-ae15-6a0ec2dceec8,1,CASH_OUT,9536.54,C649769713,0,0,C1060830840,49161,130747.56,9536.54,-72050.01999999999,1.1718523751369503e-07,low,f,2026-07-22 14:19:57.048314+00,NULL
0ce39dc5-5c89-427a-812f-b679707fb36e,1,TRANSFER,62610.8,C1976401987,79114,16503.2,C1937962514,517,8383.29,0,54744.51,0.3853852280033959,medium,f,2026-07-21 22:51:18.176483+00,NULL
0ceb2d75-9e19-48a1-9296-4adc0d705dde,1,CASH_OUT,5346.89,C512549200,0,0,C248609774,652637,6.45343091e+06,5346.89,-5.7954470200000005e+06,5.352217158360872e-07,low,f,2026-07-21 18:09:27.94638+00,NULL
0d1deeb1-eceb-4793-9524-fbb67c786fb5,1,CASH_OUT,56953.9,C1570470538,1942.02,0,C824009085,70253,64106.18,55011.880000000005,63100.719999999994,0.6319194743334471,medium,f,2026-07-21 22:47:30.768623+00,NULL
0d3924bf-4584-4af9-a258-d22e534d3fd1,1,CASH_OUT,47458.86,C527211736,209534.84,162075.98,C2096057945,52120,0,2.9103830456733704e-11,99578.86,2.844415348590701e-06,low,f,2026-07-21 22:32:49.852477+00,NULL
0d769120-660a-4e4e-a7fd-065e6eaf916a,1,TRANSFER,761507.39,C412788346,0,0,C1590550415,1.28003623e+06,1.916920493e+07,761507.39,-1.712766131e+07,2.5380413148923253e-07,low,f,2026-07-21 22:40:05.036496+00,NULL
0d7944d6-7d00-45a4-91c3-203f90918b67,1,TRANSFER,77957.68,C207471778,0,0,C1761291320,94900,22233.65,77957.68,150624.03,6.275124064814008e-07,low,f,2026-07-21 22:26:52.945046+00,NULL
0de7f7e7-ec75-46b4-a919-281abbf2247b,1,TRANSFER,215310.3,C1670993182,705,0,C1100439041,22425,0,214605.3,237735.3,1.1586042091948912e-05,low,f,2026-07-21 22:26:52.945046+00,NULL
0ec3345f-83b9-4cb5-9a1e-91e0ac52c397,1,TRANSFER,11996.58,C605982374,0,0,C1225616405,40255,0,11996.58,52251.58,4.647680725611281e-06,low,f,2026-07-22 14:36:40.363609+00,NULL
0f6459c0-7ee8-4e58-a76f-7fc6748f036c,1,CASH_OUT,176149.9,C24650043,0,0,C736709391,259813,46820.71,176149.9,389142.19,1.6451261899419478e-06,low,f,2026-07-22 14:19:57.048314+00,NULL
0f7f2bdf-064e-4c7e-a3c3-18e10d8b55a3,1,CASH_OUT,181,C840083671,181,0,C38997010,21182,0,0,21363,0.52,medium,t,2026-07-21 22:30:53.950264+00,NULL
0f826fb6-d6bd-4180-86c0-86d90d679560,1,CASH_OUT,11648.5,C781091365,0,0,C985934102,260976,971418.91,11648.5,-698794.41,0.5107581579474784,medium,f,2026-07-21 21:32:31.390253+00,NULL
0f89e006-0fe7-4079-ac0e-0e27600e8a2f,1,TRANSFER,17231.46,C1243171897,0,0,C783286238,24672,0,17231.46,41903.46,3.4573670291138114e-06,low,f,2026-07-22 14:32:45.41286+00,NULL
100807cf-6181-479b-a1ad-0e74461b8d12,1,CASH_OUT,5346.89,C512549200,0,0,C248609774,652637,6.45343091e+06,5346.89,-5.7954470200000005e+06,5.352217158360872e-07,low,f,2026-07-21 22:41:46.081867+00,NULL
105ccaec-8a93-4748-b1a6-931212e0a17b,1,TRANSFER,379856.23,C1449772539,0,0,C1590550415,900180,1.916920493e+07,379856.23,-1.78891687e+07,1.0090026592024515e-08,low,f,2026-07-21 18:09:27.94638+00,NULL
1092337e-144c-4366-b538-282f66684723,1,TRANSFER,78766.03,C1376151044,0,0,C1749186397,103772,277515.05,78766.03,-94977.01999999999,3.880912117892876e-06,low,f,2026-07-22 14:19:57.048314+00,NULL
109eed62-6b39-4745-9576-0612dbc6b406,1,TRANSFER,17231.46,C1243171897,0,0,C783286238,24672,0,17231.46,41903.46,3.4573670291138114e-06,low,f,2026-07-21 18:09:27.94638+00,NULL
10de7bad-b8c7-490a-8e74-8acbcaf26bc8,1,TRANSFER,42712.39,C283039401,10363.39,0,C1330106945,57901.66,24044.18,32349,76569.87,1.8204849538960843e-06,low,f,2026-07-21 21:32:31.390253+00,NULL
112c19c2-ea0f-41f9-b81c-305ae268c7f2,1,CASH_OUT,23261.3,C2072313080,20411.53,0,C2001112025,25742,0,2849.7700000000004,49003.3,0.7553581781919353,medium,f,2026-07-22 14:32:45.41286+00,NULL
117c4bab-4938-46ac-a52f-3b690974e6f9,1,TRANSFER,311685.89,C1984094095,10835,0,C932583850,6267,2.71917289e+06,300850.89,-2.40122e+06,8.098261901068327e-07,low,f,2026-07-21 18:09:27.94638+00,NULL
1190d6e9-fbcf-403c-906a-454057b0a7b2,1,TRANSFER,1.72488705e+06,C1495608502,0,0,C1590550415,3.4705951e+06,1.916920493e+07,1.72488705e+06,-1.397372278e+07,1.1477848602226004e-05,low,f,2026-07-22 14:36:40.363609+00,NULL
11ed4570-4be7-4fee-994b-62e7e58a0fc5,1,CASH_OUT,50101.88,C1740826931,0,0,C97730845,67684,9.94033929e+06,50101.88,-9.822553409999998e+06,1.2137186331528937e-06,low,f,2026-07-22 14:36:40.363609+00,NULL
11f6db1a-6e33-46a0-bf76-9cd8b363b8ca,1,CASH_OUT,220691.42,C1123559518,0,0,C1590550415,6.09309062e+06,1.916920493e+07,220691.42,-1.285542289e+07,3.3837477531051263e-06,low,f,2026-07-22 14:19:57.048314+00,NULL
124df0a4-f84f-439d-83dd-4cba97d10205,1,CASH_OUT,335416.51,C743778731,144478,0,C575335780,295,52415.15,190938.51,283296.36,0.0001762851607054472,low,f,2026-07-21 18:09:27.94638+00,NULL
126982c2-328f-4ec5-8aa9-1ec688a6b6c5,1,CASH_OUT,82940.31,C1528834618,3017.87,0,C476800120,132372,49864.36,79922.44,165447.95,0.26255743332144654,medium,f,2026-07-21 22:41:46.081867+00,NULL
12ddb974-0b39-4681-877c-93e193076b4e,1,TRANSFER,761507.39,C412788346,0,0,C1590550415,1.28003623e+06,1.916920493e+07,761507.39,-1.712766131e+07,0.4886286939089237,medium,f,2026-07-21 22:47:30.768623+00,NULL
12f112f1-3782-4d69-92b3-c9d5990ee658,1,TRANSFER,62610.8,C1976401987,79114,16503.2,C1937962514,517,8383.29,0,54744.51,0.2855076567847315,medium,f,2026-07-21 22:44:15.695574+00,NULL
131d72bb-b518-4f74-a008-7e93dadc66b3,1,CASH_OUT,23261.3,C2072313080,20411.53,0,C2001112025,25742,0,2849.7700000000004,49003.3,0.00017633289098739624,low,f,2026-07-21 22:41:46.081867+00,NULL
132692c2-0faf-4b2f-95d0-4e6ad89f6e91,1,CASH_OUT,47458.86,C527211736,209534.84,162075.98,C2096057945,52120,0,2.9103830456733704e-11,99578.86,2.844415348590701e-06,low,f,2026-07-21 22:30:53.950264+00,NULL
14046de6-c343-46b6-8d35-0391476ced58,1,CASH_OUT,5346.89,C512549200,0,0,C248609774,652637,6.45343091e+06,5346.89,-5.7954470200000005e+06,0.49775566887652123,medium,f,2026-07-21 22:40:05.036496+00,NULL
1426f68c-cf14-41e4-b0ac-d8e6e6900d8e,1,CASH_OUT,28404.6,C2091072548,0,0,C1282788025,51744,0,28404.6,80148.6,2.225669732069946e-06,low,f,2026-07-22 14:32:45.41286+00,NULL
14488ea3-b516-45b4-8ff0-c804a3a39821,1,CASH_OUT,47458.86,C527211736,209534.84,162075.98,C2096057945,52120,0,2.9103830456733704e-11,99578.86,2.844415348590701e-06,low,f,2026-07-21 21:32:31.390253+00,NULL
14801829-9729-427a-aa54-edd8d5162f16,1,CASH_OUT,82940.31,C1528834618,3017.87,0,C476800120,132372,49864.36,79922.44,165447.95,1.2160126061644405e-06,low,f,2026-07-21 22:51:18.176483+00,NULL
14c445ed-72b5-49ee-9750-ce0c22d3c5c5,1,CASH_OUT,47458.86,C527211736,209534.84,162075.98,C2096057945,52120,0,2.9103830456733704e-11,99578.86,0.7785820420855198,medium,f,2026-07-21 22:44:15.695574+00,NULL
14cfa6db-aad7-42b6-9c49-6c69ecbc7883,1,CASH_OUT,5346.89,C512549200,0,0,C248609774,652637,6.45343091e+06,5346.89,-5.7954470200000005e+06,5.352217158360872e-07,low,f,2026-07-22 14:19:57.048314+00,NULL
14debaec-6fb5-47ba-a1d0-106904279acb,1,CASH_OUT,181,C840083671,181,0,C38997010,21182,0,0,21363,0.52,medium,t,2026-07-22 14:32:45.41286+00,NULL
156b0225-d8ec-4b0a-829a-45d12f173911,1,CASH_OUT,23261.3,C2072313080,20411.53,0,C2001112025,25742,0,2849.7700000000004,49003.3,0.00017633289098739624,low,f,2026-07-21 22:47:30.768623+00,NULL
1575623e-925f-40ff-9ef5-8f4784f4796f,1,TRANSFER,379856.23,C1449772539,0,0,C1590550415,900180,1.916920493e+07,379856.23,-1.78891687e+07,1.0090026592024515e-08,low,f,2026-07-21 22:32:49.852477+00,NULL
15ac5068-2a05-46a7-b530-94001147cec9,1,TRANSFER,761507.39,C412788346,0,0,C1590550415,1.28003623e+06,1.916920493e+07,761507.39,-1.712766131e+07,0.5362966835020083,medium,f,2026-07-21 22:26:52.945046+00,NULL
15be84a8-7873-498d-95ef-df66492eb118,1,CASH_OUT,151829.91,C873309260,0,0,C1023714065,1.16108831e+06,1.41248409e+06,151829.91,-99565.87000000011,6.663368026238459e-07,low,f,2026-07-21 18:09:27.94638+00,NULL
15eabf18-0b42-4622-875c-d948842cd847,1,TRANSFER,78766.03,C1376151044,0,0,C1749186397,103772,277515.05,78766.03,-94977.01999999999,3.880912117892876e-06,low,f,2026-07-21 21:32:31.390253+00,NULL
1694ebf3-4f56-43f1-bd1a-8997e1ca3b18,1,TRANSFER,761507.39,C412788346,0,0,C1590550415,1.28003623e+06,1.916920493e+07,761507.39,-1.712766131e+07,2.5380413148923253e-07,low,f,2026-07-21 18:09:27.94638+00,NULL
16b19617-28e6-46c5-80eb-218cb8ebb97e,1,TRANSFER,215310.3,C1670993182,705,0,C1100439041,22425,0,214605.3,237735.3,0.19683369595696604,medium,f,2026-07-21 22:32:49.852477+00,NULL
173c00dc-1ebe-49da-ad85-b97724157d57,1,TRANSFER,761507.39,C412788346,0,0,C1590550415,1.28003623e+06,1.916920493e+07,761507.39,-1.712766131e+07,2.5380413148923253e-07,low,f,2026-07-21 22:30:53.950264+00,NULL
1742f529-e59e-4e30-ba99-ddcc6f125812,1,TRANSFER,17231.46,C1243171897,0,0,C783286238,24672,0,17231.46,41903.46,3.4573670291138114e-06,low,f,2026-07-22 14:19:57.048314+00,NULL
1751c56e-7e8d-416c-939d-2c292f1550e9,1,TRANSFER,125872.53,C1443967876,0,0,C392292416,348512,3.42010309e+06,125872.53,-2.9457185599999996e+06,5.244171006779652e-06,low,f,2026-07-21 22:47:30.768623+00,NULL
176ea0b7-fa48-457c-bffd-0d1fcd2dbb95,1,CASH_OUT,23261.3,C2072313080,20411.53,0,C2001112025,25742,0,2849.7700000000004,49003.3,0.6284986349856353,medium,f,2026-07-22 14:36:40.363609+00,NULL
17bc4c03-69bb-4f3b-b1b9-0693a1822679,1,TRANSFER,17231.46,C1243171897,0,0,C783286238,24672,0,17231.46,41903.46,3.4573670291138114e-06,low,f,2026-07-22 14:36:40.363609+00,NULL
18c0209d-739c-496b-9db2-594abb4fe242,1,CASH_OUT,85423.63,C460741164,0,0,C1590550415,5.77677641e+06,1.916920493e+07,85423.63,-1.330700489e+07,0.44210737932833066,medium,f,2026-07-22 14:36:40.363609+00,NULL
191a9aea-7ee0-4189-b0cf-4b37ce2fd1aa,1,CASH_OUT,110414.71,C768216420,26845.41,0,C1509514333,288800,2415.16,83569.3,396799.55000000005,3.862027369905263e-06,low,f,2026-07-21 22:32:49.852477+00,NULL
19321e00-98bf-45ef-bd54-dd15c898806c,1,CASH_OUT,419801.4,C1687354037,38197.63,0,C33524623,499962,1.51726216e+06,381603.77,-597498.7599999999,9.939560285943116e-10,low,f,2026-07-22 14:36:40.363609+00,NULL
193dbf81-886e-40f9-b6d2-c2efd5e61398,1,CASH_OUT,229133.94,C905080434,15325,0,C476402209,5083,51513.44,213808.94,182703.5,0.0003087619552388787,low,f,2026-07-21 22:51:18.176483+00,NULL
196efce9-648a-41f7-bf1d-8d696ea89f74,1,TRANSFER,554026.99,C1603696865,0,0,C766572210,579285.56,0,554026.99,1.13331255e+06,0.45688438174841517,medium,f,2026-07-21 22:32:49.852477+00,NULL
19fa5766-3c89-4ae9-9a3c-0f8ff3039b73,1,CASH_OUT,110414.71,C768216420,26845.41,0,C1509514333,288800,2415.16,83569.3,396799.55000000005,3.862027369905263e-06,low,f,2026-07-21 22:30:53.950264+00,NULL
1a24b096-f24b-4743-9ef7-1d6ba2b29d21,1,CASH_OUT,82685.93,C855700733,0,0,C392292416,833216.44,3.42010309e+06,82685.93,-2.5042007199999997e+06,2.3038282961351797e-06,low,f,2026-07-21 18:09:27.94638+00,NULL
1a9acc6c-ba5c-4e9a-b2cb-8bc06d14fb41,1,CASH_OUT,50101.88,C1740826931,0,0,C97730845,67684,9.94033929e+06,50101.88,-9.822553409999998e+06,1.2137186331528937e-06,low,f,2026-07-21 18:09:27.94638+00,NULL
1aa5a7be-14d3-4094-9265-de68f5f4aed9,1,CASH_OUT,139054.95,C2092709730,0,0,C1749186397,182538.03,277515.05,139054.95,44077.92999999999,1.3982333257445134e-05,low,f,2026-07-21 18:09:27.94638+00,NULL
1af21ed7-157d-43a6-ab3c-b83b8e55199c,1,TRANSFER,62610.8,C1976401987,79114,16503.2,C1937962514,517,8383.29,0,54744.51,9.442200098419562e-05,low,f,2026-07-22 14:32:45.41286+00,NULL
1b2a872e-1ed5-4d41-86cc-42b75dddfc43,1,CASH_OUT,94253.33,C1718906711,25203.05,0,C977993101,99773,965870.05,69050.28,-771843.72,0.7874657418382247,medium,f,2026-07-21 22:40:05.036496+00,NULL
1b4c42fd-1fcf-4c0c-ace1-1ad4d723a67b,1,TRANSFER,581294.26,C843299092,0,0,C1590550415,5.19548215e+06,1.916920493e+07,581294.26,-1.339242852e+07,1.2274892924324377e-06,low,f,2026-07-21 21:32:31.390253+00,NULL
1bc0a174-8465-42b6-95ba-ca6601e44127,1,CASH_OUT,19162.08,C25936709,0,0,C885951223,60169,215851.28,19162.08,-136520.2,1.1775269967984059e-06,low,f,2026-07-21 18:09:27.94638+00,NULL
1bdbc216-6036-4c62-bada-bef12d22639a,1,TRANSFER,330757.04,C1494346128,103657,0,C564160838,79676,1.25495607e+06,227100.03999999998,-844523.03,2.475708924976061e-06,low,f,2026-07-21 18:09:27.94638+00,NULL
1bde822c-6392-4ffd-a46d-c7e88d58f9f7,1,TRANSFER,78766.03,C1376151044,0,0,C1749186397,103772,277515.05,78766.03,-94977.01999999999,0.7742008317458595,medium,f,2026-07-21 22:40:05.036496+00,NULL
1c959660-a0ef-409d-9aa9-59801d1e2b7c,1,TRANSFER,181,C1305486145,181,0,C553264065,0,0,0,181,0.5,medium,t,2026-07-21 22:44:15.695574+00,NULL
1ca75f3d-b751-42bd-a13d-bb8e640fcdf7,1,CASH_OUT,68912.23,C1620529408,0,0,C1688019098,237326.8,97263.78,68912.23,208975.24999999997,0.7229650258352822,medium,f,2026-07-21 18:09:28.817642+00,NULL
1d42e023-0be2-456a-84ee-8877e9f8bbdb,1,CASH_OUT,181,C840083671,181,0,C38997010,21182,0,0,21363,0.52,medium,t,2026-07-22 14:36:40.363609+00,NULL
1d644165-9cc1-4dbd-926f-d09fab2ce105,1,TRANSFER,224606.64,C873175411,0,0,C766572210,354678.92,0,224606.64,579285.56,3.951279552438791e-07,low,f,2026-07-21 22:25:07.934266+00,NULL
1d6588a6-c270-4b9f-b7d6-3a7399220399,1,CASH_OUT,5346.89,C512549200,0,0,C248609774,652637,6.45343091e+06,5346.89,-5.7954470200000005e+06,0.2134052044821651,medium,f,2026-07-21 22:51:18.176483+00,NULL
1db6d2a0-6f91-4a3e-b1b0-b160bc861451,1,TRANSFER,311685.89,C1984094095,10835,0,C932583850,6267,2.71917289e+06,300850.89,-2.40122e+06,0.38960025811056365,medium,f,2026-07-21 22:30:53.950264+00,NULL
1e34109a-43ad-4d8c-9270-ca56d1915180,1,TRANSFER,147543.1,C12905860,0,0,C1359044626,223220,16518.36,147543.1,354244.74,0.3584841547317382,medium,f,2026-07-21 22:32:49.852477+00,NULL
1e3f78a8-4a2e-476f-be76-764c8ac381ec,1,CASH_OUT,335416.51,C743778731,144478,0,C575335780,295,52415.15,190938.51,283296.36,0.0001762851607054472,low,f,2026-07-21 21:32:31.390253+00,NULL
1e475b29-d8b4-4e25-bf24-6d53b2043da2,1,CASH_OUT,181,C840083671,181,0,C38997010,21182,0,0,21363,0.52,medium,t,2026-07-21 22:32:49.852477+00,NULL
1e75f80d-103b-4343-9c84-33437437e868,1,TRANSFER,215310.3,C1670993182,705,0,C1100439041,22425,0,214605.3,237735.3,0.5376968274335095,medium,f,2026-07-21 22:51:18.176483+00,NULL
1e8c73d4-b844-47c9-a34e-501d458c486e,1,TRANSFER,78766.03,C1376151044,0,0,C1749186397,103772,277515.05,78766.03,-94977.01999999999,3.880912117892876e-06,low,f,2026-07-21 22:41:46.081867+00,NULL
1ea0e7d7-c5d4-4727-9788-f0012f922562,1,CASH_OUT,94253.33,C1718906711,25203.05,0,C977993101,99773,965870.05,69050.28,-771843.72,9.900806617224589e-06,low,f,2026-07-21 18:09:27.94638+00,NULL
1fd23385-5578-44f1-b293-30dbc1fa4e29,1,TRANSFER,209711.11,C1556867940,0,0,C1509514333,399214.71,2415.16,209711.11,606510.66,2.3312044561407674e-07,low,f,2026-07-21 21:32:31.390253+00,NULL
206e14e1-6901-4478-910f-aac1589a7fb0,1,TRANSFER,330757.04,C1494346128,103657,0,C564160838,79676,1.25495607e+06,227100.03999999998,-844523.03,0.7656685878324542,medium,f,2026-07-22 14:36:40.363609+00,NULL
20a92d29-3b2b-44ef-8715-df357378af6f,1,CASH_OUT,110414.71,C768216420,26845.41,0,C1509514333,288800,2415.16,83569.3,396799.55000000005,3.862027369905263e-06,low,f,2026-07-22 14:32:45.41286+00,NULL
20b165ae-43bc-497f-bef1-9b1d476c05b0,1,TRANSFER,78766.03,C1376151044,0,0,C1749186397,103772,277515.05,78766.03,-94977.01999999999,0.5167306443664782,medium,f,2026-07-23 13:43:14.863034+00,NULL
20b3679a-e95c-4c41-88e3-7b7de2c2be79,1,CASH_OUT,82940.31,C1528834618,3017.87,0,C476800120,132372,49864.36,79922.44,165447.95,1.2160126061644405e-06,low,f,2026-07-21 22:47:30.768623+00,NULL
20dc2238-a768-4701-9558-26b919776544,1,TRANSFER,761507.39,C412788346,0,0,C1590550415,1.28003623e+06,1.916920493e+07,761507.39,-1.712766131e+07,2.5380413148923253e-07,low,f,2026-07-23 13:43:14.863034+00,NULL
21607e76-0a3c-401e-a54e-c4e586dd0ffe,1,TRANSFER,379856.23,C1449772539,0,0,C1590550415,900180,1.916920493e+07,379856.23,-1.78891687e+07,1.0090026592024515e-08,low,f,2026-07-21 21:32:31.390253+00,NULL
21b7fd35-4abe-4eeb-85db-5fe814194167,1,CASH_OUT,118056.71,C1060703587,0,0,C757108857,272906.49,0,118056.71,390963.2,0.6769652054792227,medium,f,2026-07-22 14:19:57.970992+00,NULL
21dc2803-38c3-40af-80e0-2f579d43a314,1,CASH_OUT,88834.86,C938463537,0,0,C985934102,464326.57,971418.91,88834.86,-418257.48,2.9749949703727907e-07,low,f,2026-07-21 18:09:27.94638+00,NULL
22291610-850e-45bb-9858-806b7e91591d,1,TRANSFER,367768.4,C288306765,0,0,C1359044626,370763.1,16518.36,367768.4,722013.14,0.168068064283169,medium,f,2026-07-22 14:36:40.363609+00,NULL
22ba6192-4ed3-4c76-8447-13386e234813,1,TRANSFER,379856.23,C1449772539,0,0,C1590550415,900180,1.916920493e+07,379856.23,-1.78891687e+07,0.6113407560872826,medium,f,2026-07-21 22:30:53.950264+00,NULL
22bb1a7c-0094-4433-94d4-2b026a45f408,1,TRANSFER,177652.91,C753631393,23720,0,C716157500,55,4894.45,153932.91,172813.46,8.855640044203028e-05,low,f,2026-07-21 18:09:27.94638+00,NULL
22e4a8f4-4866-4c75-b6de-b1d603dc2ce3,1,TRANSFER,77957.68,C207471778,0,0,C1761291320,94900,22233.65,77957.68,150624.03,6.275124064814008e-07,low,f,2026-07-21 22:47:30.768623+00,NULL
237bf4fb-2911-46e9-80d9-013aad7b6787,1,CASH_OUT,82940.31,C1528834618,3017.87,0,C476800120,132372,49864.36,79922.44,165447.95,0.25518394686910895,medium,f,2026-07-21 22:51:18.176483+00,NULL
239e8f26-715e-4e37-b3cf-554356634a6b,1,CASH_OUT,56953.9,C1570470538,1942.02,0,C824009085,70253,64106.18,55011.880000000005,63100.719999999994,0.29662077586069446,medium,f,2026-07-22 14:32:45.41286+00,NULL
23d639d3-7442-401f-956f-cfbaeabcbb9b,1,TRANSFER,77957.68,C207471778,0,0,C1761291320,94900,22233.65,77957.68,150624.03,6.275124064814008e-07,low,f,2026-07-23 13:43:14.863034+00,NULL
23e15327-da5c-4bb3-8227-160584ac6498,1,TRANSFER,224606.64,C873175411,0,0,C766572210,354678.92,0,224606.64,579285.56,3.951279552438791e-07,low,f,2026-07-21 22:47:30.768623+00,NULL
24630407-1cb2-4f89-bbd6-a3395ad49e7c,1,TRANSFER,554026.99,C1603696865,0,0,C766572210,579285.56,0,554026.99,1.13331255e+06,1.1865068649807853e-10,low,f,2026-07-22 16:38:30.993531+00,NULL
24670b40-309a-4d03-84f9-d9c4edbad922,1,CASH_OUT,169409.87,C888611662,0,0,C401424608,909124.16,1.17880814e+06,169409.87,-100274.10999999987,0.5278934473032393,medium,f,2026-07-22 14:19:57.970992+00,NULL
24d85e1e-28f4-442f-a4a8-7566575b67f1,1,TRANSFER,62610.8,C1976401987,79114,16503.2,C1937962514,517,8383.29,0,54744.51,9.442200098419562e-05,low,f,2026-07-21 22:26:52.945046+00,NULL
254a2cdf-e1f0-46b2-94f9-9f75f492ef08,1,TRANSFER,147543.1,C12905860,0,0,C1359044626,223220,16518.36,147543.1,354244.74,4.030195555060345e-07,low,f,2026-07-22 14:36:40.363609+00,NULL
259590db-0672-4fce-a0d6-fd772bd3b00f,1,CASH_OUT,75405.1,C263053820,0,0,C1870252780,104209,46462.23,75405.1,133151.87,8.151361612362962e-07,low,f,2026-07-21 18:09:27.94638+00,NULL
25ae2beb-d4cb-42d1-b064-9c6ca85e3f1d,1,TRANSFER,761507.39,C412788346,0,0,C1590550415,1.28003623e+06,1.916920493e+07,761507.39,-1.712766131e+07,2.5380413148923253e-07,low,f,2026-07-21 22:51:18.176483+00,NULL
25b65d9e-555d-497c-aca5-d0465fd75da6,1,TRANSFER,177652.91,C753631393,23720,0,C716157500,55,4894.45,153932.91,172813.46,8.855640044203028e-05,low,f,2026-07-22 14:19:57.048314+00,NULL
264dab56-73b0-41ba-ae03-da362707b42d,1,TRANSFER,184986.8,C697508322,39588,0,C1688019098,52340,97263.78,145398.8,140063.02,2.4690598365850747e-06,low,f,2026-07-22 14:36:40.363609+00,NULL
268099c0-909b-47e7-80ec-0dfe8dfb4b8f,1,TRANSFER,77957.68,C207471778,0,0,C1761291320,94900,22233.65,77957.68,150624.03,0.13634996434794502,medium,f,2026-07-21 22:41:46.081867+00,NULL
269ef4e1-91cf-4ea3-9021-c8fa4c719270,1,TRANSFER,184986.8,C697508322,39588,0,C1688019098,52340,97263.78,145398.8,140063.02,2.4690598365850747e-06,low,f,2026-07-21 18:09:27.94638+00,NULL
269f4682-5aa4-483b-a727-ee2785f9f7e8,1,CASH_OUT,289645.52,C1446001495,0,0,C1023714065,871442.79,1.41248409e+06,289645.52,-251395.78000000003,2.1300618158193174e-08,low,f,2026-07-22 14:19:57.048314+00,NULL
26a21a9c-cee6-480a-99d3-95f668e9f1cf,1,CASH_OUT,23261.3,C2072313080,20411.53,0,C2001112025,25742,0,2849.7700000000004,49003.3,0.00017633289098739624,low,f,2026-07-22 14:19:57.048314+00,NULL
26b80b93-3a05-4ca2-9144-837cc11fb0d1,1,CASH_OUT,44443.08,C269892014,0,0,C1590550415,6.04864754e+06,1.916920493e+07,44443.08,-1.3076114309999999e+07,0.2672803606517117,medium,f,2026-07-21 18:09:28.817642+00,NULL
2707947b-4d2f-4a48-980c-51b73539fa24,1,TRANSFER,177652.91,C753631393,23720,0,C716157500,55,4894.45,153932.91,172813.46,8.855640044203028e-05,low,f,2026-07-22 14:36:40.363609+00,NULL
27b2b169-8e70-4d09-b945-2085cd58feb3,1,TRANSFER,224606.64,C873175411,0,0,C766572210,354678.92,0,224606.64,579285.56,0.3111885212077653,medium,f,2026-07-22 16:38:30.993531+00,NULL
281f70d4-c9d9-4438-8690-41cbdc09d2f8,1,TRANSFER,1.50562601e+06,C926859124,0,0,C665576141,29031,5.51576334e+06,1.50562601e+06,-3.98110633e+06,1.2832265383622143e-06,low,f,2026-07-23 13:43:14.863034+00,NULL
282b3ad4-2890-4445-a9c7-963f80a4f943,1,TRANSFER,77957.68,C207471778,0,0,C1761291320,94900,22233.65,77957.68,150624.03,0.4202959772502932,medium,f,2026-07-21 22:26:52.945046+00,NULL
2838758d-c28c-49b9-86b9-4022fabe1554,1,TRANSFER,379856.23,C1449772539,0,0,C1590550415,900180,1.916920493e+07,379856.23,-1.78891687e+07,1.0090026592024515e-08,low,f,2026-07-23 13:43:14.863034+00,NULL
285875e5-e04e-49c8-8bbe-b37063eba034,1,CASH_OUT,82940.31,C1528834618,3017.87,0,C476800120,132372,49864.36,79922.44,165447.95,1.2160126061644405e-06,low,f,2026-07-22 16:38:30.993531+00,NULL
287ff956-56da-4380-8483-99f04156bb97,1,CASH_OUT,85423.63,C460741164,0,0,C1590550415,5.77677641e+06,1.916920493e+07,85423.63,-1.330700489e+07,8.754574082558975e-06,low,f,2026-07-21 21:32:31.390253+00,NULL
28ab1ef8-1675-4038-8832-29f8a96ad3cf,1,CASH_OUT,47458.86,C527211736,209534.84,162075.98,C2096057945,52120,0,2.9103830456733704e-11,99578.86,0.7512399119242117,medium,f,2026-07-21 22:26:52.945046+00,NULL
28d1a638-dbb3-484c-8475-a1cd24804a99,1,TRANSFER,62610.8,C1976401987,79114,16503.2,C1937962514,517,8383.29,0,54744.51,0.1391674537155521,medium,f,2026-07-21 22:30:53.950264+00,NULL
29834b7c-111c-4460-81d4-dd8b339117aa,1,TRANSFER,554026.99,C1603696865,0,0,C766572210,579285.56,0,554026.99,1.13331255e+06,0.30705637080733006,medium,f,2026-07-23 13:43:14.863034+00,NULL
299bed53-12f8-4b43-a558-9925446ff7d6,1,TRANSFER,209711.11,C1556867940,0,0,C1509514333,399214.71,2415.16,209711.11,606510.66,2.3312044561407674e-07,low,f,2026-07-22 14:36:40.363609+00,NULL
29b8f264-6331-4ce8-b769-b4c7840a59de,1,CASH_OUT,5346.89,C512549200,0,0,C248609774,652637,6.45343091e+06,5346.89,-5.7954470200000005e+06,5.352217158360872e-07,low,f,2026-07-22 14:36:40.363609+00,NULL
29e58073-a356-4982-9f88-2e9241b1bc05,1,TRANSFER,224606.64,C873175411,0,0,C766572210,354678.92,0,224606.64,579285.56,3.951279552438791e-07,low,f,2026-07-22 14:36:40.363609+00,NULL
2a15566a-06b1-4e59-a5ea-c8b069a89bef,1,TRANSFER,42712.39,C283039401,10363.39,0,C1330106945,57901.66,24044.18,32349,76569.87,1.8204849538960843e-06,low,f,2026-07-21 22:47:30.768623+00,NULL
2a343feb-03db-4fc4-af27-2bdc2b1bc25e,1,TRANSFER,554026.99,C1603696865,0,0,C766572210,579285.56,0,554026.99,1.13331255e+06,1.1865068649807853e-10,low,f,2026-07-21 22:44:15.695574+00,NULL
2a9f4208-9c06-445f-beda-78d3e13be5bc,1,TRANSFER,42712.39,C283039401,10363.39,0,C1330106945,57901.66,24044.18,32349,76569.87,1.8204849538960843e-06,low,f,2026-07-21 22:25:07.934266+00,NULL
2ad2cb5d-43d3-42dc-ba54-a335caf4502e,1,CASH_OUT,229133.94,C905080434,15325,0,C476402209,5083,51513.44,213808.94,182703.5,0.44852539421151627,medium,f,2026-07-21 22:41:46.081867+00,NULL
2b32137f-0d68-4ae3-8791-3ce74d7630c3,1,CASH_OUT,335416.51,C743778731,144478,0,C575335780,295,52415.15,190938.51,283296.36,0.652258590048653,medium,f,2026-07-21 18:09:28.817642+00,NULL
2b3d8d4e-19bb-4edc-986a-8ec20de94af3,1,TRANSFER,42712.39,C283039401,10363.39,0,C1330106945,57901.66,24044.18,32349,76569.87,0.5747475272845466,medium,f,2026-07-22 14:32:45.41286+00,NULL
2b49bd82-1829-49b1-a348-66b50d079b75,1,CASH_OUT,110414.71,C768216420,26845.41,0,C1509514333,288800,2415.16,83569.3,396799.55000000005,0.2871372722884661,medium,f,2026-07-21 22:26:52.945046+00,NULL
2b7fbad1-350b-4361-9ee4-3806338ca3cf,1,TRANSFER,215310.3,C1670993182,705,0,C1100439041,22425,0,214605.3,237735.3,1.1586042091948912e-05,low,f,2026-07-22 14:19:57.048314+00,NULL
2bdd42ba-9265-46ab-878b-bf11a2b47d0a,1,CASH_OUT,85423.63,C460741164,0,0,C1590550415,5.77677641e+06,1.916920493e+07,85423.63,-1.330700489e+07,0.44499624952994554,medium,f,2026-07-22 14:32:45.41286+00,NULL
2c0f763b-e241-45f3-b5fc-1918fca8f4b0,1,TRANSFER,147543.1,C12905860,0,0,C1359044626,223220,16518.36,147543.1,354244.74,0.3144523288522717,medium,f,2026-07-21 22:25:07.934266+00,NULL
2c81af2e-b398-447e-b5bb-21322e40194b,1,CASH_OUT,56953.9,C1570470538,1942.02,0,C824009085,70253,64106.18,55011.880000000005,63100.719999999994,2.31321359933645e-06,low,f,2026-07-22 14:36:40.363609+00,NULL
2cde37f3-7d34-4379-9b1d-d724e39c981f,1,TRANSFER,379856.23,C1449772539,0,0,C1590550415,900180,1.916920493e+07,379856.23,-1.78891687e+07,1.0090026592024515e-08,low,f,2026-07-22 14:19:57.048314+00,NULL
2ce8582e-0adf-47de-a4b4-265f72ae1ba2,1,TRANSFER,1.42905147e+06,C1520267010,0,0,C1590550415,2.04154362e+06,1.916920493e+07,1.42905147e+06,-1.569860984e+07,0.22768561011189417,medium,f,2026-07-21 22:32:49.852477+00,NULL
2d28fb63-b085-4e1f-843b-acd949df8792,1,CASH_OUT,220691.42,C1123559518,0,0,C1590550415,6.09309062e+06,1.916920493e+07,220691.42,-1.285542289e+07,3.3837477531051263e-06,low,f,2026-07-21 18:09:27.94638+00,NULL
2d485b6f-1cc1-44c2-94c9-1c65f3ae49dd,1,CASH_OUT,47458.86,C527211736,209534.84,162075.98,C2096057945,52120,0,2.9103830456733704e-11,99578.86,0.776451178869226,medium,f,2026-07-21 22:40:05.036496+00,NULL
2d6997c5-74ca-472f-a937-64f671c6b231,1,TRANSFER,77957.68,C207471778,0,0,C1761291320,94900,22233.65,77957.68,150624.03,0.20117845287857888,medium,f,2026-07-22 14:32:45.41286+00,NULL
2d710f95-ad1e-4abd-a964-a1a6176fe363,1,CASH_OUT,467177.03,C1338905451,28112.02,0,C1170794006,975121,22190.99,439065.01,1.42010704e+06,1.2294665285850215e-09,low,f,2026-07-22 14:19:57.048314+00,NULL
2df848fb-b1f0-4bc5-959f-77bf5982877a,1,CASH_OUT,56953.9,C1570470538,1942.02,0,C824009085,70253,64106.18,55011.880000000005,63100.719999999994,0.5579439158217598,medium,f,2026-07-21 22:30:53.950264+00,NULL
2e21164f-6dea-48f6-8ff9-5513b7001456,1,CASH_OUT,56953.9,C1570470538,1942.02,0,C824009085,70253,64106.18,55011.880000000005,63100.719999999994,0.2978945403606247,medium,f,2026-07-21 21:32:31.390253+00,NULL
2e7c2ecc-d545-4ad2-b0c2-0261a101f42b,1,TRANSFER,379856.23,C1449772539,0,0,C1590550415,900180,1.916920493e+07,379856.23,-1.78891687e+07,1.0090026592024515e-08,low,f,2026-07-21 22:25:07.934266+00,NULL
2eb36f00-38a1-4ca0-a279-52625635d187,1,CASH_OUT,82940.31,C1528834618,3017.87,0,C476800120,132372,49864.36,79922.44,165447.95,0.273986262489881,medium,f,2026-07-22 14:32:45.41286+00,NULL
2f3d89a2-5b53-4aa7-b06d-6faca49b3e02,1,TRANSFER,215310.3,C1670993182,705,0,C1100439041,22425,0,214605.3,237735.3,1.1586042091948912e-05,low,f,2026-07-21 22:30:53.950264+00,NULL
2f92c951-9237-4011-a2d1-9b8d1c3d40b6,1,CASH_OUT,110414.71,C768216420,26845.41,0,C1509514333,288800,2415.16,83569.3,396799.55000000005,0.3125142510670907,medium,f,2026-07-22 14:36:40.363609+00,NULL
2fd023c0-16ba-4d8e-8435-a085826b2ddb,1,CASH_OUT,229133.94,C905080434,15325,0,C476402209,5083,51513.44,213808.94,182703.5,0.0003087619552388787,low,f,2026-07-21 22:40:05.036496+00,NULL
30194b53-edea-412f-a704-b1119a890222,1,TRANSFER,224606.64,C873175411,0,0,C766572210,354678.92,0,224606.64,579285.56,3.951279552438791e-07,low,f,2026-07-23 13:43:14.863034+00,NULL
301a7fee-ffef-4298-ba1b-f07e1bb5e5ab,1,TRANSFER,1.42905147e+06,C1520267010,0,0,C1590550415,2.04154362e+06,1.916920493e+07,1.42905147e+06,-1.569860984e+07,0.6499167993578683,medium,f,2026-07-21 22:25:07.934266+00,NULL
304a376c-f109-4d7a-8266-7162d4a6e9d6,1,TRANSFER,147543.1,C12905860,0,0,C1359044626,223220,16518.36,147543.1,354244.74,4.030195555060345e-07,low,f,2026-07-21 22:30:53.950264+00,NULL
312c95d1-2051-43c1-8c1b-1441825b14b8,1,CASH_OUT,23261.3,C2072313080,20411.53,0,C2001112025,25742,0,2849.7700000000004,49003.3,0.00017633289098739624,low,f,2026-07-21 22:30:53.950264+00,NULL
3179e30c-2895-4e92-9f3b-1dd7a220e9a0,1,CASH_OUT,229133.94,C905080434,15325,0,C476402209,5083,51513.44,213808.94,182703.5,0.0003087619552388787,low,f,2026-07-22 14:19:57.048314+00,NULL
31c1259d-11e9-4540-a5e0-5521335dfbcd,1,CASH_OUT,47458.86,C527211736,209534.84,162075.98,C2096057945,52120,0,2.9103830456733704e-11,99578.86,2.844415348590701e-06,low,f,2026-07-22 14:36:40.363609+00,NULL
31cbf2d4-f3ec-4122-a462-d15c395936fe,1,TRANSFER,311685.89,C1984094095,10835,0,C932583850,6267,2.71917289e+06,300850.89,-2.40122e+06,8.098261901068327e-07,low,f,2026-07-21 21:32:31.390253+00,NULL
324c1d78-f345-4535-962b-1442f54e1ac3,1,TRANSFER,78766.03,C1376151044,0,0,C1749186397,103772,277515.05,78766.03,-94977.01999999999,0.7487465353035618,medium,f,2026-07-22 14:36:40.363609+00,NULL
3252f440-c4ab-421d-a5f3-3dc2c64da36f,1,TRANSFER,215310.3,C1670993182,705,0,C1100439041,22425,0,214605.3,237735.3,1.1586042091948912e-05,low,f,2026-07-21 21:32:31.390253+00,NULL
329160d7-4684-446f-a879-db1fecc4bcd2,1,CASH_OUT,229133.94,C905080434,15325,0,C476402209,5083,51513.44,213808.94,182703.5,0.258998587316176,medium,f,2026-07-21 22:25:07.934266+00,NULL
337a2d38-868b-450e-8477-0e9433a4efeb,1,TRANSFER,311685.89,C1984094095,10835,0,C932583850,6267,2.71917289e+06,300850.89,-2.40122e+06,0.1581433248947941,medium,f,2026-07-21 22:40:05.036496+00,NULL
33c8f036-998e-49bf-8c26-1ffafba44a29,1,CASH_OUT,94253.33,C1718906711,25203.05,0,C977993101,99773,965870.05,69050.28,-771843.72,9.900806617224589e-06,low,f,2026-07-21 22:32:49.852477+00,NULL
343b31e4-f129-4b5d-be0b-034e3ad955c0,1,CASH_OUT,56953.9,C1570470538,1942.02,0,C824009085,70253,64106.18,55011.880000000005,63100.719999999994,2.31321359933645e-06,low,f,2026-07-21 22:44:15.695574+00,NULL
3454b338-d65f-4dd5-a850-95fc081bbf78,1,CASH_OUT,176149.9,C24650043,0,0,C736709391,259813,46820.71,176149.9,389142.19,0.2771731926266622,medium,f,2026-07-21 21:32:31.390253+00,NULL
3494eaae-4a24-4386-9d63-93626728b385,1,CASH_OUT,110414.71,C768216420,26845.41,0,C1509514333,288800,2415.16,83569.3,396799.55000000005,3.862027369905263e-06,low,f,2026-07-22 16:38:30.993531+00,NULL
34bd444b-484e-44f6-a91f-3873c795c305,1,CASH_OUT,89038.75,C1233327519,0,0,C2083562754,189808,1.18655681e+06,89038.75,-907710.06,0.6988370383032791,medium,f,2026-07-21 18:09:28.817642+00,NULL
34d567fe-8d3a-426a-9b58-55ddc8f16653,1,TRANSFER,78766.03,C1376151044,0,0,C1749186397,103772,277515.05,78766.03,-94977.01999999999,3.880912117892876e-06,low,f,2026-07-21 22:25:07.934266+00,NULL
34fd1915-c244-4fdd-9e44-6477b3d4d4ec,1,TRANSFER,215310.3,C1670993182,705,0,C1100439041,22425,0,214605.3,237735.3,1.1586042091948912e-05,low,f,2026-07-22 14:32:45.41286+00,NULL
354bf567-295b-4880-9ee0-88a84305a59e,1,CASH_OUT,171369.73,C2123222442,0,0,C451111351,1.12237094e+06,3.94008521e+06,171369.73,-2.64634454e+06,0.6546929250167209,medium,f,2026-07-21 18:09:28.817642+00,NULL
358ac9ad-f388-48bb-97b3-c7233e02b361,1,CASH_OUT,110414.71,C768216420,26845.41,0,C1509514333,288800,2415.16,83569.3,396799.55000000005,0.7227264608297976,medium,f,2026-07-22 16:38:30.993531+00,NULL
35995536-1059-42f0-acb8-6ff12a59caa6,1,TRANSFER,177652.91,C753631393,23720,0,C716157500,55,4894.45,153932.91,172813.46,0.11892739895754864,medium,f,2026-07-21 21:32:31.390253+00,NULL
360608ea-7510-4df5-9a71-0aadf6210d52,1,TRANSFER,181,C1305486145,181,0,C553264065,0,0,0,181,0.5,medium,t,2026-07-23 13:43:14.863034+00,NULL
362deec3-a7b7-4d66-b69d-22b8eda553a1,1,TRANSFER,311685.89,C1984094095,10835,0,C932583850,6267,2.71917289e+06,300850.89,-2.40122e+06,0.4174446710890892,medium,f,2026-07-21 22:44:15.695574+00,NULL
36618420-2451-4606-9afa-7c0492ac05a2,1,TRANSFER,1.42905147e+06,C1520267010,0,0,C1590550415,2.04154362e+06,1.916920493e+07,1.42905147e+06,-1.569860984e+07,1.1477848602226004e-05,low,f,2026-07-22 14:32:45.41286+00,NULL
367347d9-9610-4ffa-9c46-20a0102a3851,1,TRANSFER,761507.39,C412788346,0,0,C1590550415,1.28003623e+06,1.916920493e+07,761507.39,-1.712766131e+07,0.6874177916805948,medium,f,2026-07-21 22:25:07.934266+00,NULL
36735ea8-d737-4061-8fca-e344bae1d5b0,1,CASH_OUT,229133.94,C905080434,15325,0,C476402209,5083,51513.44,213808.94,182703.5,0.6737657905129496,medium,f,2026-07-21 22:40:05.036496+00,NULL
36868b1d-ca24-4efd-a340-d73fdbcbecb4,1,TRANSFER,77957.68,C207471778,0,0,C1761291320,94900,22233.65,77957.68,150624.03,6.275124064814008e-07,low,f,2026-07-21 22:30:53.950264+00,NULL
369e126b-4c27-473d-869c-da4957e40c93,1,CASH_OUT,25793.74,C1966355106,0,0,C476800120,215312.31,49864.36,25793.74,191241.69,1.1699924016284058e-06,low,f,2026-07-22 14:19:57.048314+00,NULL
3702e7a6-e859-4b46-8a9d-11ce9d7c3b1a,1,CASH_OUT,94253.33,C1718906711,25203.05,0,C977993101,99773,965870.05,69050.28,-771843.72,0.7642310831759279,medium,f,2026-07-21 22:32:49.852477+00,NULL
3783f3e0-a22f-468e-a6ea-a3384118e583,1,TRANSFER,181,C1305486145,181,0,C553264065,0,0,0,181,0.5,medium,t,2026-07-21 21:32:31.390253+00,NULL
3794e4ac-c1a3-482a-ae09-141058a7dd66,1,CASH_OUT,82940.31,C1528834618,3017.87,0,C476800120,132372,49864.36,79922.44,165447.95,0.22307085407670613,medium,f,2026-07-23 13:43:14.863034+00,NULL
37a87944-0c00-41fc-887b-66bf1fa99eaa,1,TRANSFER,581294.26,C843299092,0,0,C1590550415,5.19548215e+06,1.916920493e+07,581294.26,-1.339242852e+07,1.2274892924324377e-06,low,f,2026-07-22 14:36:40.363609+00,NULL
389a8017-d0b5-4f9b-b90c-33e1b8e1cc84,1,TRANSFER,367768.4,C288306765,0,0,C1359044626,370763.1,16518.36,367768.4,722013.14,0.2835676988268464,medium,f,2026-07-22 14:32:45.41286+00,NULL
38dc76c8-5f26-44ee-85ea-20adf724f9e2,1,CASH_OUT,80311.89,C172215878,0,0,C434091818,87408,63112.23,80311.89,104607.66,1.5506292356803897e-06,low,f,2026-07-22 14:19:57.048314+00,NULL
38e70bd8-5595-4dff-a8a4-33b3195997e5,1,TRANSFER,311685.89,C1984094095,10835,0,C932583850,6267,2.71917289e+06,300850.89,-2.40122e+06,0.4932792350105082,medium,f,2026-07-21 22:41:46.081867+00,NULL
38eabaa3-3e3c-4633-8660-6b8fc77cd20f,1,CASH_OUT,81029.86,C324112183,0,0,C288665596,105343,8496.61,81029.86,177876.25,8.151361612362962e-07,low,f,2026-07-22 14:19:57.048314+00,NULL
3942b580-4fd7-4f46-b603-dda4c19ebfed,1,TRANSFER,125872.53,C1443967876,0,0,C392292416,348512,3.42010309e+06,125872.53,-2.9457185599999996e+06,5.244171006779652e-06,low,f,2026-07-22 14:32:45.41286+00,NULL
39d314e2-5bb2-4036-a459-974b3f453955,1,TRANSFER,554026.99,C1603696865,0,0,C766572210,579285.56,0,554026.99,1.13331255e+06,1.1865068649807853e-10,low,f,2026-07-21 22:41:46.081867+00,NULL
39dfffaf-b8ca-4ca0-af64-0b5b8b4510c6,1,TRANSFER,554026.99,C1603696865,0,0,C766572210,579285.56,0,554026.99,1.13331255e+06,1.1865068649807853e-10,low,f,2026-07-21 18:09:27.94638+00,NULL
39fde90a-577f-47c5-ab79-5060180bab62,1,TRANSFER,554026.99,C1603696865,0,0,C766572210,579285.56,0,554026.99,1.13331255e+06,1.1865068649807853e-10,low,f,2026-07-21 22:47:30.768623+00,NULL
3a134feb-7bfa-4aeb-887a-64b95fcbb0b2,1,TRANSFER,125872.53,C1443967876,0,0,C392292416,348512,3.42010309e+06,125872.53,-2.9457185599999996e+06,5.244171006779652e-06,low,f,2026-07-21 22:32:49.852477+00,NULL
3a220ea9-714a-4923-bcfc-51a29d33a60e,1,TRANSFER,125872.53,C1443967876,0,0,C392292416,348512,3.42010309e+06,125872.53,-2.9457185599999996e+06,5.244171006779652e-06,low,f,2026-07-21 22:40:05.036496+00,NULL
3a3b829d-7b94-4ac9-a06a-1458ffd3fe2e,1,TRANSFER,77957.68,C207471778,0,0,C1761291320,94900,22233.65,77957.68,150624.03,6.275124064814008e-07,low,f,2026-07-21 21:32:31.390253+00,NULL
3a3f46b0-0920-4b0c-ab37-2498379ee461,1,CASH_OUT,28404.6,C2091072548,0,0,C1282788025,51744,0,28404.6,80148.6,2.225669732069946e-06,low,f,2026-07-21 18:09:27.94638+00,NULL
3a83dfca-4710-44ed-96f4-72ec5dcd1844,1,TRANSFER,62610.8,C1976401987,79114,16503.2,C1937962514,517,8383.29,0,54744.51,9.442200098419562e-05,low,f,2026-07-22 14:19:57.048314+00,NULL
3b0a7a37-36c9-45ac-9df7-b03032ca306b,1,TRANSFER,78766.03,C1376151044,0,0,C1749186397,103772,277515.05,78766.03,-94977.01999999999,3.880912117892876e-06,low,f,2026-07-21 22:47:30.768623+00,NULL
3bbcdf6b-4e4f-4034-a17d-f723d85ead7c,1,TRANSFER,17231.46,C1243171897,0,0,C783286238,24672,0,17231.46,41903.46,3.4573670291138114e-06,low,f,2026-07-23 13:43:14.863034+00,NULL
3bf7fa16-5187-4d79-960a-4954773e9e12,1,CASH_OUT,56953.9,C1570470538,1942.02,0,C824009085,70253,64106.18,55011.880000000005,63100.719999999994,0.2844296847575901,medium,f,2026-07-21 22:41:46.081867+00,NULL
3c079ad3-6506-46fb-be56-0d8f60f56fdf,1,TRANSFER,177652.91,C753631393,23720,0,C716157500,55,4894.45,153932.91,172813.46,0.7788293813221131,medium,f,2026-07-21 18:09:28.817642+00,NULL
3c7003c7-b80e-44b8-9e2b-4fc4d386d8ef,1,TRANSFER,311685.89,C1984094095,10835,0,C932583850,6267,2.71917289e+06,300850.89,-2.40122e+06,8.098261901068327e-07,low,f,2026-07-23 13:43:14.863034+00,NULL
3c99263e-0501-4d1d-847a-4cf8009f3c3b,1,CASH_OUT,19162.08,C25936709,0,0,C885951223,60169,215851.28,19162.08,-136520.2,1.1775269967984059e-06,low,f,2026-07-22 14:19:57.048314+00,NULL
3ca29dd4-aea2-4823-9bf7-acde3e5d8a48,1,TRANSFER,125872.53,C1443967876,0,0,C392292416,348512,3.42010309e+06,125872.53,-2.9457185599999996e+06,0.1775128180645875,medium,f,2026-07-21 22:26:52.945046+00,NULL
3cb44565-81a2-4a82-bd14-8f4307af3076,1,CASH_OUT,229133.94,C905080434,15325,0,C476402209,5083,51513.44,213808.94,182703.5,0.605247071635169,medium,f,2026-07-23 13:43:14.863034+00,NULL
3d20ddfe-fc06-4626-ad4f-1474790c1870,1,CASH_OUT,36437.06,C2120063568,0,0,C1740000325,154606,1.36336851e+06,36437.06,-1.17232545e+06,1.157332462753402e-06,low,f,2026-07-22 14:19:57.048314+00,NULL
3d34b52c-11d2-431d-a15f-6482abe4cb51,1,CASH_OUT,82940.31,C1528834618,3017.87,0,C476800120,132372,49864.36,79922.44,165447.95,0.11442932457537099,medium,f,2026-07-22 16:38:30.993531+00,NULL
3d51596d-fcde-48b8-9705-ba53f4eee6c8,1,TRANSFER,358831.92,C908084672,0,0,C392292416,474384.53,3.42010309e+06,358831.92,-2.5868866399999997e+06,1.2723085696109138e-08,low,f,2026-07-22 14:36:40.363609+00,NULL
3d62543f-26a0-47ca-a886-4b2a3ecb5f60,1,CASH_OUT,23261.3,C2072313080,20411.53,0,C2001112025,25742,0,2849.7700000000004,49003.3,0.00017633289098739624,low,f,2026-07-21 21:32:31.390253+00,NULL
3d8dc62d-8148-44a4-8181-dde1ac66815d,1,CASH_OUT,50101.88,C1740826931,0,0,C97730845,67684,9.94033929e+06,50101.88,-9.822553409999998e+06,1.2137186331528937e-06,low,f,2026-07-21 21:32:31.390253+00,NULL
3da9f26d-af8d-4995-b68b-d5fa93f2f29d,1,CASH_OUT,202332.08,C1408279755,0,0,C453211571,342149.2,3.46166605e+06,202332.08,-2.9171847699999996e+06,8.928210490921629e-07,low,f,2026-07-22 14:19:57.048314+00,NULL
3df3f60f-e7e7-4cf3-9ec3-a18d2bb71754,1,TRANSFER,379856.23,C1449772539,0,0,C1590550415,900180,1.916920493e+07,379856.23,-1.78891687e+07,0.5996272909856271,medium,f,2026-07-23 13:43:14.863034+00,NULL
3e99ea8d-7028-45b9-8790-2bdd66cad1ac,1,TRANSFER,379856.23,C1449772539,0,0,C1590550415,900180,1.916920493e+07,379856.23,-1.78891687e+07,1.0090026592024515e-08,low,f,2026-07-21 22:41:46.081867+00,NULL
401b4b1b-385e-4118-b546-872629e0f7af,1,TRANSFER,1.42905147e+06,C1520267010,0,0,C1590550415,2.04154362e+06,1.916920493e+07,1.42905147e+06,-1.569860984e+07,0.27235353508189264,medium,f,2026-07-21 22:41:46.081867+00,NULL
4029972b-b7b7-40c1-a224-d40f65f8e1cd,1,TRANSFER,125872.53,C1443967876,0,0,C392292416,348512,3.42010309e+06,125872.53,-2.9457185599999996e+06,0.530141843038366,medium,f,2026-07-21 22:51:18.176483+00,NULL
409efb72-b4d1-4088-b53b-409daaf19eec,1,CASH_OUT,56953.9,C1570470538,1942.02,0,C824009085,70253,64106.18,55011.880000000005,63100.719999999994,0.12194188049013799,medium,f,2026-07-21 22:51:18.176483+00,NULL
40a7ef2c-c3df-4f09-b3ae-ec39e8d84ec3,1,CASH_OUT,296752.75,C589363823,0,0,C1531333864,404814.81,55974.56,296752.75,645593,3.2401698035755544e-07,low,f,2026-07-21 18:09:27.94638+00,NULL
41179b0a-089b-41b5-8cf1-c988124aefe6,1,CASH_OUT,47458.86,C527211736,209534.84,162075.98,C2096057945,52120,0,2.9103830456733704e-11,99578.86,2.844415348590701e-06,low,f,2026-07-21 18:09:27.94638+00,NULL
4122ad5b-12ce-4f5e-bb16-321055409314,1,CASH_OUT,57279.11,C1800649922,0,0,C824009085,127206.9,64106.18,57279.11,120379.83000000002,8.151361612362962e-07,low,f,2026-07-21 18:09:27.94638+00,NULL
412b25a8-9372-47ea-8d3f-5d41d0c0aa3b,1,CASH_OUT,82940.31,C1528834618,3017.87,0,C476800120,132372,49864.36,79922.44,165447.95,0.6739772966573971,medium,f,2026-07-21 22:44:15.695574+00,NULL
41e98cce-a8f7-465b-8962-523a593b8261,1,TRANSFER,11996.58,C605982374,0,0,C1225616405,40255,0,11996.58,52251.58,0.3687347065994091,medium,f,2026-07-22 14:19:57.970992+00,NULL
42a6991c-0eb1-4229-8a2b-3b35daa55166,1,TRANSFER,62610.8,C1976401987,79114,16503.2,C1937962514,517,8383.29,0,54744.51,9.442200098419562e-05,low,f,2026-07-21 22:51:18.176483+00,NULL
4311c18f-8b06-4ab2-83cd-d492b83f2487,1,TRANSFER,224606.64,C873175411,0,0,C766572210,354678.92,0,224606.64,579285.56,0.7926127269433867,medium,f,2026-07-21 22:25:07.934266+00,NULL
432fecd1-d189-4865-99f3-bb04e92fb115,1,CASH_OUT,82940.31,C1528834618,3017.87,0,C476800120,132372,49864.36,79922.44,165447.95,1.2160126061644405e-06,low,f,2026-07-23 13:43:14.863034+00,NULL
43634a4e-1e22-4db7-b674-64db4af69af0,1,TRANSFER,1.42905147e+06,C1520267010,0,0,C1590550415,2.04154362e+06,1.916920493e+07,1.42905147e+06,-1.569860984e+07,1.1477848602226004e-05,low,f,2026-07-21 22:30:53.950264+00,NULL
4378aac4-d25f-4147-9788-54f36bf6c94c,1,TRANSFER,1.50562601e+06,C926859124,0,0,C665576141,29031,5.51576334e+06,1.50562601e+06,-3.98110633e+06,1.2832265383622143e-06,low,f,2026-07-22 14:32:45.41286+00,NULL
438310b2-5417-45ca-981c-93813f764e3d,1,CASH_OUT,82940.31,C1528834618,3017.87,0,C476800120,132372,49864.36,79922.44,165447.95,0.611329229723862,medium,f,2026-07-21 22:26:52.945046+00,NULL
439bbafb-7bf8-4cb0-a46e-1f6a55d4f211,1,TRANSFER,2806,C1420196421,2806,0,C972765878,0,0,0,2806,0.52,medium,t,2026-07-21 18:09:27.94638+00,NULL
44dd663b-85d8-4c10-b8c7-16c6ad72cafe,1,TRANSFER,215310.3,C1670993182,705,0,C1100439041,22425,0,214605.3,237735.3,0.3825818726722645,medium,f,2026-07-21 22:47:30.768623+00,NULL
44fe32fb-e67e-4abe-b22e-528da306259e,1,TRANSFER,1.42905147e+06,C1520267010,0,0,C1590550415,2.04154362e+06,1.916920493e+07,1.42905147e+06,-1.569860984e+07,1.1477848602226004e-05,low,f,2026-07-21 22:32:49.852477+00,NULL
45e87d65-075b-49bf-9cf7-4344da9f781d,1,TRANSFER,761507.39,C412788346,0,0,C1590550415,1.28003623e+06,1.916920493e+07,761507.39,-1.712766131e+07,0.602193435143548,medium,f,2026-07-21 22:41:46.081867+00,NULL
45f81cd3-76fd-44c6-a447-2a742263e1db,1,CASH_OUT,23261.3,C2072313080,20411.53,0,C2001112025,25742,0,2849.7700000000004,49003.3,0.00017633289098739624,low,f,2026-07-21 22:51:18.176483+00,NULL
462c02ff-ce12-4c16-8514-af68d8d7a72c,1,TRANSFER,78766.03,C1376151044,0,0,C1749186397,103772,277515.05,78766.03,-94977.01999999999,0.5607826495928088,medium,f,2026-07-22 14:32:45.41286+00,NULL
462dbef1-e44b-4eb8-986f-1794ae3d400d,1,TRANSFER,367768.4,C288306765,0,0,C1359044626,370763.1,16518.36,367768.4,722013.14,3.289835603936808e-08,low,f,2026-07-22 14:36:40.363609+00,NULL
4630b505-e8f4-49d9-87eb-4a3effb84738,1,TRANSFER,42712.39,C283039401,10363.39,0,C1330106945,57901.66,24044.18,32349,76569.87,0.2798224404546682,medium,f,2026-07-21 22:30:53.950264+00,NULL
4645b5c1-8810-4142-9068-ebcb465fe851,1,CASH_OUT,229133.94,C905080434,15325,0,C476402209,5083,51513.44,213808.94,182703.5,0.0003087619552388787,low,f,2026-07-21 22:30:53.950264+00,NULL
465a68f8-c366-4a5c-b6b2-73645740dd60,1,TRANSFER,554026.99,C1603696865,0,0,C766572210,579285.56,0,554026.99,1.13331255e+06,1.1865068649807853e-10,low,f,2026-07-21 22:30:53.950264+00,NULL
46ef97d9-5be3-43ae-bdb7-f0714db03edd,1,TRANSFER,379856.23,C1449772539,0,0,C1590550415,900180,1.916920493e+07,379856.23,-1.78891687e+07,0.17528874764684876,medium,f,2026-07-21 22:44:15.695574+00,NULL
470e2707-d0fe-4b65-90ed-ec8694639eed,1,CASH_OUT,467177.03,C1338905451,28112.02,0,C1170794006,975121,22190.99,439065.01,1.42010704e+06,1.2294665285850215e-09,low,f,2026-07-21 21:32:31.390253+00,NULL
47699f1a-048f-410e-85b9-4b61467e8c87,1,CASH_OUT,3146.16,C923083575,0,0,C1504109395,9471,593737.38,3146.16,-581120.22,0.4603925732620032,medium,f,2026-07-22 14:19:57.970992+00,NULL
4791a5e2-9c32-4b14-86e2-f8acfb427c40,1,TRANSFER,554026.99,C1603696865,0,0,C766572210,579285.56,0,554026.99,1.13331255e+06,0.7870401960484696,medium,f,2026-07-21 22:51:18.176483+00,NULL
47ca0bc7-e11d-48cb-924f-5e7f92487892,1,CASH_OUT,23261.3,C2072313080,20411.53,0,C2001112025,25742,0,2849.7700000000004,49003.3,0.00017633289098739624,low,f,2026-07-21 22:26:52.945046+00,NULL
47dd6a6c-29a9-48ee-851d-3025104f21c7,1,TRANSFER,1.42905147e+06,C1520267010,0,0,C1590550415,2.04154362e+06,1.916920493e+07,1.42905147e+06,-1.569860984e+07,1.1477848602226004e-05,low,f,2026-07-22 16:38:30.993531+00,NULL
47eb1954-8382-4f49-ad63-3d32b068a2b5,1,CASH_OUT,110414.71,C768216420,26845.41,0,C1509514333,288800,2415.16,83569.3,396799.55000000005,0.3141469517577635,medium,f,2026-07-23 13:43:14.863034+00,NULL
4811fc24-b0c4-4486-9ad2-6850ef42287f,1,CASH_OUT,139054.95,C2092709730,0,0,C1749186397,182538.03,277515.05,139054.95,44077.92999999999,0.4805972920439736,medium,f,2026-07-22 14:19:57.970992+00,NULL
48139b12-bd31-4c1b-8751-4d8cec386e97,1,CASH_OUT,136872.92,C1533123860,162075.98,25203.05,C766572210,217806,0,-0.010000000009313226,354678.92000000004,9.3488861239166e-06,low,f,2026-07-21 22:25:07.934266+00,NULL
4814c83c-ea82-4f8d-9ddd-7ee5df858a27,1,TRANSFER,554026.99,C1603696865,0,0,C766572210,579285.56,0,554026.99,1.13331255e+06,1.1865068649807853e-10,low,f,2026-07-21 22:25:07.934266+00,NULL
481b0d34-0968-4dc5-9723-558b1ce8cc51,1,TRANSFER,147543.1,C12905860,0,0,C1359044626,223220,16518.36,147543.1,354244.74,0.5402043223455065,medium,f,2026-07-22 16:38:30.993531+00,NULL
484ecaed-d106-4d18-8e9b-b6d5e5d5819d,1,CASH_OUT,212228.35,C1896074070,0,0,C401424608,429747,1.17880814e+06,212228.35,-536832.7899999999,1.2830267337449186e-07,low,f,2026-07-22 14:19:57.048314+00,NULL
48b3812c-a4ac-416d-9a4b-f5dce9d84d85,1,TRANSFER,215310.3,C1670993182,705,0,C1100439041,22425,0,214605.3,237735.3,1.1586042091948912e-05,low,f,2026-07-21 22:32:49.852477+00,NULL
48babd17-29c4-43e7-9abe-16e9227d8296,1,CASH_OUT,110414.71,C768216420,26845.41,0,C1509514333,288800,2415.16,83569.3,396799.55000000005,0.6148020195001572,medium,f,2026-07-21 22:30:53.950264+00,NULL
48e208b3-85a3-4f14-80f0-730a279f922f,1,CASH_OUT,1341.58,C1155769010,0,0,C557041912,80341,557537.26,1341.58,-475854.68,7.121328735593124e-07,low,f,2026-07-21 18:09:27.94638+00,NULL
48e81565-69c6-4e2a-ac89-eb437e9549e1,1,CASH_OUT,89038.75,C1233327519,0,0,C2083562754,189808,1.18655681e+06,89038.75,-907710.06,1.5525068874922e-07,low,f,2026-07-22 14:19:57.048314+00,NULL
491538a9-343f-41a7-a510-685690019f1d,1,CASH_OUT,82940.31,C1528834618,3017.87,0,C476800120,132372,49864.36,79922.44,165447.95,1.2160126061644405e-06,low,f,2026-07-21 22:40:05.036496+00,NULL
49520044-876a-4685-9177-364c4a8818b7,1,CASH_OUT,202332.08,C1408279755,0,0,C453211571,342149.2,3.46166605e+06,202332.08,-2.9171847699999996e+06,8.928210490921629e-07,low,f,2026-07-21 18:09:27.94638+00,NULL
4956a08b-36b3-4972-b0a8-8c498d5ed340,1,TRANSFER,42712.39,C283039401,10363.39,0,C1330106945,57901.66,24044.18,32349,76569.87,0.5190643808232293,medium,f,2026-07-21 18:09:28.817642+00,NULL
496a074d-2e6f-4e99-abc2-450b1571f267,1,TRANSFER,554026.99,C1603696865,0,0,C766572210,579285.56,0,554026.99,1.13331255e+06,1.1865068649807853e-10,low,f,2026-07-23 13:43:14.863034+00,NULL
499c5b13-a318-4db7-b51a-d887cbe76396,1,TRANSFER,379856.23,C1449772539,0,0,C1590550415,900180,1.916920493e+07,379856.23,-1.78891687e+07,0.7397145584000852,medium,f,2026-07-22 16:38:30.993531+00,NULL
49c2a292-70eb-4ca6-ac60-37c0c18e4b35,1,TRANSFER,224606.64,C873175411,0,0,C766572210,354678.92,0,224606.64,579285.56,3.951279552438791e-07,low,f,2026-07-21 22:44:15.695574+00,NULL
4a021e46-f7c1-4028-987d-cd8f0cb1ccdd,1,TRANSFER,1.42905147e+06,C1520267010,0,0,C1590550415,2.04154362e+06,1.916920493e+07,1.42905147e+06,-1.569860984e+07,0.11135133182834932,medium,f,2026-07-23 13:43:14.863034+00,NULL
4a0882ad-2651-4e68-8742-7030811bd25f,1,CASH_OUT,5346.89,C512549200,0,0,C248609774,652637,6.45343091e+06,5346.89,-5.7954470200000005e+06,5.352217158360872e-07,low,f,2026-07-21 22:32:49.852477+00,NULL
4a0e8db5-199d-4e8f-a42e-760a1bf23d90,1,TRANSFER,583848.46,C1839168128,0,0,C1286084959,667778,2.10777811e+06,583848.46,-856151.6499999999,1.0859143628749734e-07,low,f,2026-07-22 14:32:45.41286+00,NULL
4a6d1c7a-ecc1-406a-aecd-c82ee7470338,1,CASH_OUT,47458.86,C527211736,209534.84,162075.98,C2096057945,52120,0,2.9103830456733704e-11,99578.86,0.4981349952447801,medium,f,2026-07-22 14:36:40.363609+00,NULL
4a9a2eb9-8bdc-420f-8552-7567b20f2466,1,CASH_OUT,136872.92,C1533123860,162075.98,25203.05,C766572210,217806,0,-0.010000000009313226,354678.92000000004,9.3488861239166e-06,low,f,2026-07-22 14:19:57.048314+00,NULL
4a9f2647-6ab8-4ffc-9d5b-37c1df53ecc1,1,CASH_OUT,181,C840083671,181,0,C38997010,21182,0,0,21363,0.52,medium,t,2026-07-21 22:40:05.036496+00,NULL
4aa0841a-addb-4b86-b1b3-993910f80338,1,CASH_OUT,110414.71,C768216420,26845.41,0,C1509514333,288800,2415.16,83569.3,396799.55000000005,0.779424307398453,medium,f,2026-07-21 22:51:18.176483+00,NULL
4ab1a6c5-05d1-483a-83ea-8ecbf06ecfcf,1,CASH_OUT,99109.77,C1890266440,0,0,C1297685781,299314.82,16997.22,99109.77,381427.37,1.0299853556716698e-06,low,f,2026-07-22 14:19:57.048314+00,NULL
4acd698d-04ff-4b6d-b85e-0518401f1355,1,CASH_OUT,26004.52,C1112456099,0,0,C1225616405,52251.58,0,26004.52,78256.1,2.225669732069946e-06,low,f,2026-07-21 18:09:27.94638+00,NULL
4af7a242-bed6-489f-b692-6d7bc44d2c96,1,CASH_OUT,82940.31,C1528834618,3017.87,0,C476800120,132372,49864.36,79922.44,165447.95,1.2160126061644405e-06,low,f,2026-07-22 14:36:40.363609+00,NULL
4b6c3e35-c6eb-4aa6-974d-e7e641e26273,1,CASH_OUT,102153.86,C2015301874,1776.23,0,C1335050193,230676.07,353532.56,100377.63,-20702.630000000005,0.4391396621531982,medium,f,2026-07-21 18:09:28.817642+00,NULL
4b8bb2c9-6f2a-4b31-bc41-edc69d6b02de,1,CASH_OUT,178439.26,C1634723627,0,0,C2083562754,278846.75,1.18655681e+06,178439.26,-729270.8,3.4541429272394453e-07,low,f,2026-07-22 14:19:57.048314+00,NULL
4b9b2321-6f0c-449a-af0a-8c40f85a43d7,1,CASH_OUT,181,C840083671,181,0,C38997010,21182,0,0,21363,0.52,medium,t,2026-07-23 13:43:14.863034+00,NULL
4be2057c-88a5-44d1-bb96-fef35b575c2f,1,CASH_OUT,78292.91,C1631227617,0,0,C1983747920,121112,95508.95,78292.91,103895.96,8.151361612362962e-07,low,f,2026-07-22 14:19:57.048314+00,NULL
4d17e269-c27c-4208-bac2-c0bc095fc5a8,1,TRANSFER,62610.8,C1976401987,79114,16503.2,C1937962514,517,8383.29,0,54744.51,9.442200098419562e-05,low,f,2026-07-21 22:47:30.768623+00,NULL
4d4cd5ba-3df0-4767-839b-0c37f4be2cfb,1,TRANSFER,42712.39,C283039401,10363.39,0,C1330106945,57901.66,24044.18,32349,76569.87,1.8204849538960843e-06,low,f,2026-07-21 18:09:27.94638+00,NULL
4d594beb-c86e-446c-90fb-b61fb0f08bd3,1,CASH_OUT,68912.23,C1620529408,0,0,C1688019098,237326.8,97263.78,68912.23,208975.24999999997,0.7567061908520089,medium,f,2026-07-22 14:19:57.970992+00,NULL
4d983810-a536-4dfa-948c-c45a80cde217,1,TRANSFER,181,C1305486145,181,0,C553264065,0,0,0,181,0.5,medium,t,2026-07-21 22:30:53.950264+00,NULL
4db8af76-de97-4765-9a86-4927d5a42ba3,1,CASH_OUT,36437.06,C2120063568,0,0,C1740000325,154606,1.36336851e+06,36437.06,-1.17232545e+06,1.157332462753402e-06,low,f,2026-07-21 18:09:27.94638+00,NULL
4dffe415-2ae0-4237-a672-21713ca642d2,1,CASH_OUT,28404.6,C2091072548,0,0,C1282788025,51744,0,28404.6,80148.6,2.225669732069946e-06,low,f,2026-07-22 14:36:40.363609+00,NULL
4e9d1de8-f0b7-489d-8387-bb99f1445dd6,1,TRANSFER,554026.99,C1603696865,0,0,C766572210,579285.56,0,554026.99,1.13331255e+06,0.7214273053359621,medium,f,2026-07-21 22:25:07.934266+00,NULL
4ea44b43-eb0e-4cee-9fb2-b1e2a2113da8,1,CASH_OUT,335416.51,C743778731,144478,0,C575335780,295,52415.15,190938.51,283296.36,0.41108764683205246,medium,f,2026-07-22 14:19:57.970992+00,NULL
4ebdcacf-7abf-4a0e-9004-85a2ffb138fb,1,CASH_OUT,5346.89,C512549200,0,0,C248609774,652637,6.45343091e+06,5346.89,-5.7954470200000005e+06,5.352217158360872e-07,low,f,2026-07-21 22:26:52.945046+00,NULL
4f338086-5a53-4c87-abcb-adbd1a2f6160,1,CASH_OUT,335416.51,C743778731,144478,0,C575335780,295,52415.15,190938.51,283296.36,0.0001762851607054472,low,f,2026-07-22 14:19:57.048314+00,NULL
4f79effa-927e-4ee7-8ad3-849cd6bd8832,1,CASH_OUT,56953.9,C1570470538,1942.02,0,C824009085,70253,64106.18,55011.880000000005,63100.719999999994,2.31321359933645e-06,low,f,2026-07-21 21:32:31.390253+00,NULL
4fcfe4a0-c981-4f3c-8414-600766f0c118,1,CASH_OUT,82940.31,C1528834618,3017.87,0,C476800120,132372,49864.36,79922.44,165447.95,0.3773261465554819,medium,f,2026-07-22 14:36:40.363609+00,NULL
4fdcca11-4271-4cc1-be4d-4dfd8badf8ef,1,TRANSFER,42712.39,C283039401,10363.39,0,C1330106945,57901.66,24044.18,32349,76569.87,1.8204849538960843e-06,low,f,2026-07-22 14:19:57.048314+00,NULL
50dc7aac-d66c-4b5f-ac9b-b2687ceee394,1,TRANSFER,125872.53,C1443967876,0,0,C392292416,348512,3.42010309e+06,125872.53,-2.9457185599999996e+06,5.244171006779652e-06,low,f,2026-07-21 18:09:27.94638+00,NULL
50ff4c4a-6304-4c5a-aa31-563d5c900596,1,CASH_OUT,56953.9,C1570470538,1942.02,0,C824009085,70253,64106.18,55011.880000000005,63100.719999999994,0.40618844761080075,medium,f,2026-07-21 22:25:07.934266+00,NULL
512d58a5-0c7a-4287-920f-a3aa581ad496,1,TRANSFER,358831.92,C908084672,0,0,C392292416,474384.53,3.42010309e+06,358831.92,-2.5868866399999997e+06,1.2723085696109138e-08,low,f,2026-07-22 14:32:45.41286+00,NULL
517bd64a-c0ac-4924-9fad-a5d05dffc311,1,TRANSFER,147543.1,C12905860,0,0,C1359044626,223220,16518.36,147543.1,354244.74,0.1954632718178418,medium,f,2026-07-21 22:40:05.036496+00,NULL
521d2014-09ec-4407-80a8-0a8013ad72ea,1,CASH_OUT,89038.75,C1233327519,0,0,C2083562754,189808,1.18655681e+06,89038.75,-907710.06,1.5525068874922e-07,low,f,2026-07-21 18:09:27.94638+00,NULL
52a1e761-fcca-41fb-b17b-f9618f98d7fc,1,TRANSFER,761507.39,C412788346,0,0,C1590550415,1.28003623e+06,1.916920493e+07,761507.39,-1.712766131e+07,2.5380413148923253e-07,low,f,2026-07-22 14:36:40.363609+00,NULL
52b12cc2-25db-49c8-8538-ec32e3b42306,1,TRANSFER,62610.8,C1976401987,79114,16503.2,C1937962514,517,8383.29,0,54744.51,9.442200098419562e-05,low,f,2026-07-21 22:44:15.695574+00,NULL
52f33e76-6607-4488-9092-cf89cfe6be51,1,CASH_OUT,55105.9,C2007486296,0,0,C932583850,317952.89,2.71917289e+06,55105.9,-2.3461141e+06,2.2237538814806612e-06,low,f,2026-07-22 14:19:57.048314+00,NULL
53e8864d-f367-4d60-b956-f7619e293d66,1,TRANSFER,215310.3,C1670993182,705,0,C1100439041,22425,0,214605.3,237735.3,1.1586042091948912e-05,low,f,2026-07-22 16:38:30.993531+00,NULL
53ee770f-345b-4f0e-8dcb-7b217446e93c,1,TRANSFER,17231.46,C1243171897,0,0,C783286238,24672,0,17231.46,41903.46,3.4573670291138114e-06,low,f,2026-07-21 22:32:49.852477+00,NULL
54101a25-62d3-4bc5-8dad-0a5e2f16f9db,1,TRANSFER,1.50562601e+06,C926859124,0,0,C665576141,29031,5.51576334e+06,1.50562601e+06,-3.98110633e+06,1.2832265383622143e-06,low,f,2026-07-21 21:32:31.390253+00,NULL
5423a004-d9c0-4020-aa2c-a7fb636033e9,1,TRANSFER,78766.03,C1376151044,0,0,C1749186397,103772,277515.05,78766.03,-94977.01999999999,3.880912117892876e-06,low,f,2026-07-23 13:43:14.863034+00,NULL
548612ee-faf2-4d03-b134-96439aada8ac,1,TRANSFER,11996.58,C605982374,0,0,C1225616405,40255,0,11996.58,52251.58,4.647680725611281e-06,low,f,2026-07-21 21:32:31.390253+00,NULL
548e2dbd-5e17-4e9d-9283-e6ecd34d1d9a,1,CASH_OUT,47913.58,C141110631,0,0,C240650537,51304,0,47913.58,99217.58,1.5506292356803897e-06,low,f,2026-07-21 18:09:27.94638+00,NULL
549f25bc-ee87-4825-b5b8-4096b13a14e0,1,CASH_OUT,82940.31,C1528834618,3017.87,0,C476800120,132372,49864.36,79922.44,165447.95,0.4436962467407739,medium,f,2026-07-21 22:30:53.950264+00,NULL
54df9396-3b4a-445b-a1fe-46ca1af8a289,1,TRANSFER,311685.89,C1984094095,10835,0,C932583850,6267,2.71917289e+06,300850.89,-2.40122e+06,8.098261901068327e-07,low,f,2026-07-22 14:19:57.048314+00,NULL
55270c0e-8c0a-4941-a001-754b0648cdc2,1,TRANSFER,224606.64,C873175411,0,0,C766572210,354678.92,0,224606.64,579285.56,0.4691410785912984,medium,f,2026-07-21 22:47:30.768623+00,NULL
5546e71f-0bcd-4771-8e7b-c1b0924b7429,1,TRANSFER,42712.39,C283039401,10363.39,0,C1330106945,57901.66,24044.18,32349,76569.87,1.8204849538960843e-06,low,f,2026-07-21 22:44:15.695574+00,NULL
55550c19-8169-432a-9614-151a05a9f19d,1,TRANSFER,224606.64,C873175411,0,0,C766572210,354678.92,0,224606.64,579285.56,3.951279552438791e-07,low,f,2026-07-21 22:51:18.176483+00,NULL
55c012b6-a034-4dd4-9d8a-2ff12081c35a,1,TRANSFER,78766.03,C1376151044,0,0,C1749186397,103772,277515.05,78766.03,-94977.01999999999,3.880912117892876e-06,low,f,2026-07-21 22:44:15.695574+00,NULL
56427afa-5518-4222-82c5-0a97cdfde9ad,1,TRANSFER,679502.24,C722417467,290,0,C451111351,171866,3.94008521e+06,679212.24,-3.0887169699999997e+06,1.1009468181555349e-07,low,f,2026-07-21 21:32:31.390253+00,NULL
5710bee4-5211-43b5-9715-c9995e54b879,1,CASH_OUT,267148.82,C1261044180,0,0,C401424608,641975.35,1.17880814e+06,267148.82,-269683.97,2.3690599704195847e-08,low,f,2026-07-22 14:19:57.048314+00,NULL
5720b1c8-7ba2-4d3d-bb1d-71f702feb9d5,1,TRANSFER,184986.8,C697508322,39588,0,C1688019098,52340,97263.78,145398.8,140063.02,2.4690598365850747e-06,low,f,2026-07-21 21:32:31.390253+00,NULL
57880dd0-ac4f-4d47-96c2-ce2020c2cc4f,1,CASH_OUT,28404.6,C2091072548,0,0,C1282788025,51744,0,28404.6,80148.6,2.225669732069946e-06,low,f,2026-07-21 21:32:31.390253+00,NULL
57ad477b-3bfa-4b53-9e98-28cb37abe932,1,CASH_OUT,23261.3,C2072313080,20411.53,0,C2001112025,25742,0,2849.7700000000004,49003.3,0.3682806672058946,medium,f,2026-07-21 21:32:31.390253+00,NULL
57ba5732-d067-4c51-9229-208d774e9e38,1,TRANSFER,62610.8,C1976401987,79114,16503.2,C1937962514,517,8383.29,0,54744.51,0.7645379740136906,medium,f,2026-07-22 16:38:30.993531+00,NULL
57ce303f-49b4-41de-b8e8-1e500e1a2702,1,TRANSFER,379856.23,C1449772539,0,0,C1590550415,900180,1.916920493e+07,379856.23,-1.78891687e+07,0.2046296738901906,medium,f,2026-07-21 22:26:52.945046+00,NULL
582f45e3-f7f5-4e20-88aa-d10834c8dcbf,1,TRANSFER,224606.64,C873175411,0,0,C766572210,354678.92,0,224606.64,579285.56,0.39244381640026416,medium,f,2026-07-21 22:44:15.695574+00,NULL
583f7e76-c327-4a3a-a659-4871a08840ee,1,TRANSFER,209711.11,C1556867940,0,0,C1509514333,399214.71,2415.16,209711.11,606510.66,0.32771797886233084,medium,f,2026-07-21 21:32:31.390253+00,NULL
58ad9fac-a83c-47dd-a6bf-877d0b7ca785,1,CASH_OUT,229133.94,C905080434,15325,0,C476402209,5083,51513.44,213808.94,182703.5,0.0003087619552388787,low,f,2026-07-21 22:41:46.081867+00,NULL
591914be-6328-4f1a-8e96-b882e38d02b3,1,CASH_OUT,229133.94,C905080434,15325,0,C476402209,5083,51513.44,213808.94,182703.5,0.0003087619552388787,low,f,2026-07-22 16:38:30.993531+00,NULL
59205f4a-5557-472c-afa3-84ceef650aa2,1,CASH_OUT,187728.59,C264978436,0,0,C1360767589,394124.51,2.10796539e+06,187728.59,-1.52611229e+06,1.0923890840786044e-06,low,f,2026-07-21 18:09:27.94638+00,NULL
592bf8b2-1226-4bb4-b8d4-0fdc3d5ce695,1,CASH_OUT,5346.89,C512549200,0,0,C248609774,652637,6.45343091e+06,5346.89,-5.7954470200000005e+06,0.22678149494714292,medium,f,2026-07-21 22:47:30.768623+00,NULL
597bcb5c-f261-4070-85ab-8e49bc5a7bf0,1,TRANSFER,77957.68,C207471778,0,0,C1761291320,94900,22233.65,77957.68,150624.03,6.275124064814008e-07,low,f,2026-07-22 14:36:40.363609+00,NULL
59a8f76b-69a1-4660-a76f-4c8e3f7acf1f,1,TRANSFER,761507.39,C412788346,0,0,C1590550415,1.28003623e+06,1.916920493e+07,761507.39,-1.712766131e+07,2.5380413148923253e-07,low,f,2026-07-21 21:32:31.390253+00,NULL
5a794d32-e95e-4d33-bc49-b35f238358b6,1,TRANSFER,224606.64,C873175411,0,0,C766572210,354678.92,0,224606.64,579285.56,3.951279552438791e-07,low,f,2026-07-21 22:41:46.081867+00,NULL
5aa6e38b-7958-4d7f-8f48-5927ed64ed50,1,CASH_OUT,187726.67,C1527152775,0,0,C747464370,190573,1.56743481e+06,187726.67,-1.1891351400000001e+06,2.199053028562048e-07,low,f,2026-07-21 18:09:27.94638+00,NULL
5b3f2098-9142-4a2b-a196-055afaa2341a,1,TRANSFER,224606.64,C873175411,0,0,C766572210,354678.92,0,224606.64,579285.56,3.951279552438791e-07,low,f,2026-07-22 14:32:45.41286+00,NULL
5b4cd608-9e13-4531-9ba1-75621ae5bb4b,1,CASH_OUT,94253.33,C1718906711,25203.05,0,C977993101,99773,965870.05,69050.28,-771843.72,9.900806617224589e-06,low,f,2026-07-22 14:36:40.363609+00,NULL
5bc9f810-811d-4316-8f1a-9c295f7ae494,1,TRANSFER,1.42905147e+06,C1520267010,0,0,C1590550415,2.04154362e+06,1.916920493e+07,1.42905147e+06,-1.569860984e+07,1.1477848602226004e-05,low,f,2026-07-22 14:19:57.048314+00,NULL
5bd02796-54c3-4922-b5bc-69df575237a2,1,CASH_OUT,110414.71,C768216420,26845.41,0,C1509514333,288800,2415.16,83569.3,396799.55000000005,3.862027369905263e-06,low,f,2026-07-23 13:43:14.863034+00,NULL
5bd48ce4-d213-4ce8-9247-f19362c9fcfc,1,TRANSFER,1.50562601e+06,C926859124,0,0,C665576141,29031,5.51576334e+06,1.50562601e+06,-3.98110633e+06,1.2832265383622143e-06,low,f,2026-07-21 22:41:46.081867+00,NULL
5c593871-2cc6-4de3-bd86-18749692b05f,1,TRANSFER,215310.3,C1670993182,705,0,C1100439041,22425,0,214605.3,237735.3,1.1586042091948912e-05,low,f,2026-07-21 18:09:27.94638+00,NULL
5c7f7476-d375-42bc-aab4-a2473d40b924,1,TRANSFER,554026.99,C1603696865,0,0,C766572210,579285.56,0,554026.99,1.13331255e+06,0.13035193471757842,medium,f,2026-07-22 16:38:30.993531+00,NULL
5d3d0b5c-7d04-4b28-a49a-5ed6c460794d,1,CASH_OUT,1341.58,C1155769010,0,0,C557041912,80341,557537.26,1341.58,-475854.68,7.121328735593124e-07,low,f,2026-07-22 14:19:57.048314+00,NULL
5d4931af-0954-4dc3-8b74-4bfdee1b770d,1,CASH_OUT,229133.94,C905080434,15325,0,C476402209,5083,51513.44,213808.94,182703.5,0.0003087619552388787,low,f,2026-07-21 22:26:52.945046+00,NULL
5d5160e6-c23e-4eeb-98ca-11355d63f28b,1,CASH_OUT,110414.71,C768216420,26845.41,0,C1509514333,288800,2415.16,83569.3,396799.55000000005,3.862027369905263e-06,low,f,2026-07-21 22:40:05.036496+00,NULL
5d576d4f-f871-45a9-bdad-c6e815d65fd8,1,CASH_OUT,190445.51,C1760219993,0,0,C1360767589,203679,2.10796539e+06,190445.51,-1.7138408800000001e+06,8.990481319415267e-07,low,f,2026-07-21 18:09:27.94638+00,NULL
5d9feed1-bba4-43e7-9395-deae55e1b582,1,TRANSFER,147543.1,C12905860,0,0,C1359044626,223220,16518.36,147543.1,354244.74,0.5793562567044217,medium,f,2026-07-23 13:43:14.863034+00,NULL
5e41be6f-b2cf-49bf-9f87-2e22d749651a,1,TRANSFER,17231.46,C1243171897,0,0,C783286238,24672,0,17231.46,41903.46,3.4573670291138114e-06,low,f,2026-07-21 22:47:30.768623+00,NULL
5f1c6967-a9bf-4cb7-9f22-c49e13619cea,1,TRANSFER,78766.03,C1376151044,0,0,C1749186397,103772,277515.05,78766.03,-94977.01999999999,3.880912117892876e-06,low,f,2026-07-22 16:38:30.993531+00,NULL
5f265824-ad5c-4cdf-b6d5-a675c364bcfb,1,CASH_OUT,5346.89,C512549200,0,0,C248609774,652637,6.45343091e+06,5346.89,-5.7954470200000005e+06,5.352217158360872e-07,low,f,2026-07-21 21:32:31.390253+00,NULL
5f3b0a84-0182-490a-a5df-62121e169ba7,1,TRANSFER,358831.92,C908084672,0,0,C392292416,474384.53,3.42010309e+06,358831.92,-2.5868866399999997e+06,0.5000575189276986,medium,f,2026-07-22 14:32:45.41286+00,NULL
604ec9fe-9f87-49e7-b8c7-692c0b3d8fd4,1,CASH_OUT,23261.3,C2072313080,20411.53,0,C2001112025,25742,0,2849.7700000000004,49003.3,0.00017633289098739624,low,f,2026-07-22 14:32:45.41286+00,NULL
6088e14a-ad6a-4917-9fdc-b12d64148f8e,1,TRANSFER,78766.03,C1376151044,0,0,C1749186397,103772,277515.05,78766.03,-94977.01999999999,0.625981881569943,medium,f,2026-07-21 22:25:07.934266+00,NULL
60bb85e3-427f-4b3f-9770-00d2356394f1,1,CASH_OUT,11648.5,C781091365,0,0,C985934102,260976,971418.91,11648.5,-698794.41,0.24197966439861712,medium,f,2026-07-22 14:36:40.363609+00,NULL
60ed803b-1d2d-4724-bb1e-a751b6bef91a,1,TRANSFER,42712.39,C283039401,10363.39,0,C1330106945,57901.66,24044.18,32349,76569.87,1.8204849538960843e-06,low,f,2026-07-22 16:38:30.993531+00,NULL
61551b54-8c86-4b68-821b-8d6703611c3f,1,TRANSFER,147543.1,C12905860,0,0,C1359044626,223220,16518.36,147543.1,354244.74,4.030195555060345e-07,low,f,2026-07-23 13:43:14.863034+00,NULL
62796fd7-1031-490a-b32d-ae341537e697,1,CASH_OUT,47458.86,C527211736,209534.84,162075.98,C2096057945,52120,0,2.9103830456733704e-11,99578.86,2.844415348590701e-06,low,f,2026-07-21 22:47:30.768623+00,NULL
62919e6a-e5a8-476c-aec9-bd2075c7f906,1,CASH_OUT,169409.87,C888611662,0,0,C401424608,909124.16,1.17880814e+06,169409.87,-100274.10999999987,2.796156763906765e-07,low,f,2026-07-22 14:19:57.048314+00,NULL
62e71fd3-44f7-4ba6-b7b1-6e2530766cf6,1,TRANSFER,710544.77,C835773569,0,0,C1359044626,738531.5,16518.36,710544.77,1.43255791e+06,4.889267324337254e-10,low,f,2026-07-22 14:32:45.41286+00,NULL
62e91d3d-a4bf-46d9-959b-28dfc2b19a22,1,TRANSFER,583848.46,C1839168128,0,0,C1286084959,667778,2.10777811e+06,583848.46,-856151.6499999999,0.4079331740094507,medium,f,2026-07-22 14:19:57.970992+00,NULL
630cc4dd-c0d4-4fb4-93d4-2a268d878f53,1,CASH_OUT,110414.71,C768216420,26845.41,0,C1509514333,288800,2415.16,83569.3,396799.55000000005,3.862027369905263e-06,low,f,2026-07-21 22:47:30.768623+00,NULL
648f8eea-e432-4351-b7f1-97787d4bb6cf,1,TRANSFER,1.50562601e+06,C926859124,0,0,C665576141,29031,5.51576334e+06,1.50562601e+06,-3.98110633e+06,1.2832265383622143e-06,low,f,2026-07-21 22:26:52.945046+00,NULL
64d085ec-f922-40c3-a23c-1ef52721a6ac,1,CASH_OUT,28404.6,C2091072548,0,0,C1282788025,51744,0,28404.6,80148.6,2.225669732069946e-06,low,f,2026-07-22 14:19:57.048314+00,NULL
64db7071-b698-4861-ae72-f09c186bac1f,1,CASH_OUT,82940.31,C1528834618,3017.87,0,C476800120,132372,49864.36,79922.44,165447.95,1.2160126061644405e-06,low,f,2026-07-21 22:26:52.945046+00,NULL
654a41ac-ae80-45a4-93b1-d45130c9ab91,1,TRANSFER,379856.23,C1449772539,0,0,C1590550415,900180,1.916920493e+07,379856.23,-1.78891687e+07,0.5507143868837361,medium,f,2026-07-21 22:41:46.081867+00,NULL
65ba54dc-74bb-4a07-aee4-cfdb084b1dc4,1,TRANSFER,224606.64,C873175411,0,0,C766572210,354678.92,0,224606.64,579285.56,3.951279552438791e-07,low,f,2026-07-22 14:19:57.048314+00,NULL
660ebb31-71bf-4769-bf2e-4eb273a18ec3,1,TRANSFER,78766.03,C1376151044,0,0,C1749186397,103772,277515.05,78766.03,-94977.01999999999,0.7116278373734135,medium,f,2026-07-21 22:30:53.950264+00,NULL
66172ee4-dd5c-420a-a7f2-a15c40ea8044,1,TRANSFER,78766.03,C1376151044,0,0,C1749186397,103772,277515.05,78766.03,-94977.01999999999,3.880912117892876e-06,low,f,2026-07-22 14:36:40.363609+00,NULL
664dee6b-40ae-4276-b2c1-0a9554e4a842,1,TRANSFER,311685.89,C1984094095,10835,0,C932583850,6267,2.71917289e+06,300850.89,-2.40122e+06,0.5145557840352527,medium,f,2026-07-21 22:26:52.945046+00,NULL
668d35ca-9704-46b8-8ec9-763ee41327c4,1,CASH_OUT,53631.83,C1233595751,0,0,C757108857,83244,0,53631.83,136875.83000000002,1.5506292356803897e-06,low,f,2026-07-22 14:19:57.048314+00,NULL
66abaea4-6897-4171-9a2f-947a83de5aea,1,TRANSFER,379856.23,C1449772539,0,0,C1590550415,900180,1.916920493e+07,379856.23,-1.78891687e+07,1.0090026592024515e-08,low,f,2026-07-21 22:26:52.945046+00,NULL
66c5b014-b1ae-4d75-9a3e-3f4176af4e97,1,TRANSFER,330757.04,C1494346128,103657,0,C564160838,79676,1.25495607e+06,227100.03999999998,-844523.03,2.475708924976061e-06,low,f,2026-07-22 14:19:57.048314+00,NULL
6774e46f-e25c-4d32-979a-32698bcc2c7d,1,CASH_OUT,75405.1,C263053820,0,0,C1870252780,104209,46462.23,75405.1,133151.87,0.1099404846429183,medium,f,2026-07-21 21:32:31.390253+00,NULL
678285ec-aa06-4d9a-8ba8-8f788c9a73c1,1,CASH_OUT,136872.92,C1533123860,162075.98,25203.05,C766572210,217806,0,-0.010000000009313226,354678.92000000004,9.3488861239166e-06,low,f,2026-07-23 13:43:14.863034+00,NULL
679ce602-c78a-4ff0-96c6-c983ae4cb8a3,1,TRANSFER,147543.1,C12905860,0,0,C1359044626,223220,16518.36,147543.1,354244.74,4.030195555060345e-07,low,f,2026-07-21 22:25:07.934266+00,NULL
67e00850-5e62-47e2-ba80-0bec12925019,1,CASH_OUT,212228.35,C1896074070,0,0,C401424608,429747,1.17880814e+06,212228.35,-536832.7899999999,1.2830267337449186e-07,low,f,2026-07-21 18:09:27.94638+00,NULL
68817b26-a3e7-4c00-9b2a-13498f1d4ff7,1,TRANSFER,215310.3,C1670993182,705,0,C1100439041,22425,0,214605.3,237735.3,1.1586042091948912e-05,low,f,2026-07-23 13:43:14.863034+00,NULL
68877441-fbd2-4b2e-9b91-e17a614eac5b,1,TRANSFER,42712.39,C283039401,10363.39,0,C1330106945,57901.66,24044.18,32349,76569.87,1.8204849538960843e-06,low,f,2026-07-22 14:36:40.363609+00,NULL
68a8d11d-0643-478e-a46d-0acc273e4380,1,TRANSFER,125872.53,C1443967876,0,0,C392292416,348512,3.42010309e+06,125872.53,-2.9457185599999996e+06,5.244171006779652e-06,low,f,2026-07-21 21:32:31.390253+00,NULL
693e70a9-01bd-460f-9e8d-d554b5a872aa,1,CASH_OUT,56953.9,C1570470538,1942.02,0,C824009085,70253,64106.18,55011.880000000005,63100.719999999994,0.6091600770456314,medium,f,2026-07-22 16:38:30.993531+00,NULL
695b8bd8-67a3-4dd1-b3e1-7f466368ca40,1,TRANSFER,42712.39,C283039401,10363.39,0,C1330106945,57901.66,24044.18,32349,76569.87,0.10756290361883879,medium,f,2026-07-21 22:32:49.852477+00,NULL
696dfe6d-e83b-4c06-9898-1b50d7586561,1,TRANSFER,62610.8,C1976401987,79114,16503.2,C1937962514,517,8383.29,0,54744.51,9.442200098419562e-05,low,f,2026-07-21 22:25:07.934266+00,NULL
6a0d95a4-50a6-4615-bdbb-3a92f5bdcf93,1,TRANSFER,147543.1,C12905860,0,0,C1359044626,223220,16518.36,147543.1,354244.74,4.030195555060345e-07,low,f,2026-07-21 22:26:52.945046+00,NULL
6a1fdf4e-20e5-4a49-8ada-225c1b3983e7,1,CASH_OUT,344464.4,C793293778,0,0,C766572210,1.13331256e+06,0,344464.4,1.47777696e+06,4.577945800221528e-10,low,f,2026-07-22 14:19:57.048314+00,NULL
6a3b9ad5-711f-4c68-aa21-60e6f94d51dd,1,CASH_OUT,114712.48,C599782425,0,0,C1209271652,145400,0,114712.48,260112.47999999998,1.4376910257851705e-06,low,f,2026-07-21 18:09:27.94638+00,NULL
6a9ba74f-3dea-45e5-b0c4-910713bb3319,1,CASH_OUT,229133.94,C905080434,15325,0,C476402209,5083,51513.44,213808.94,182703.5,0.0003087619552388787,low,f,2026-07-21 21:32:31.390253+00,NULL
6b279e7e-0845-4de9-b6fb-75ed14b7e21b,1,CASH_OUT,99109.77,C1890266440,0,0,C1297685781,299314.82,16997.22,99109.77,381427.37,1.0299853556716698e-06,low,f,2026-07-21 18:09:27.94638+00,NULL
6b2feb8e-c6fe-45b2-b612-484a60d5b888,1,TRANSFER,147543.1,C12905860,0,0,C1359044626,223220,16518.36,147543.1,354244.74,0.10814084127089314,medium,f,2026-07-21 22:44:15.695574+00,NULL
6b620650-6601-4b85-91da-3a3c859471b2,1,CASH_OUT,94253.33,C1718906711,25203.05,0,C977993101,99773,965870.05,69050.28,-771843.72,9.900806617224589e-06,low,f,2026-07-21 22:40:05.036496+00,NULL
6b7b0930-bf23-40e8-a968-4e39b44702de,1,CASH_OUT,9536.54,C649769713,0,0,C1060830840,49161,130747.56,9536.54,-72050.01999999999,1.1718523751369503e-07,low,f,2026-07-21 18:09:27.94638+00,NULL
6b959ed1-4894-42b9-bfd4-cc0a8858800a,1,TRANSFER,215310.3,C1670993182,705,0,C1100439041,22425,0,214605.3,237735.3,0.35445387993478206,medium,f,2026-07-21 22:26:52.945046+00,NULL
6b975d08-b0e7-43b8-b733-a4a8eb7a1f07,1,CASH_OUT,94253.33,C1718906711,25203.05,0,C977993101,99773,965870.05,69050.28,-771843.72,0.44408331697317094,medium,f,2026-07-21 22:51:18.176483+00,NULL
6bda102a-a379-4f01-ac87-c1932698a3a1,1,CASH_OUT,47458.86,C527211736,209534.84,162075.98,C2096057945,52120,0,2.9103830456733704e-11,99578.86,0.5908190686678854,medium,f,2026-07-22 14:32:45.41286+00,NULL
6c4127ef-029e-435d-91d6-e462cbdf1bd1,1,TRANSFER,1.50562601e+06,C926859124,0,0,C665576141,29031,5.51576334e+06,1.50562601e+06,-3.98110633e+06,1.2832265383622143e-06,low,f,2026-07-21 22:44:15.695574+00,NULL
6c547a75-bc85-47c9-9450-b00ef2aecdca,1,CASH_OUT,94253.33,C1718906711,25203.05,0,C977993101,99773,965870.05,69050.28,-771843.72,0.6010062227722087,medium,f,2026-07-21 22:44:15.695574+00,NULL
6d09240c-666a-4bd1-8e3a-257326bbd628,1,CASH_OUT,85423.63,C460741164,0,0,C1590550415,5.77677641e+06,1.916920493e+07,85423.63,-1.330700489e+07,8.754574082558975e-06,low,f,2026-07-22 14:32:45.41286+00,NULL
6d83ce1d-e98f-4210-b72d-c58504b1dc33,1,CASH_OUT,154716.2,C980364771,0,0,C453211571,187433,3.46166605e+06,154716.2,-3.1195168499999996e+06,1.2594873624038883e-06,low,f,2026-07-22 14:19:57.048314+00,NULL
6d940c8f-e570-4218-b370-eb6fce4dc30a,1,CASH_OUT,56953.9,C1570470538,1942.02,0,C824009085,70253,64106.18,55011.880000000005,63100.719999999994,2.31321359933645e-06,low,f,2026-07-21 22:51:18.176483+00,NULL
6dcffcd9-c361-4b5a-9ecf-fa2b13c3c97c,1,CASH_OUT,47458.86,C527211736,209534.84,162075.98,C2096057945,52120,0,2.9103830456733704e-11,99578.86,0.32905151079831246,medium,f,2026-07-21 22:25:07.934266+00,NULL
6dd2fa50-58d3-4522-b295-f86bcc1d513e,1,CASH_OUT,296752.75,C589363823,0,0,C1531333864,404814.81,55974.56,296752.75,645593,0.19728443778169147,medium,f,2026-07-22 14:19:57.970992+00,NULL
6defb0e6-70bb-44ae-971f-90f952a1aac3,1,CASH_OUT,5346.89,C512549200,0,0,C248609774,652637,6.45343091e+06,5346.89,-5.7954470200000005e+06,0.2427006678797244,medium,f,2026-07-21 22:25:07.934266+00,NULL
6e11b7e6-0479-433b-addc-d4a63a7eda57,1,CASH_OUT,191702.06,C2052457859,0,0,C985934102,272624.5,971418.91,191702.06,-507092.35000000003,2.465637862769654e-07,low,f,2026-07-22 14:19:57.048314+00,NULL
6e4359dc-3a72-4908-93cd-6f2dade1fb83,1,TRANSFER,147543.1,C12905860,0,0,C1359044626,223220,16518.36,147543.1,354244.74,4.030195555060345e-07,low,f,2026-07-22 16:38:30.993531+00,NULL
6eabfae2-2c28-4ef5-aa0d-45f689c7e326,1,TRANSFER,554026.99,C1603696865,0,0,C766572210,579285.56,0,554026.99,1.13331255e+06,1.1865068649807853e-10,low,f,2026-07-22 14:32:45.41286+00,NULL
6f0109a9-cf0b-477a-b276-f840ff629879,1,CASH_OUT,82940.31,C1528834618,3017.87,0,C476800120,132372,49864.36,79922.44,165447.95,1.2160126061644405e-06,low,f,2026-07-21 18:09:27.94638+00,NULL
6f72beac-d9b2-4e11-bfc2-cf57f2ceb61b,1,TRANSFER,1.42905147e+06,C1520267010,0,0,C1590550415,2.04154362e+06,1.916920493e+07,1.42905147e+06,-1.569860984e+07,0.6137034645347058,medium,f,2026-07-21 22:40:05.036496+00,NULL
6f7faa11-1a41-4921-aefb-61d952ea3830,1,CASH_OUT,25793.74,C1966355106,0,0,C476800120,215312.31,49864.36,25793.74,191241.69,1.1699924016284058e-06,low,f,2026-07-21 18:09:27.94638+00,NULL
6fa90e58-cf6d-41fa-848f-22f218b3e8ff,1,TRANSFER,125872.53,C1443967876,0,0,C392292416,348512,3.42010309e+06,125872.53,-2.9457185599999996e+06,0.2727557589942855,medium,f,2026-07-21 22:30:53.950264+00,NULL
6ffd8216-15ee-4fac-aa40-9543d6a5b77e,1,TRANSFER,761507.39,C412788346,0,0,C1590550415,1.28003623e+06,1.916920493e+07,761507.39,-1.712766131e+07,2.5380413148923253e-07,low,f,2026-07-22 16:38:30.993531+00,NULL
70070c42-bd82-48a0-9ca0-d0a685afd36a,1,TRANSFER,17231.46,C1243171897,0,0,C783286238,24672,0,17231.46,41903.46,3.4573670291138114e-06,low,f,2026-07-21 22:51:18.176483+00,NULL
70519eb5-44e6-4152-8870-72b62d781b38,1,TRANSFER,78766.03,C1376151044,0,0,C1749186397,103772,277515.05,78766.03,-94977.01999999999,0.6700686564401996,medium,f,2026-07-21 22:51:18.176483+00,NULL
70827116-6a8d-48dc-a446-bf61b847a642,1,CASH_OUT,136872.92,C1533123860,162075.98,25203.05,C766572210,217806,0,-0.010000000009313226,354678.92000000004,9.3488861239166e-06,low,f,2026-07-21 22:40:05.036496+00,NULL
7106ed92-680d-4b43-8cb0-9b41217a8031,1,CASH_OUT,181,C840083671,181,0,C38997010,21182,0,0,21363,0.52,medium,t,2026-07-21 22:25:07.934266+00,NULL
713c7438-62be-4e3b-b731-44fed0e1d35f,1,TRANSFER,62610.8,C1976401987,79114,16503.2,C1937962514,517,8383.29,0,54744.51,0.6744974529837018,medium,f,2026-07-21 22:26:52.945046+00,NULL
71ea24f1-89c3-40b9-935f-12c78d872b85,1,CASH_OUT,56953.9,C1570470538,1942.02,0,C824009085,70253,64106.18,55011.880000000005,63100.719999999994,2.31321359933645e-06,low,f,2026-07-22 14:19:57.048314+00,NULL
725ec0e5-c526-462d-a4d6-0572fd8469e7,1,CASH_OUT,181,C840083671,181,0,C38997010,21182,0,0,21363,0.52,medium,t,2026-07-21 21:32:31.390253+00,NULL
7314aa85-09eb-4ff1-95c1-605a43744f41,1,TRANSFER,581294.26,C843299092,0,0,C1590550415,5.19548215e+06,1.916920493e+07,581294.26,-1.339242852e+07,1.2274892924324377e-06,low,f,2026-07-21 18:09:27.94638+00,NULL
7369d4de-9330-45d6-879e-c140d64294f4,1,TRANSFER,78766.03,C1376151044,0,0,C1749186397,103772,277515.05,78766.03,-94977.01999999999,0.6200841685261983,medium,f,2026-07-21 22:26:52.945046+00,NULL
747bc684-1d3b-49e0-84b6-948771879333,1,TRANSFER,42712.39,C283039401,10363.39,0,C1330106945,57901.66,24044.18,32349,76569.87,1.8204849538960843e-06,low,f,2026-07-23 13:43:14.863034+00,NULL
74a7aca5-1195-47c0-b5fe-364b607b2837,1,CASH_OUT,136872.92,C1533123860,162075.98,25203.05,C766572210,217806,0,-0.010000000009313226,354678.92000000004,9.3488861239166e-06,low,f,2026-07-21 18:09:27.94638+00,NULL
74d1679a-2016-44ca-bb78-98bbacdb6a05,1,TRANSFER,78766.03,C1376151044,0,0,C1749186397,103772,277515.05,78766.03,-94977.01999999999,0.5168946166763724,medium,f,2026-07-21 22:44:15.695574+00,NULL
74e2e2f6-6e02-4e09-9824-4743372d2105,1,CASH_OUT,187726.67,C1527152775,0,0,C747464370,190573,1.56743481e+06,187726.67,-1.1891351400000001e+06,2.199053028562048e-07,low,f,2026-07-22 14:19:57.048314+00,NULL
751a73bb-a5a5-43fc-af7d-7f3fd680714a,1,TRANSFER,1.50562601e+06,C926859124,0,0,C665576141,29031,5.51576334e+06,1.50562601e+06,-3.98110633e+06,1.2832265383622143e-06,low,f,2026-07-21 22:51:18.176483+00,NULL
7520bb02-a2dc-486a-9e78-0cc1679ae039,1,TRANSFER,11996.58,C605982374,0,0,C1225616405,40255,0,11996.58,52251.58,0.5380985927661679,medium,f,2026-07-21 18:09:28.817642+00,NULL
75a3e44e-70aa-4612-b430-67d834e8f718,1,TRANSFER,215310.3,C1670993182,705,0,C1100439041,22425,0,214605.3,237735.3,1.1586042091948912e-05,low,f,2026-07-22 14:36:40.363609+00,NULL
76916c9d-333c-4543-be70-8799763b7607,1,TRANSFER,1.42905147e+06,C1520267010,0,0,C1590550415,2.04154362e+06,1.916920493e+07,1.42905147e+06,-1.569860984e+07,0.6019978607678854,medium,f,2026-07-21 22:26:52.945046+00,NULL
76ee6887-4a83-4589-b0f4-7bb1e8422e0b,1,TRANSFER,761507.39,C412788346,0,0,C1590550415,1.28003623e+06,1.916920493e+07,761507.39,-1.712766131e+07,0.3282995249638116,medium,f,2026-07-23 13:43:14.863034+00,NULL
77988f83-6439-4393-bf58-17b4454f3952,1,CASH_OUT,5346.89,C512549200,0,0,C248609774,652637,6.45343091e+06,5346.89,-5.7954470200000005e+06,5.352217158360872e-07,low,f,2026-07-21 22:47:30.768623+00,NULL
77ba9b34-20ad-43a8-931f-6a5380deccb7,1,TRANSFER,147543.1,C12905860,0,0,C1359044626,223220,16518.36,147543.1,354244.74,4.030195555060345e-07,low,f,2026-07-21 18:09:27.94638+00,NULL
77dccc35-faeb-46eb-b89a-0cec67ae6d2e,1,CASH_OUT,94253.33,C1718906711,25203.05,0,C977993101,99773,965870.05,69050.28,-771843.72,9.900806617224589e-06,low,f,2026-07-21 22:25:07.934266+00,NULL
78a28d87-e0a9-461f-afcd-b59771a5bf29,1,TRANSFER,311685.89,C1984094095,10835,0,C932583850,6267,2.71917289e+06,300850.89,-2.40122e+06,8.098261901068327e-07,low,f,2026-07-22 16:38:30.993531+00,NULL
79d16f57-5665-4062-83f9-d763adade871,1,TRANSFER,224606.64,C873175411,0,0,C766572210,354678.92,0,224606.64,579285.56,0.5524366705443873,medium,f,2026-07-21 22:26:52.945046+00,NULL
7a0b477c-2922-4e14-8dd6-1ae2f8e09f03,1,CASH_OUT,82691.56,C1620409359,0,0,C248609774,657983.89,6.45343091e+06,82691.56,-5.71275546e+06,2.3038282961351797e-06,low,f,2026-07-22 14:19:57.048314+00,NULL
7a0dd502-2f78-4be4-9937-d1affdcd3a77,1,TRANSFER,42712.39,C283039401,10363.39,0,C1330106945,57901.66,24044.18,32349,76569.87,0.7694185720438556,medium,f,2026-07-21 22:47:30.768623+00,NULL
7a3e778c-97d8-4998-b90a-8aa11348a97f,1,CASH_OUT,296752.75,C589363823,0,0,C1531333864,404814.81,55974.56,296752.75,645593,3.2401698035755544e-07,low,f,2026-07-22 14:19:57.048314+00,NULL
7a4887d6-fac8-466d-820d-088a58c46342,1,TRANSFER,125872.53,C1443967876,0,0,C392292416,348512,3.42010309e+06,125872.53,-2.9457185599999996e+06,0.5525775793715126,medium,f,2026-07-21 22:47:30.768623+00,NULL
7ada43fa-ea8e-48ce-91a1-88241ffa1868,1,TRANSFER,311685.89,C1984094095,10835,0,C932583850,6267,2.71917289e+06,300850.89,-2.40122e+06,0.46531569068996703,medium,f,2026-07-21 22:51:18.176483+00,NULL
7afc970f-27c0-4361-9f21-2324b7e7c625,1,CASH_OUT,47458.86,C527211736,209534.84,162075.98,C2096057945,52120,0,2.9103830456733704e-11,99578.86,2.844415348590701e-06,low,f,2026-07-21 22:51:18.176483+00,NULL
7b514232-2a07-463f-b8ea-1b18dc0939a6,1,TRANSFER,379856.23,C1449772539,0,0,C1590550415,900180,1.916920493e+07,379856.23,-1.78891687e+07,1.0090026592024515e-08,low,f,2026-07-22 14:32:45.41286+00,NULL
7b9759a9-826f-433b-9dce-0de0465e8f5e,1,TRANSFER,125872.53,C1443967876,0,0,C392292416,348512,3.42010309e+06,125872.53,-2.9457185599999996e+06,5.244171006779652e-06,low,f,2026-07-21 22:30:53.950264+00,NULL
7bc0f502-d40b-4055-8669-de4c5c660945,1,TRANSFER,77957.68,C207471778,0,0,C1761291320,94900,22233.65,77957.68,150624.03,0.6046118004345881,medium,f,2026-07-21 22:32:49.852477+00,NULL
7be639cc-fad7-4113-bbbd-9c894dd5dd47,1,CASH_OUT,94253.33,C1718906711,25203.05,0,C977993101,99773,965870.05,69050.28,-771843.72,0.5363551545688093,medium,f,2026-07-21 22:25:07.934266+00,NULL
7c1f62a8-bf1b-40e0-8cef-cce3c1757e8b,1,CASH_OUT,338767.1,C691691381,0,0,C453211571,544481.28,3.46166605e+06,338767.1,-2.57841767e+06,3.981671437003342e-09,low,f,2026-07-21 18:09:27.94638+00,NULL
7c3274bc-178e-46fb-b8c5-e9257aaeec20,1,CASH_OUT,181,C840083671,181,0,C38997010,21182,0,0,21363,0.52,medium,t,2026-07-21 22:41:46.081867+00,NULL
7c35b4a4-8bfd-490b-87b5-a3ddb5a2b75f,1,CASH_OUT,47458.86,C527211736,209534.84,162075.98,C2096057945,52120,0,2.9103830456733704e-11,99578.86,2.844415348590701e-06,low,f,2026-07-22 14:32:45.41286+00,NULL
7cb15455-1e51-488c-84b4-fe3fdab60487,1,TRANSFER,17231.46,C1243171897,0,0,C783286238,24672,0,17231.46,41903.46,3.4573670291138114e-06,low,f,2026-07-21 22:44:15.695574+00,NULL
7cc0ab1b-b289-484d-a626-eb528803e4d1,1,CASH_OUT,23261.3,C2072313080,20411.53,0,C2001112025,25742,0,2849.7700000000004,49003.3,0.00017633289098739624,low,f,2026-07-21 22:25:07.934266+00,NULL
7d013dde-e2d6-46e8-9809-19f7ce24d3cd,1,TRANSFER,77957.68,C207471778,0,0,C1761291320,94900,22233.65,77957.68,150624.03,6.275124064814008e-07,low,f,2026-07-21 22:41:46.081867+00,NULL
7d09ad05-0835-4c50-9a32-2d4cc55bdcad,1,CASH_OUT,139054.95,C2092709730,0,0,C1749186397,182538.03,277515.05,139054.95,44077.92999999999,1.3982333257445134e-05,low,f,2026-07-22 14:19:57.048314+00,NULL
7d3469a7-fd20-428a-a269-a3addc84177c,1,CASH_OUT,11648.5,C781091365,0,0,C985934102,260976,971418.91,11648.5,-698794.41,1.3881692950690194e-07,low,f,2026-07-21 18:09:27.94638+00,NULL
7d40cb7f-a409-4cc2-ae29-9ee7330b1ee3,1,CASH_OUT,229133.94,C905080434,15325,0,C476402209,5083,51513.44,213808.94,182703.5,0.0003087619552388787,low,f,2026-07-21 18:09:27.94638+00,NULL
7d415686-e6aa-4118-a1ba-94371757aaed,1,TRANSFER,42712.39,C283039401,10363.39,0,C1330106945,57901.66,24044.18,32349,76569.87,0.36408119288991747,medium,f,2026-07-21 22:44:15.695574+00,NULL
7d73f593-a515-4746-af0e-c8126300ec7c,1,TRANSFER,42712.39,C283039401,10363.39,0,C1330106945,57901.66,24044.18,32349,76569.87,0.1966918404026499,medium,f,2026-07-21 22:40:05.036496+00,NULL
7e599665-4834-4cfd-8645-a037a3f2df9d,1,TRANSFER,77957.68,C207471778,0,0,C1761291320,94900,22233.65,77957.68,150624.03,6.275124064814008e-07,low,f,2026-07-21 22:40:05.036496+00,NULL
7e7a0777-daff-407c-9339-7e3714354267,1,TRANSFER,311685.89,C1984094095,10835,0,C932583850,6267,2.71917289e+06,300850.89,-2.40122e+06,8.098261901068327e-07,low,f,2026-07-21 22:32:49.852477+00,NULL
7ecb5e65-14fb-4f57-994f-ee6dc17f631d,1,CASH_OUT,335416.51,C743778731,144478,0,C575335780,295,52415.15,190938.51,283296.36,0.0001762851607054472,low,f,2026-07-22 14:36:40.363609+00,NULL
7ef74459-c9bd-4724-b23e-fa47a9103bca,1,TRANSFER,554026.99,C1603696865,0,0,C766572210,579285.56,0,554026.99,1.13331255e+06,0.6365644424140805,medium,f,2026-07-21 22:44:15.695574+00,NULL
7efc3a03-6d37-4a47-9fde-90908a2b0934,1,CASH_OUT,47458.86,C527211736,209534.84,162075.98,C2096057945,52120,0,2.9103830456733704e-11,99578.86,0.5760308948540906,medium,f,2026-07-21 22:32:49.852477+00,NULL
7f10c90b-313d-44d0-8baf-a8edb8a326a5,1,CASH_OUT,57794.61,C1141113940,0,0,C240650537,99217.58,0,57794.61,157012.19,8.151361612362962e-07,low,f,2026-07-22 14:19:57.048314+00,NULL
7f4a68c2-be2a-44c2-98ba-1b0709c0da99,1,CASH_OUT,56953.9,C1570470538,1942.02,0,C824009085,70253,64106.18,55011.880000000005,63100.719999999994,2.31321359933645e-06,low,f,2026-07-23 13:43:14.863034+00,NULL
7f6d8961-4a70-4ef5-910c-d4d670f872a7,1,TRANSFER,181,C1305486145,181,0,C553264065,0,0,0,181,0.5,medium,t,2026-07-21 22:32:49.852477+00,NULL
801ddb3b-76b7-4d76-9151-eb3b81f49f64,1,CASH_OUT,186447.51,C976827477,0,0,C1590550415,5.86220003e+06,1.916920493e+07,186447.51,-1.312055739e+07,3.3837477531051263e-06,low,f,2026-07-22 14:19:57.048314+00,NULL
806438f1-0eda-40fe-863f-1aaf8f1790a0,1,TRANSFER,358831.92,C908084672,0,0,C392292416,474384.53,3.42010309e+06,358831.92,-2.5868866399999997e+06,0.5899296257281321,medium,f,2026-07-22 14:36:40.363609+00,NULL
80fcb1af-01cf-428c-83c0-afc800ded76a,1,CASH_OUT,78292.91,C1631227617,0,0,C1983747920,121112,95508.95,78292.91,103895.96,8.151361612362962e-07,low,f,2026-07-21 18:09:27.94638+00,NULL
81079c85-76f0-407f-bcba-c2a7382f2c9b,1,TRANSFER,42712.39,C283039401,10363.39,0,C1330106945,57901.66,24044.18,32349,76569.87,0.2772678359395796,medium,f,2026-07-21 22:51:18.176483+00,NULL
81162248-9deb-4725-8a96-2569c65ffbb9,1,CASH_OUT,94253.33,C1718906711,25203.05,0,C977993101,99773,965870.05,69050.28,-771843.72,9.900806617224589e-06,low,f,2026-07-22 16:38:30.993531+00,NULL
813f785a-726c-442b-b07b-dfb6647a79e9,1,TRANSFER,78766.03,C1376151044,0,0,C1749186397,103772,277515.05,78766.03,-94977.01999999999,3.880912117892876e-06,low,f,2026-07-21 22:32:49.852477+00,NULL
81464d9d-b6b8-410f-ab0c-3659a7939477,1,CASH_OUT,94253.33,C1718906711,25203.05,0,C977993101,99773,965870.05,69050.28,-771843.72,0.6032062099960983,medium,f,2026-07-21 22:47:30.768623+00,NULL
81d8198b-3479-490d-95b1-42d21be2ffb8,1,TRANSFER,2806,C1420196421,2806,0,C972765878,0,0,0,2806,0.52,medium,t,2026-07-22 14:19:57.048314+00,NULL
81f742bc-444a-4666-9ac5-64ea4ffee46c,1,TRANSFER,761507.39,C412788346,0,0,C1590550415,1.28003623e+06,1.916920493e+07,761507.39,-1.712766131e+07,0.27712584155994346,medium,f,2026-07-21 22:32:49.852477+00,NULL
82135e34-5b6a-4d62-8af6-1e7927e59cd0,1,CASH_OUT,193605.38,C2029372696,0,0,C1971489295,249452.05,0,193605.38,443057.43,1.2942720104547334e-06,low,f,2026-07-21 18:09:27.94638+00,NULL
821cb34e-40e6-4285-8e8b-731238514166,1,TRANSFER,367768.4,C288306765,0,0,C1359044626,370763.1,16518.36,367768.4,722013.14,0.7265814793517307,medium,f,2026-07-21 21:32:31.390253+00,NULL
8239207f-45c1-4efc-b64e-97a2ff85ba73,1,CASH_OUT,75405.1,C263053820,0,0,C1870252780,104209,46462.23,75405.1,133151.87,0.42913292905943046,medium,f,2026-07-22 14:32:45.41286+00,NULL
82591758-725f-462c-805b-bba32f4ede4c,1,CASH_OUT,47458.86,C527211736,209534.84,162075.98,C2096057945,52120,0,2.9103830456733704e-11,99578.86,0.48864741745830975,medium,f,2026-07-21 22:30:53.950264+00,NULL
8336c084-f1ae-439a-8252-c412354e7ec3,1,CASH_OUT,136872.92,C1533123860,162075.98,25203.05,C766572210,217806,0,-0.010000000009313226,354678.92000000004,9.3488861239166e-06,low,f,2026-07-21 22:26:52.945046+00,NULL
83565baf-6ac8-41f4-8ad8-487cff296c18,1,CASH_OUT,44443.08,C269892014,0,0,C1590550415,6.04864754e+06,1.916920493e+07,44443.08,-1.3076114309999999e+07,1.025489382300293e-05,low,f,2026-07-21 18:09:27.94638+00,NULL
836f0cd2-19b6-47aa-b9c6-2fd3b0b08118,1,CASH_OUT,82940.31,C1528834618,3017.87,0,C476800120,132372,49864.36,79922.44,165447.95,1.2160126061644405e-06,low,f,2026-07-21 21:32:31.390253+00,NULL
8370f64f-2ddc-4d56-abed-99b6f1348028,1,TRANSFER,209711.11,C1556867940,0,0,C1509514333,399214.71,2415.16,209711.11,606510.66,0.7703188390091116,medium,f,2026-07-22 14:19:57.970992+00,NULL
83795728-a235-4da8-8ac2-5caf9f6717c0,1,TRANSFER,761507.39,C412788346,0,0,C1590550415,1.28003623e+06,1.916920493e+07,761507.39,-1.712766131e+07,2.5380413148923253e-07,low,f,2026-07-21 22:26:52.945046+00,NULL
839c8fc4-9d8b-41a9-a2f3-710770997430,1,TRANSFER,761507.39,C412788346,0,0,C1590550415,1.28003623e+06,1.916920493e+07,761507.39,-1.712766131e+07,2.5380413148923253e-07,low,f,2026-07-22 14:19:57.048314+00,NULL
83ac65b3-7e44-4a0d-8648-af633882d227,1,CASH_OUT,23261.3,C2072313080,20411.53,0,C2001112025,25742,0,2849.7700000000004,49003.3,0.00017633289098739624,low,f,2026-07-22 14:36:40.363609+00,NULL
83cc1136-22a9-49cb-844e-ad217b517a4f,1,CASH_OUT,110414.71,C768216420,26845.41,0,C1509514333,288800,2415.16,83569.3,396799.55000000005,0.6533909573281029,medium,f,2026-07-21 22:32:49.852477+00,NULL
83e20ccc-97a9-4668-a3b2-76fafb4bc1ab,1,CASH_OUT,11648.5,C781091365,0,0,C985934102,260976,971418.91,11648.5,-698794.41,1.3881692950690194e-07,low,f,2026-07-22 14:36:40.363609+00,NULL
8425a6f3-e364-478d-b63c-67603b402dbd,1,CASH_OUT,94253.33,C1718906711,25203.05,0,C977993101,99773,965870.05,69050.28,-771843.72,0.7228986767452432,medium,f,2026-07-21 22:30:53.950264+00,NULL
84c01798-5509-492e-a764-8a6474ed75b2,1,TRANSFER,358831.92,C908084672,0,0,C392292416,474384.53,3.42010309e+06,358831.92,-2.5868866399999997e+06,1.2723085696109138e-08,low,f,2026-07-22 14:19:57.048314+00,NULL
84c28f51-91c0-4284-9304-62a5a179650d,1,TRANSFER,62610.8,C1976401987,79114,16503.2,C1937962514,517,8383.29,0,54744.51,0.13755526657060163,medium,f,2026-07-21 22:25:07.934266+00,NULL
84e6d375-4554-4254-a6e9-e9c2a90a9ab3,1,TRANSFER,224606.64,C873175411,0,0,C766572210,354678.92,0,224606.64,579285.56,0.4969509985069056,medium,f,2026-07-21 22:40:05.036496+00,NULL
852a5d1f-71ca-418b-82ae-8461e550a073,1,TRANSFER,311685.89,C1984094095,10835,0,C932583850,6267,2.71917289e+06,300850.89,-2.40122e+06,8.098261901068327e-07,low,f,2026-07-21 22:41:46.081867+00,NULL
85ab7215-96ef-4bf9-8a42-5a7d8ac282d5,1,CASH_OUT,81029.86,C324112183,0,0,C288665596,105343,8496.61,81029.86,177876.25,8.151361612362962e-07,low,f,2026-07-21 18:09:27.94638+00,NULL
86047fed-81c6-4fd9-affb-f414716e7fa4,1,CASH_OUT,110414.71,C768216420,26845.41,0,C1509514333,288800,2415.16,83569.3,396799.55000000005,0.16229534020167538,medium,f,2026-07-21 22:25:07.934266+00,NULL
86263afe-b6d8-4534-9ee1-2b75bd1b5d8d,1,CASH_OUT,176149.9,C24650043,0,0,C736709391,259813,46820.71,176149.9,389142.19,0.5780471890310783,medium,f,2026-07-22 14:36:40.363609+00,NULL
865b3657-f3eb-4492-94dc-0916df5ac1ae,1,CASH_OUT,498960.91,C1957078537,0,0,C1360767589,608612.15,2.10796539e+06,498960.91,-1.0003923300000001e+06,0.11712187125088486,medium,f,2026-07-22 14:19:57.970992+00,NULL
8662984d-4f01-4259-8447-97f11888ad20,1,CASH_OUT,14121.82,C69062746,0,0,C100555887,52679,10963.66,14121.82,55837.16,1.880439981505333e-06,low,f,2026-07-21 21:32:31.390253+00,NULL
867f1848-7bb2-4944-96c7-d6c6b01e315b,1,TRANSFER,62610.8,C1976401987,79114,16503.2,C1937962514,517,8383.29,0,54744.51,9.442200098419562e-05,low,f,2026-07-21 21:32:31.390253+00,NULL
86862ffd-d5e7-4896-b537-4ea03057c483,1,TRANSFER,583848.46,C1839168128,0,0,C1286084959,667778,2.10777811e+06,583848.46,-856151.6499999999,1.0859143628749734e-07,low,f,2026-07-21 21:32:31.390253+00,NULL
86b3fd3b-4dd4-4405-a42d-02d63178d043,1,TRANSFER,1.50562601e+06,C926859124,0,0,C665576141,29031,5.51576334e+06,1.50562601e+06,-3.98110633e+06,0.6451616876445291,medium,f,2026-07-22 14:19:57.970992+00,NULL
8714f68c-3cc8-41b7-a3cf-4a5029bb49a3,1,TRANSFER,181,C1305486145,181,0,C553264065,0,0,0,181,0.5,medium,t,2026-07-21 22:26:52.945046+00,NULL
87195c6f-9ce4-441b-bf45-531103b5a317,1,CASH_OUT,94253.33,C1718906711,25203.05,0,C977993101,99773,965870.05,69050.28,-771843.72,0.4561203386870001,medium,f,2026-07-21 22:26:52.945046+00,NULL
873343f3-6099-4f73-9636-609cd4ceb739,1,TRANSFER,1.42905147e+06,C1520267010,0,0,C1590550415,2.04154362e+06,1.916920493e+07,1.42905147e+06,-1.569860984e+07,1.1477848602226004e-05,low,f,2026-07-21 22:47:30.768623+00,NULL
87b560bd-0c9c-4d3b-ae1c-8cbdec72b775,1,TRANSFER,379856.23,C1449772539,0,0,C1590550415,900180,1.916920493e+07,379856.23,-1.78891687e+07,1.0090026592024515e-08,low,f,2026-07-21 22:47:30.768623+00,NULL
87cdf27c-9d86-4efe-a3d6-8851864c1064,1,CASH_OUT,82940.31,C1528834618,3017.87,0,C476800120,132372,49864.36,79922.44,165447.95,1.2160126061644405e-06,low,f,2026-07-22 14:19:57.048314+00,NULL
8844561c-b1c6-45c1-adb2-38ff3f0a7c59,1,TRANSFER,147543.1,C12905860,0,0,C1359044626,223220,16518.36,147543.1,354244.74,4.030195555060345e-07,low,f,2026-07-21 22:41:46.081867+00,NULL
885c6e98-f420-4255-830d-6db2bffd74a7,1,CASH_OUT,191702.06,C2052457859,0,0,C985934102,272624.5,971418.91,191702.06,-507092.35000000003,2.465637862769654e-07,low,f,2026-07-21 18:09:27.94638+00,NULL
8869418e-3890-4a22-95c7-7bc7851844a2,1,TRANSFER,62610.8,C1976401987,79114,16503.2,C1937962514,517,8383.29,0,54744.51,9.442200098419562e-05,low,f,2026-07-22 14:36:40.363609+00,NULL
886fa6db-5809-4630-94c5-821577dcdc45,1,TRANSFER,215310.3,C1670993182,705,0,C1100439041,22425,0,214605.3,237735.3,1.1586042091948912e-05,low,f,2026-07-21 22:40:05.036496+00,NULL
891fcbda-b2a1-40b6-bc88-22add2d8a249,1,TRANSFER,379856.23,C1449772539,0,0,C1590550415,900180,1.916920493e+07,379856.23,-1.78891687e+07,0.2683474006723414,medium,f,2026-07-21 22:25:07.934266+00,NULL
89203a27-be42-4bc6-ba13-14c2fc43bbbe,1,CASH_OUT,11648.5,C781091365,0,0,C985934102,260976,971418.91,11648.5,-698794.41,0.6913119641474953,medium,f,2026-07-22 14:32:45.41286+00,NULL
893d10b9-d2b9-4a41-a676-3520438b69f1,1,CASH_OUT,56953.9,C1570470538,1942.02,0,C824009085,70253,64106.18,55011.880000000005,63100.719999999994,2.31321359933645e-06,low,f,2026-07-21 22:32:49.852477+00,NULL
89441f6e-2628-4329-8e9e-d1f4ae85e710,1,TRANSFER,62610.8,C1976401987,79114,16503.2,C1937962514,517,8383.29,0,54744.51,0.1910328128476193,medium,f,2026-07-23 13:43:14.863034+00,NULL
89d06a69-199d-4ea7-8493-ebedff49b672,1,TRANSFER,215310.3,C1670993182,705,0,C1100439041,22425,0,214605.3,237735.3,1.1586042091948912e-05,low,f,2026-07-21 22:47:30.768623+00,NULL
8a149006-4baa-4031-b89d-202e4029ed94,1,TRANSFER,554026.99,C1603696865,0,0,C766572210,579285.56,0,554026.99,1.13331255e+06,1.1865068649807853e-10,low,f,2026-07-21 22:51:18.176483+00,NULL
8a4f23b2-9feb-484e-8b82-cc15c7f2e4e7,1,CASH_OUT,47458.86,C527211736,209534.84,162075.98,C2096057945,52120,0,2.9103830456733704e-11,99578.86,2.844415348590701e-06,low,f,2026-07-21 22:40:05.036496+00,NULL
8aa96702-0c4f-4cd7-84b0-3abd9b23b363,1,TRANSFER,554026.99,C1603696865,0,0,C766572210,579285.56,0,554026.99,1.13331255e+06,0.3039978043842463,medium,f,2026-07-21 22:30:53.950264+00,NULL
8b11b6d5-2aad-4465-833b-e122c691cf2d,1,TRANSFER,1.50562601e+06,C926859124,0,0,C665576141,29031,5.51576334e+06,1.50562601e+06,-3.98110633e+06,1.2832265383622143e-06,low,f,2026-07-21 22:30:53.950264+00,NULL
8b5f1c7c-264c-4b2e-a98b-fe790bcccc16,1,CASH_OUT,56953.9,C1570470538,1942.02,0,C824009085,70253,64106.18,55011.880000000005,63100.719999999994,2.31321359933645e-06,low,f,2026-07-22 16:38:30.993531+00,NULL
8b6d6857-d8ec-4cf0-a477-fea53f1bcd15,1,CASH_OUT,82940.31,C1528834618,3017.87,0,C476800120,132372,49864.36,79922.44,165447.95,1.2160126061644405e-06,low,f,2026-07-21 22:30:53.950264+00,NULL
8bc2742a-7172-4919-af83-0387a752536e,1,CASH_OUT,281339.92,C1863655430,0,0,C1509514333,612801.81,2415.16,281339.92,891726.57,2.5552487643160093e-13,low,f,2026-07-22 14:19:57.048314+00,NULL
8bd99d4c-80f0-486f-b9ac-56dbd3cd216a,1,TRANSFER,209711.11,C1556867940,0,0,C1509514333,399214.71,2415.16,209711.11,606510.66,2.3312044561407674e-07,low,f,2026-07-22 14:19:57.048314+00,NULL
8beac662-2ea6-4384-b4ab-81436f066012,1,TRANSFER,181,C1305486145,181,0,C553264065,0,0,0,181,0.5,medium,t,2026-07-22 14:36:40.363609+00,NULL
8c478589-2bf5-469f-8512-573384c5166c,1,TRANSFER,311685.89,C1984094095,10835,0,C932583850,6267,2.71917289e+06,300850.89,-2.40122e+06,8.098261901068327e-07,low,f,2026-07-21 22:40:05.036496+00,NULL
8c4f7406-59ce-4342-abe0-b54173e043d6,1,TRANSFER,181,C1305486145,181,0,C553264065,0,0,0,181,0.5,medium,t,2026-07-22 14:32:45.41286+00,NULL
8cf3bf64-562a-430b-b7a8-8ebc3819e9f9,1,TRANSFER,181,C1305486145,181,0,C553264065,0,0,0,181,0.5,medium,t,2026-07-21 18:09:27.94638+00,NULL
8d5291e2-8a64-43c8-9d1c-523642bab2f4,1,CASH_OUT,50101.88,C1740826931,0,0,C97730845,67684,9.94033929e+06,50101.88,-9.822553409999998e+06,1.2137186331528937e-06,low,f,2026-07-22 14:32:45.41286+00,NULL
8d942285-5280-48de-8f44-d8ddc7849883,1,TRANSFER,554026.99,C1603696865,0,0,C766572210,579285.56,0,554026.99,1.13331255e+06,1.1865068649807853e-10,low,f,2026-07-22 14:19:57.048314+00,NULL
8dce8f98-bc5e-43ca-b9ed-4a8cfbfd201f,1,CASH_OUT,3146.16,C923083575,0,0,C1504109395,9471,593737.38,3146.16,-581120.22,0.653973452131886,medium,f,2026-07-21 18:09:28.817642+00,NULL
8e625161-802d-4eba-b5a8-73ae42b2c6b9,1,TRANSFER,125872.53,C1443967876,0,0,C392292416,348512,3.42010309e+06,125872.53,-2.9457185599999996e+06,5.244171006779652e-06,low,f,2026-07-22 16:38:30.993531+00,NULL
8e711c17-60e7-4a62-8b86-e15d5c172b59,1,TRANSFER,215310.3,C1670993182,705,0,C1100439041,22425,0,214605.3,237735.3,1.1586042091948912e-05,low,f,2026-07-21 22:41:46.081867+00,NULL
8e7f5d37-c6e5-46b6-95b7-0830a826c302,1,TRANSFER,761507.39,C412788346,0,0,C1590550415,1.28003623e+06,1.916920493e+07,761507.39,-1.712766131e+07,0.255586207199915,medium,f,2026-07-21 22:44:15.695574+00,NULL
8f09cdd1-0dd8-4dd5-a166-4dc7537da537,1,CASH_OUT,82940.31,C1528834618,3017.87,0,C476800120,132372,49864.36,79922.44,165447.95,1.2160126061644405e-06,low,f,2026-07-21 22:25:07.934266+00,NULL
8f10a66d-e9f9-4d91-be15-2a32899dad20,1,CASH_OUT,56953.9,C1570470538,1942.02,0,C824009085,70253,64106.18,55011.880000000005,63100.719999999994,2.31321359933645e-06,low,f,2026-07-21 22:41:46.081867+00,NULL
8f2c6d16-ffce-43b7-9aab-105fb91a2916,1,TRANSFER,17231.46,C1243171897,0,0,C783286238,24672,0,17231.46,41903.46,3.4573670291138114e-06,low,f,2026-07-22 16:38:30.993531+00,NULL
8f445730-42ed-4793-9900-3f72dee3d290,1,CASH_OUT,23261.3,C2072313080,20411.53,0,C2001112025,25742,0,2849.7700000000004,49003.3,0.00017633289098739624,low,f,2026-07-21 22:44:15.695574+00,NULL
8fdf1564-7ab8-464c-9384-994c74a94b6f,1,CASH_OUT,229133.94,C905080434,15325,0,C476402209,5083,51513.44,213808.94,182703.5,0.4068719596390311,medium,f,2026-07-21 22:51:18.176483+00,NULL
8fe104ce-6bf0-4708-bcfb-c380c76fbf1b,1,TRANSFER,679502.24,C722417467,290,0,C451111351,171866,3.94008521e+06,679212.24,-3.0887169699999997e+06,1.1009468181555349e-07,low,f,2026-07-22 14:36:40.363609+00,NULL
90251c43-3cb0-44c6-8ed2-a995e157123c,1,TRANSFER,1.42905147e+06,C1520267010,0,0,C1590550415,2.04154362e+06,1.916920493e+07,1.42905147e+06,-1.569860984e+07,1.1477848602226004e-05,low,f,2026-07-21 18:09:27.94638+00,NULL
9078d1b1-711a-4394-bc42-11d430605dce,1,CASH_OUT,3146.16,C923083575,0,0,C1504109395,9471,593737.38,3146.16,-581120.22,4.8164010877371766e-06,low,f,2026-07-22 14:19:57.048314+00,NULL
909e7dc7-ac5d-4d8d-9bb3-4c0a3a5e1a93,1,CASH_OUT,57279.11,C1800649922,0,0,C824009085,127206.9,64106.18,57279.11,120379.83000000002,8.151361612362962e-07,low,f,2026-07-22 14:19:57.048314+00,NULL
90ccd3d6-95a1-432c-87aa-6072b59ba377,1,CASH_OUT,229133.94,C905080434,15325,0,C476402209,5083,51513.44,213808.94,182703.5,0.0003087619552388787,low,f,2026-07-22 14:36:40.363609+00,NULL
919c4f99-e9e0-475d-bc2e-e1bab9d32027,1,TRANSFER,583848.46,C1839168128,0,0,C1286084959,667778,2.10777811e+06,583848.46,-856151.6499999999,0.5479540353540814,medium,f,2026-07-21 21:32:31.390253+00,NULL
91b97e80-d7e2-45a3-b0fc-b85b6d8cc36f,1,TRANSFER,42712.39,C283039401,10363.39,0,C1330106945,57901.66,24044.18,32349,76569.87,0.6384498293392368,medium,f,2026-07-22 14:36:40.363609+00,NULL
9203480d-f576-48cd-9156-0c887cbe4a17,1,TRANSFER,554026.99,C1603696865,0,0,C766572210,579285.56,0,554026.99,1.13331255e+06,0.3061401228770285,medium,f,2026-07-21 22:41:46.081867+00,NULL
9208b499-d6d7-4dcc-8718-416f31bd2e9e,1,TRANSFER,77957.68,C207471778,0,0,C1761291320,94900,22233.65,77957.68,150624.03,0.7928323175636006,medium,f,2026-07-21 21:32:31.390253+00,NULL
920e29b9-3770-4243-b168-7a42f7fc0050,1,CASH_OUT,212228.35,C1896074070,0,0,C401424608,429747,1.17880814e+06,212228.35,-536832.7899999999,1.2830267337449186e-07,low,f,2026-07-22 14:36:40.363609+00,NULL
9214a46c-536b-4d97-b5fa-11d59405d7ec,1,TRANSFER,710544.77,C835773569,0,0,C1359044626,738531.5,16518.36,710544.77,1.43255791e+06,4.889267324337254e-10,low,f,2026-07-22 14:19:57.048314+00,NULL
923da9dd-ca90-4fa4-a27f-c23acd7fdfb9,1,CASH_OUT,94253.33,C1718906711,25203.05,0,C977993101,99773,965870.05,69050.28,-771843.72,9.900806617224589e-06,low,f,2026-07-21 22:44:15.695574+00,NULL
928edc83-b3a8-4952-b86f-70e67a4c5278,1,CASH_OUT,94253.33,C1718906711,25203.05,0,C977993101,99773,965870.05,69050.28,-771843.72,9.900806617224589e-06,low,f,2026-07-21 22:30:53.950264+00,NULL
92a56313-5cc0-41a1-840f-e56b6b840d16,1,CASH_OUT,178439.26,C1634723627,0,0,C2083562754,278846.75,1.18655681e+06,178439.26,-729270.8,3.4541429272394453e-07,low,f,2026-07-21 18:09:27.94638+00,NULL
93128407-0d36-4623-8c6d-6f8a71d5f624,1,CASH_OUT,114712.48,C599782425,0,0,C1209271652,145400,0,114712.48,260112.47999999998,1.4376910257851705e-06,low,f,2026-07-22 14:19:57.048314+00,NULL
938d8fe6-f0cb-4856-afbf-c850d50b61e1,1,TRANSFER,147543.1,C12905860,0,0,C1359044626,223220,16518.36,147543.1,354244.74,0.620447584480586,medium,f,2026-07-21 22:47:30.768623+00,NULL
939cd205-f372-484b-88c0-649dc538e1fa,1,CASH_OUT,212228.35,C1896074070,0,0,C401424608,429747,1.17880814e+06,212228.35,-536832.7899999999,1.2830267337449186e-07,low,f,2026-07-22 14:32:45.41286+00,NULL
93adf1ce-973f-4073-9e67-19a49bd920ed,1,TRANSFER,379856.23,C1449772539,0,0,C1590550415,900180,1.916920493e+07,379856.23,-1.78891687e+07,0.3760631333950758,medium,f,2026-07-21 22:47:30.768623+00,NULL
93beaf1a-c660-4b88-853f-0a6c7008ecc2,1,TRANSFER,77957.68,C207471778,0,0,C1761291320,94900,22233.65,77957.68,150624.03,6.275124064814008e-07,low,f,2026-07-21 22:25:07.934266+00,NULL
943a52d6-cba9-4375-8ed7-25c7e894b401,1,TRANSFER,215310.3,C1670993182,705,0,C1100439041,22425,0,214605.3,237735.3,1.1586042091948912e-05,low,f,2026-07-21 22:25:07.934266+00,NULL
9445a675-8241-464a-927b-8a07f4169e44,1,TRANSFER,78766.03,C1376151044,0,0,C1749186397,103772,277515.05,78766.03,-94977.01999999999,0.43711577465662277,medium,f,2026-07-22 16:38:30.993531+00,NULL
944ce4e1-e441-47c6-96c5-74f63eef3b0b,1,CASH_OUT,171508.59,C1033348658,0,0,C1971489295,443057.43,0,171508.59,614566.02,7.902741003817937e-07,low,f,2026-07-21 18:09:27.94638+00,NULL
948cfe6f-1f5d-4c0c-bdc0-bd1bbb0eb36a,1,TRANSFER,177652.91,C753631393,23720,0,C716157500,55,4894.45,153932.91,172813.46,8.855640044203028e-05,low,f,2026-07-21 21:32:31.390253+00,NULL
949d3b17-5a0f-458d-b431-3e199bc4a21f,1,CASH_OUT,193605.38,C2029372696,0,0,C1971489295,249452.05,0,193605.38,443057.43,1.2942720104547334e-06,low,f,2026-07-22 14:19:57.048314+00,NULL
94c209d7-e8c9-4eee-938e-e90cc77837ee,1,CASH_OUT,82940.31,C1528834618,3017.87,0,C476800120,132372,49864.36,79922.44,165447.95,1.2160126061644405e-06,low,f,2026-07-21 22:32:49.852477+00,NULL
9581040b-b540-4a9e-99a4-71043c2db2a3,1,CASH_OUT,83857.23,C247162961,0,0,C1297685781,215457.59,16997.22,83857.23,282317.6,8.151361612362962e-07,low,f,2026-07-21 18:09:27.94638+00,NULL
9599be25-e8c3-44ed-ba2b-e603cf3bb6f7,1,TRANSFER,1.42905147e+06,C1520267010,0,0,C1590550415,2.04154362e+06,1.916920493e+07,1.42905147e+06,-1.569860984e+07,0.3915738552400039,medium,f,2026-07-21 22:30:53.950264+00,NULL
95b478cf-d7c6-4bdd-8370-992433680ce5,1,TRANSFER,77957.68,C207471778,0,0,C1761291320,94900,22233.65,77957.68,150624.03,6.275124064814008e-07,low,f,2026-07-21 18:09:27.94638+00,NULL
95d62cc0-a0b4-4255-899e-29b3f7a4ceef,1,TRANSFER,1.50562601e+06,C926859124,0,0,C665576141,29031,5.51576334e+06,1.50562601e+06,-3.98110633e+06,1.2832265383622143e-06,low,f,2026-07-21 22:40:05.036496+00,NULL
960fb923-4afc-4b6c-b0ab-3a008608c31b,1,CASH_OUT,190445.51,C1760219993,0,0,C1360767589,203679,2.10796539e+06,190445.51,-1.7138408800000001e+06,8.990481319415267e-07,low,f,2026-07-22 14:19:57.048314+00,NULL
961515be-7560-4150-bd7d-6d411c5cc7c2,1,TRANSFER,77957.68,C207471778,0,0,C1761291320,94900,22233.65,77957.68,150624.03,0.6424389206002659,medium,f,2026-07-22 14:36:40.363609+00,NULL
9664c721-f8b3-4605-a465-83a4520531dc,1,CASH_OUT,419801.4,C1687354037,38197.63,0,C33524623,499962,1.51726216e+06,381603.77,-597498.7599999999,9.939560285943116e-10,low,f,2026-07-21 18:09:27.94638+00,NULL
96826290-322a-406a-98f6-40a9d93a2a83,1,CASH_OUT,85423.63,C460741164,0,0,C1590550415,5.77677641e+06,1.916920493e+07,85423.63,-1.330700489e+07,8.754574082558975e-06,low,f,2026-07-22 14:19:57.048314+00,NULL
96925992-bbc7-42a8-ab8b-1efd0b1353a9,1,TRANSFER,311685.89,C1984094095,10835,0,C932583850,6267,2.71917289e+06,300850.89,-2.40122e+06,8.098261901068327e-07,low,f,2026-07-22 14:32:45.41286+00,NULL
96fda9b3-8e07-40a4-8fa2-4a482e5d0923,1,CASH_OUT,110414.71,C768216420,26845.41,0,C1509514333,288800,2415.16,83569.3,396799.55000000005,0.613912607214406,medium,f,2026-07-21 22:47:30.768623+00,NULL
9734b892-229d-4fd1-a893-bab3de2e00a6,1,CASH_OUT,5346.89,C512549200,0,0,C248609774,652637,6.45343091e+06,5346.89,-5.7954470200000005e+06,5.352217158360872e-07,low,f,2026-07-21 22:44:15.695574+00,NULL
97893942-0b90-4f6e-a781-859e0b204224,1,TRANSFER,62610.8,C1976401987,79114,16503.2,C1937962514,517,8383.29,0,54744.51,9.442200098419562e-05,low,f,2026-07-23 13:43:14.863034+00,NULL
97abc14b-0c3c-421a-956e-6300da109680,1,CASH_OUT,26004.52,C1112456099,0,0,C1225616405,52251.58,0,26004.52,78256.1,2.225669732069946e-06,low,f,2026-07-22 14:19:57.048314+00,NULL
982529dc-3859-40ba-b65c-563e305c3b00,1,TRANSFER,62610.8,C1976401987,79114,16503.2,C1937962514,517,8383.29,0,54744.51,9.442200098419562e-05,low,f,2026-07-21 22:41:46.081867+00,NULL
9845a27a-bdab-4bb6-8051-2c97e91756c1,1,CASH_OUT,467177.03,C1338905451,28112.02,0,C1170794006,975121,22190.99,439065.01,1.42010704e+06,1.2294665285850215e-09,low,f,2026-07-21 18:09:27.94638+00,NULL
9847c33e-4baf-46a8-a1a2-528efcd982ce,1,TRANSFER,1.50562601e+06,C926859124,0,0,C665576141,29031,5.51576334e+06,1.50562601e+06,-3.98110633e+06,0.5650975233916031,medium,f,2026-07-22 14:36:40.363609+00,NULL
987e0d15-0135-46fd-a5a5-d50249267faa,1,CASH_OUT,281339.92,C1863655430,0,0,C1509514333,612801.81,2415.16,281339.92,891726.57,2.5552487643160093e-13,low,f,2026-07-21 18:09:27.94638+00,NULL
98b271ee-27ad-4aa0-9b0f-b5e32759e30f,1,TRANSFER,311685.89,C1984094095,10835,0,C932583850,6267,2.71917289e+06,300850.89,-2.40122e+06,0.4404634333533405,medium,f,2026-07-22 16:38:30.993531+00,NULL
98e6dda4-b19f-4de7-8be5-af4cdc6e1168,1,TRANSFER,177652.91,C753631393,23720,0,C716157500,55,4894.45,153932.91,172813.46,0.7400971046694498,medium,f,2026-07-22 14:19:57.970992+00,NULL
98f4afc9-c5f2-4b70-bf78-b0889516682b,1,TRANSFER,78766.03,C1376151044,0,0,C1749186397,103772,277515.05,78766.03,-94977.01999999999,0.5456281207550047,medium,f,2026-07-21 22:32:49.852477+00,NULL
9913f22c-d854-4d6e-aedc-cbf9b0211d23,1,TRANSFER,125872.53,C1443967876,0,0,C392292416,348512,3.42010309e+06,125872.53,-2.9457185599999996e+06,0.16838121291504046,medium,f,2026-07-21 21:32:31.390253+00,NULL
993f8432-ff4a-4bd0-8569-8961668f98ed,1,CASH_OUT,267148.82,C1261044180,0,0,C401424608,641975.35,1.17880814e+06,267148.82,-269683.97,2.3690599704195847e-08,low,f,2026-07-21 18:09:27.94638+00,NULL
99888b58-1f65-4f2b-a429-f405fed8f4c4,1,TRANSFER,554026.99,C1603696865,0,0,C766572210,579285.56,0,554026.99,1.13331255e+06,0.741563388353732,medium,f,2026-07-21 22:26:52.945046+00,NULL
99beac41-7ae1-4dad-8a90-e682a15ac440,1,TRANSFER,147543.1,C12905860,0,0,C1359044626,223220,16518.36,147543.1,354244.74,4.030195555060345e-07,low,f,2026-07-22 14:19:57.048314+00,NULL
99dddac4-7647-4549-8943-e211426f4fb4,1,CASH_OUT,44443.08,C269892014,0,0,C1590550415,6.04864754e+06,1.916920493e+07,44443.08,-1.3076114309999999e+07,1.025489382300293e-05,low,f,2026-07-22 14:19:57.048314+00,NULL
9a1421ca-d7ea-4276-823f-2b4fee337f3b,1,TRANSFER,77957.68,C207471778,0,0,C1761291320,94900,22233.65,77957.68,150624.03,0.14941317581242336,medium,f,2026-07-23 13:43:14.863034+00,NULL
9a559506-2b9f-4cc5-b42b-c60ca9549ea4,1,CASH_OUT,110414.71,C768216420,26845.41,0,C1509514333,288800,2415.16,83569.3,396799.55000000005,0.1967151484540507,medium,f,2026-07-21 22:40:05.036496+00,NULL
9ae10dd6-93ad-49cf-931f-b5172b4599c8,1,TRANSFER,330757.04,C1494346128,103657,0,C564160838,79676,1.25495607e+06,227100.03999999998,-844523.03,2.475708924976061e-06,low,f,2026-07-22 14:36:40.363609+00,NULL
9b0a1074-e66a-4c8e-a93b-b140dd1b5ee6,1,TRANSFER,17231.46,C1243171897,0,0,C783286238,24672,0,17231.46,41903.46,3.4573670291138114e-06,low,f,2026-07-21 21:32:31.390253+00,NULL
9b50295a-3f01-4bc3-8dc1-753a64f1c4a3,1,TRANSFER,330757.04,C1494346128,103657,0,C564160838,79676,1.25495607e+06,227100.03999999998,-844523.03,0.5185813087036865,medium,f,2026-07-21 21:32:31.390253+00,NULL
9bb3dd0a-ce69-437c-87b0-72a70389b519,1,TRANSFER,679502.24,C722417467,290,0,C451111351,171866,3.94008521e+06,679212.24,-3.0887169699999997e+06,1.1009468181555349e-07,low,f,2026-07-21 18:09:27.94638+00,NULL
9c20b367-338b-4a95-bd39-7e2672b3b162,1,TRANSFER,679502.24,C722417467,290,0,C451111351,171866,3.94008521e+06,679212.24,-3.0887169699999997e+06,1.1009468181555349e-07,low,f,2026-07-22 14:32:45.41286+00,NULL
9c292821-b0cc-4ed0-b8f5-18dc24b78d0d,1,CASH_OUT,94253.33,C1718906711,25203.05,0,C977993101,99773,965870.05,69050.28,-771843.72,9.900806617224589e-06,low,f,2026-07-21 22:51:18.176483+00,NULL
9cb66949-8ab5-4c3a-b3ae-70f380210302,1,CASH_OUT,151829.91,C873309260,0,0,C1023714065,1.16108831e+06,1.41248409e+06,151829.91,-99565.87000000011,6.663368026238459e-07,low,f,2026-07-22 14:19:57.048314+00,NULL
9cd64659-d07e-4844-9635-6d22cf4f9dd1,1,CASH_OUT,83857.23,C247162961,0,0,C1297685781,215457.59,16997.22,83857.23,282317.6,8.151361612362962e-07,low,f,2026-07-22 14:19:57.048314+00,NULL
9cf75352-347e-4c95-8643-7bd21de2ca70,1,TRANSFER,125872.53,C1443967876,0,0,C392292416,348512,3.42010309e+06,125872.53,-2.9457185599999996e+06,0.32979463852178026,medium,f,2026-07-22 16:38:30.993531+00,NULL
9d550ee2-f0fa-4d4f-b152-fc201725ad26,1,CASH_OUT,181,C840083671,181,0,C38997010,21182,0,0,21363,0.52,medium,t,2026-07-21 22:26:52.945046+00,NULL
9de966a8-3934-4e98-a2ff-1df05fed8382,1,CASH_OUT,94253.33,C1718906711,25203.05,0,C977993101,99773,965870.05,69050.28,-771843.72,0.23564435663510805,medium,f,2026-07-23 13:43:14.863034+00,NULL
9e15b28a-85f7-4183-a57d-f3461657d3e0,1,CASH_OUT,50101.88,C1740826931,0,0,C97730845,67684,9.94033929e+06,50101.88,-9.822553409999998e+06,1.2137186331528937e-06,low,f,2026-07-22 14:19:57.048314+00,NULL
9e58f90f-7b0e-428a-bea9-e5a9450d8206,1,CASH_OUT,56953.9,C1570470538,1942.02,0,C824009085,70253,64106.18,55011.880000000005,63100.719999999994,2.31321359933645e-06,low,f,2026-07-21 22:47:30.768623+00,NULL
9eeebaab-db7f-453b-8f3f-fadeb761dbe6,1,CASH_OUT,181,C840083671,181,0,C38997010,21182,0,0,21363,0.52,medium,t,2026-07-22 16:38:30.993531+00,NULL
9f019ccc-2b4e-422b-98b2-52ab3d350e8a,1,CASH_OUT,110414.71,C768216420,26845.41,0,C1509514333,288800,2415.16,83569.3,396799.55000000005,3.862027369905263e-06,low,f,2026-07-21 22:51:18.176483+00,NULL
9f2ea584-9d4f-4e1d-ad17-22e7ed38b266,1,CASH_OUT,229133.94,C905080434,15325,0,C476402209,5083,51513.44,213808.94,182703.5,0.3692607129393217,medium,f,2026-07-21 22:32:49.852477+00,NULL
9f4bb6b9-0dc5-41a7-9e4e-b8dfbcc1aa8f,1,CASH_OUT,338767.1,C691691381,0,0,C453211571,544481.28,3.46166605e+06,338767.1,-2.57841767e+06,3.981671437003342e-09,low,f,2026-07-22 14:19:57.048314+00,NULL
9f92e922-94b2-4637-816f-355666fe8534,1,CASH_OUT,105979.34,C489411441,0,0,C736709391,435962.9,46820.71,105979.34,495121.52999999997,6.14886005223525e-07,low,f,2026-07-22 14:19:57.048314+00,NULL
9fd5f78a-39d5-4e11-adf3-51e0e372f15e,1,CASH_OUT,85423.63,C460741164,0,0,C1590550415,5.77677641e+06,1.916920493e+07,85423.63,-1.330700489e+07,8.754574082558975e-06,low,f,2026-07-22 14:36:40.363609+00,NULL
a09632a6-4f85-46c5-a277-1fd60d5feebf,1,CASH_OUT,34729.64,C1280641161,0,0,C1435804085,44853,96.88,34729.64,79485.76,2.225669732069946e-06,low,f,2026-07-22 14:19:57.048314+00,NULL
a0d14aba-5993-4024-9f81-76a89d285e31,1,TRANSFER,62610.8,C1976401987,79114,16503.2,C1937962514,517,8383.29,0,54744.51,9.442200098419562e-05,low,f,2026-07-21 22:40:05.036496+00,NULL
a1544f34-3046-4d18-aadb-0a8c4213a441,1,TRANSFER,224606.64,C873175411,0,0,C766572210,354678.92,0,224606.64,579285.56,3.951279552438791e-07,low,f,2026-07-21 21:32:31.390253+00,NULL
a1dfc7d4-6b71-4eb8-8c3c-b7f5ef45467d,1,CASH_OUT,89038.75,C1233327519,0,0,C2083562754,189808,1.18655681e+06,89038.75,-907710.06,0.4959708043446186,medium,f,2026-07-22 14:19:57.970992+00,NULL
a1f07332-7f74-4aa2-9b35-96554b327fd4,1,TRANSFER,209711.11,C1556867940,0,0,C1509514333,399214.71,2415.16,209711.11,606510.66,2.3312044561407674e-07,low,f,2026-07-21 18:09:27.94638+00,NULL
a2025851-8d42-40b5-948d-bd4fa0990183,1,TRANSFER,62610.8,C1976401987,79114,16503.2,C1937962514,517,8383.29,0,54744.51,9.442200098419562e-05,low,f,2026-07-21 22:32:49.852477+00,NULL
a23e026b-3109-47e2-ab2e-595fbc6ce0f5,1,TRANSFER,62610.8,C1976401987,79114,16503.2,C1937962514,517,8383.29,0,54744.51,9.442200098419562e-05,low,f,2026-07-21 22:30:53.950264+00,NULL
a47ef3ee-fdb8-4e7a-a604-9dbe169117cd,1,CASH_OUT,56953.9,C1570470538,1942.02,0,C824009085,70253,64106.18,55011.880000000005,63100.719999999994,0.543781850684254,medium,f,2026-07-23 13:43:14.863034+00,NULL
a4840460-ae81-46d5-969e-cf47f7cfcee0,1,TRANSFER,147543.1,C12905860,0,0,C1359044626,223220,16518.36,147543.1,354244.74,0.37742223069343395,medium,f,2026-07-21 22:41:46.081867+00,NULL
a55576a0-e374-4e96-9792-b7c74243cf51,1,CASH_OUT,105979.34,C489411441,0,0,C736709391,435962.9,46820.71,105979.34,495121.52999999997,6.14886005223525e-07,low,f,2026-07-21 18:09:27.94638+00,NULL
a5b3ecf9-921a-4fbe-9262-1493c6ce2eb4,1,CASH_OUT,296752.75,C589363823,0,0,C1531333864,404814.81,55974.56,296752.75,645593,0.6743573055562473,medium,f,2026-07-21 18:09:28.817642+00,NULL
a5cfc66c-cf53-4fbb-ac2e-c89774f2df8a,1,TRANSFER,1.72488705e+06,C1495608502,0,0,C1590550415,3.4705951e+06,1.916920493e+07,1.72488705e+06,-1.397372278e+07,1.1477848602226004e-05,low,f,2026-07-21 21:32:31.390253+00,NULL
a5d2cd13-69c0-433b-b4bb-c0df0878b3e2,1,CASH_OUT,56953.9,C1570470538,1942.02,0,C824009085,70253,64106.18,55011.880000000005,63100.719999999994,0.37917103725574364,medium,f,2026-07-22 14:36:40.363609+00,NULL
a5d3aca8-96af-44fa-a768-c6cffc0ae0b3,1,TRANSFER,330757.04,C1494346128,103657,0,C564160838,79676,1.25495607e+06,227100.03999999998,-844523.03,2.475708924976061e-06,low,f,2026-07-22 14:32:45.41286+00,NULL
a622b38c-b476-465f-ab35-66a05ceb22e1,1,CASH_OUT,47458.86,C527211736,209534.84,162075.98,C2096057945,52120,0,2.9103830456733704e-11,99578.86,0.40028301327397886,medium,f,2026-07-22 16:38:30.993531+00,NULL
a6b0bce2-832c-431f-b9b1-49e75dc94336,1,CASH_OUT,23261.3,C2072313080,20411.53,0,C2001112025,25742,0,2849.7700000000004,49003.3,0.00017633289098739624,low,f,2026-07-21 22:32:49.852477+00,NULL
a6c0c4c2-cd37-4c6a-b7ac-ba2e9d055c70,1,CASH_OUT,110414.71,C768216420,26845.41,0,C1509514333,288800,2415.16,83569.3,396799.55000000005,3.862027369905263e-06,low,f,2026-07-21 22:41:46.081867+00,NULL
a6c190c8-0ba9-43ca-87db-889fe86ab434,1,CASH_OUT,5346.89,C512549200,0,0,C248609774,652637,6.45343091e+06,5346.89,-5.7954470200000005e+06,5.352217158360872e-07,low,f,2026-07-21 22:51:18.176483+00,NULL
a8000607-26e2-4faf-bf7e-37ff911b9d99,1,TRANSFER,209711.11,C1556867940,0,0,C1509514333,399214.71,2415.16,209711.11,606510.66,0.7926942194892866,medium,f,2026-07-22 14:36:40.363609+00,NULL
a95f6c43-e982-405e-8496-9739d3a6268b,1,TRANSFER,42712.39,C283039401,10363.39,0,C1330106945,57901.66,24044.18,32349,76569.87,0.7485146237762417,medium,f,2026-07-21 22:41:46.081867+00,NULL
a9e90ae3-9a98-4e21-bb07-ff6934266019,1,TRANSFER,761507.39,C412788346,0,0,C1590550415,1.28003623e+06,1.916920493e+07,761507.39,-1.712766131e+07,0.4506196738199518,medium,f,2026-07-21 22:40:05.036496+00,NULL
aa03d279-6c92-4db2-b628-51b5e45d9d58,1,TRANSFER,78766.03,C1376151044,0,0,C1749186397,103772,277515.05,78766.03,-94977.01999999999,3.880912117892876e-06,low,f,2026-07-21 18:09:27.94638+00,NULL
aa044e00-dbb3-4b1f-947b-806b4007b213,1,TRANSFER,77957.68,C207471778,0,0,C1761291320,94900,22233.65,77957.68,150624.03,0.30519537882790226,medium,f,2026-07-21 22:25:07.934266+00,NULL
aa6fd983-b4f5-40c5-af61-fd85189f61e4,1,TRANSFER,177652.91,C753631393,23720,0,C716157500,55,4894.45,153932.91,172813.46,0.6320011268277276,medium,f,2026-07-22 14:32:45.41286+00,NULL
aa7f1823-7dc3-41a3-adcc-569f17f2a0b3,1,TRANSFER,77957.68,C207471778,0,0,C1761291320,94900,22233.65,77957.68,150624.03,0.11824777000169993,medium,f,2026-07-21 22:44:15.695574+00,NULL
aa9411d9-4a29-470e-9681-48fcfea94c20,1,CASH_OUT,47458.86,C527211736,209534.84,162075.98,C2096057945,52120,0,2.9103830456733704e-11,99578.86,2.844415348590701e-06,low,f,2026-07-21 22:41:46.081867+00,NULL
aa9d69b4-9cd8-4c7d-b919-464cb6d8dfa5,1,TRANSFER,379856.23,C1449772539,0,0,C1590550415,900180,1.916920493e+07,379856.23,-1.78891687e+07,1.0090026592024515e-08,low,f,2026-07-22 16:38:30.993531+00,NULL
aa9e74b3-4fc5-4262-9f2e-bb93e46f0dea,1,CASH_OUT,110414.71,C768216420,26845.41,0,C1509514333,288800,2415.16,83569.3,396799.55000000005,0.7687867262574376,medium,f,2026-07-21 22:44:15.695574+00,NULL
aafc932e-053d-498a-9ce7-1e0e7dc5530b,1,TRANSFER,181,C1305486145,181,0,C553264065,0,0,0,181,0.5,medium,t,2026-07-21 22:51:18.176483+00,NULL
ab28946e-d0d9-4275-bde7-fe3b040ea5c0,1,CASH_OUT,102153.86,C2015301874,1776.23,0,C1335050193,230676.07,353532.56,100377.63,-20702.630000000005,0.4489748208842613,medium,f,2026-07-22 14:19:57.970992+00,NULL
ab6a64e1-437b-483f-9d33-e0bdc82dd960,1,TRANSFER,181,C1305486145,181,0,C553264065,0,0,0,181,0.5,medium,t,2026-07-21 22:47:30.768623+00,NULL
abb43cdc-5dff-4ae8-bd88-2503c76901f8,1,TRANSFER,554026.99,C1603696865,0,0,C766572210,579285.56,0,554026.99,1.13331255e+06,1.1865068649807853e-10,low,f,2026-07-21 22:32:49.852477+00,NULL
ac57b157-cfa3-46c7-8441-5992063ccb98,1,TRANSFER,17231.46,C1243171897,0,0,C783286238,24672,0,17231.46,41903.46,3.4573670291138114e-06,low,f,2026-07-21 22:40:05.036496+00,NULL
aca4a1a2-452f-4c38-ae78-82ced1bdee9a,1,TRANSFER,125872.53,C1443967876,0,0,C392292416,348512,3.42010309e+06,125872.53,-2.9457185599999996e+06,5.244171006779652e-06,low,f,2026-07-21 22:41:46.081867+00,NULL
acb50b90-cfcf-4adf-9ee4-8d27e0add09c,1,CASH_OUT,78292.91,C1631227617,0,0,C1983747920,121112,95508.95,78292.91,103895.96,8.151361612362962e-07,low,f,2026-07-22 14:32:45.41286+00,NULL
add94622-9ea6-475e-8202-fa827d7403bc,1,TRANSFER,358831.92,C908084672,0,0,C392292416,474384.53,3.42010309e+06,358831.92,-2.5868866399999997e+06,1.2723085696109138e-08,low,f,2026-07-21 18:09:27.94638+00,NULL
adf52b73-6947-4f47-b34d-3609961285c6,1,CASH_OUT,47458.86,C527211736,209534.84,162075.98,C2096057945,52120,0,2.9103830456733704e-11,99578.86,0.44147304881314064,medium,f,2026-07-23 13:43:14.863034+00,NULL
adfab811-bd15-481e-82f6-893d3cba4790,1,TRANSFER,215310.3,C1670993182,705,0,C1100439041,22425,0,214605.3,237735.3,0.27903166900062226,medium,f,2026-07-21 22:41:46.081867+00,NULL
ae3cc0b1-2b75-4a7f-b82f-989036773a4d,1,TRANSFER,330757.04,C1494346128,103657,0,C564160838,79676,1.25495607e+06,227100.03999999998,-844523.03,2.475708924976061e-06,low,f,2026-07-21 21:32:31.390253+00,NULL
ae76f801-689d-4239-9bac-876dad76d2c5,1,CASH_OUT,94253.33,C1718906711,25203.05,0,C977993101,99773,965870.05,69050.28,-771843.72,9.900806617224589e-06,low,f,2026-07-22 14:19:57.048314+00,NULL
aeeb8e03-b3e4-4300-ab8c-87638c2eab54,1,CASH_OUT,110414.71,C768216420,26845.41,0,C1509514333,288800,2415.16,83569.3,396799.55000000005,3.862027369905263e-06,low,f,2026-07-21 22:44:15.695574+00,NULL
aefa808d-7683-4803-9af5-cb8c88920fd0,1,TRANSFER,1.42905147e+06,C1520267010,0,0,C1590550415,2.04154362e+06,1.916920493e+07,1.42905147e+06,-1.569860984e+07,1.1477848602226004e-05,low,f,2026-07-21 21:32:31.390253+00,NULL
af9c9be8-a537-4a05-8262-904ccdf686a6,1,TRANSFER,215310.3,C1670993182,705,0,C1100439041,22425,0,214605.3,237735.3,0.1811643462297775,medium,f,2026-07-22 16:38:30.993531+00,NULL
afafb334-6049-4df6-9e04-eac5eaf6c47e,1,TRANSFER,125872.53,C1443967876,0,0,C392292416,348512,3.42010309e+06,125872.53,-2.9457185599999996e+06,5.244171006779652e-06,low,f,2026-07-23 13:43:14.863034+00,NULL
afd87eed-773d-49d0-ad90-85420ae541b9,1,CASH_OUT,5346.89,C512549200,0,0,C248609774,652637,6.45343091e+06,5346.89,-5.7954470200000005e+06,0.4638722217608705,medium,f,2026-07-21 22:41:46.081867+00,NULL
b0294efc-ff09-4de0-9753-cf0ea47fc6e7,1,TRANSFER,78766.03,C1376151044,0,0,C1749186397,103772,277515.05,78766.03,-94977.01999999999,3.880912117892876e-06,low,f,2026-07-21 22:26:52.945046+00,NULL
b02e7014-5abc-49c3-be1b-ef43da37cc90,1,TRANSFER,209711.11,C1556867940,0,0,C1509514333,399214.71,2415.16,209711.11,606510.66,2.3312044561407674e-07,low,f,2026-07-22 14:32:45.41286+00,NULL
b0597257-61c3-45e9-9a28-9f1e259d0c3d,1,CASH_OUT,56953.9,C1570470538,1942.02,0,C824009085,70253,64106.18,55011.880000000005,63100.719999999994,2.31321359933645e-06,low,f,2026-07-21 18:09:27.94638+00,NULL
b059983b-f3a3-4d22-93c5-1a2930158c8f,1,TRANSFER,42712.39,C283039401,10363.39,0,C1330106945,57901.66,24044.18,32349,76569.87,1.8204849538960843e-06,low,f,2026-07-21 22:26:52.945046+00,NULL
b09b1774-6389-41de-8893-1873c612621a,1,TRANSFER,125872.53,C1443967876,0,0,C392292416,348512,3.42010309e+06,125872.53,-2.9457185599999996e+06,5.244171006779652e-06,low,f,2026-07-21 22:25:07.934266+00,NULL
b10a53f5-355e-43ae-bd30-3e92a34fa9f7,1,CASH_OUT,229133.94,C905080434,15325,0,C476402209,5083,51513.44,213808.94,182703.5,0.0003087619552388787,low,f,2026-07-23 13:43:14.863034+00,NULL
b1390f47-c3cf-4dd5-b0ce-da7cc75016ca,1,CASH_OUT,56953.9,C1570470538,1942.02,0,C824009085,70253,64106.18,55011.880000000005,63100.719999999994,0.5941916989423509,medium,f,2026-07-21 22:32:49.852477+00,NULL
b1b8f167-1f23-4e4a-b203-38b5bc0d4700,1,CASH_OUT,212228.35,C1896074070,0,0,C401424608,429747,1.17880814e+06,212228.35,-536832.7899999999,1.2830267337449186e-07,low,f,2026-07-21 21:32:31.390253+00,NULL
b1bd3ba4-5ebc-4ead-b3f5-214126455c36,1,TRANSFER,42712.39,C283039401,10363.39,0,C1330106945,57901.66,24044.18,32349,76569.87,0.7375739944637364,medium,f,2026-07-22 14:19:57.970992+00,NULL
b1c1f557-0e90-4ab4-89fa-7a999efbcf48,1,TRANSFER,77957.68,C207471778,0,0,C1761291320,94900,22233.65,77957.68,150624.03,6.275124064814008e-07,low,f,2026-07-22 14:19:57.048314+00,NULL
b2504f1f-0077-4a7d-817a-c1ecf2b74155,1,TRANSFER,62610.8,C1976401987,79114,16503.2,C1937962514,517,8383.29,0,54744.51,9.442200098419562e-05,low,f,2026-07-21 18:09:27.94638+00,NULL
b29aa8ad-0c77-4d09-95ef-34071e2e3ab2,1,TRANSFER,11996.58,C605982374,0,0,C1225616405,40255,0,11996.58,52251.58,4.647680725611281e-06,low,f,2026-07-22 14:32:45.41286+00,NULL
b2a1c5e3-dd32-4fab-8a26-9f97c1262b2e,1,TRANSFER,1.50562601e+06,C926859124,0,0,C665576141,29031,5.51576334e+06,1.50562601e+06,-3.98110633e+06,1.2832265383622143e-06,low,f,2026-07-21 18:09:27.94638+00,NULL
b2ae61af-5b72-451c-b346-64f334e271a0,1,CASH_OUT,88834.86,C938463537,0,0,C985934102,464326.57,971418.91,88834.86,-418257.48,2.9749949703727907e-07,low,f,2026-07-22 14:19:57.048314+00,NULL
b2f3148a-eb78-4e06-bea0-c23662be146a,1,TRANSFER,42712.39,C283039401,10363.39,0,C1330106945,57901.66,24044.18,32349,76569.87,0.4488666380470461,medium,f,2026-07-21 22:26:52.945046+00,NULL
b311c807-d3f2-4f1c-9389-8227fdac2940,1,TRANSFER,177652.91,C753631393,23720,0,C716157500,55,4894.45,153932.91,172813.46,8.855640044203028e-05,low,f,2026-07-22 14:32:45.41286+00,NULL
b320803f-961e-485b-8703-2b21b9735808,1,TRANSFER,761507.39,C412788346,0,0,C1590550415,1.28003623e+06,1.916920493e+07,761507.39,-1.712766131e+07,2.5380413148923253e-07,low,f,2026-07-21 22:44:15.695574+00,NULL
b3317635-94ea-418d-9824-e3f078184bc3,1,CASH_OUT,344464.4,C793293778,0,0,C766572210,1.13331256e+06,0,344464.4,1.47777696e+06,4.577945800221528e-10,low,f,2026-07-21 18:09:27.94638+00,NULL
b3d60bbe-eb70-4a5a-b27e-7ca3bbe65061,1,TRANSFER,147543.1,C12905860,0,0,C1359044626,223220,16518.36,147543.1,354244.74,0.6219556752343646,medium,f,2026-07-21 22:30:53.950264+00,NULL
b41a5233-4c66-49ad-923c-07842cb77222,1,TRANSFER,42712.39,C283039401,10363.39,0,C1330106945,57901.66,24044.18,32349,76569.87,1.8204849538960843e-06,low,f,2026-07-21 22:32:49.852477+00,NULL
b41a72e0-70a1-4338-b0b9-87ea4673fbe9,1,TRANSFER,77957.68,C207471778,0,0,C1761291320,94900,22233.65,77957.68,150624.03,6.275124064814008e-07,low,f,2026-07-21 22:32:49.852477+00,NULL
b4c5290e-28be-4197-bc32-faec2e9ca219,1,TRANSFER,379856.23,C1449772539,0,0,C1590550415,900180,1.916920493e+07,379856.23,-1.78891687e+07,1.0090026592024515e-08,low,f,2026-07-21 22:30:53.950264+00,NULL
b54e5996-b9dd-4451-8f38-f900c00bd26f,1,CASH_OUT,94253.33,C1718906711,25203.05,0,C977993101,99773,965870.05,69050.28,-771843.72,9.900806617224589e-06,low,f,2026-07-21 22:26:52.945046+00,NULL
b5789bff-7558-4b55-be1b-1d071f7e5769,1,CASH_OUT,112086.81,C403547747,0,0,C1531333864,292728,55974.56,112086.81,348840.25,9.705310367280617e-05,low,f,2026-07-21 18:09:27.94638+00,NULL
b5a454e3-28b0-4cbe-b163-2b272a5afabe,1,CASH_OUT,5346.89,C512549200,0,0,C248609774,652637,6.45343091e+06,5346.89,-5.7954470200000005e+06,5.352217158360872e-07,low,f,2026-07-23 13:43:14.863034+00,NULL
b66a2552-7b0a-408d-93d2-5cbe445b6039,1,TRANSFER,62610.8,C1976401987,79114,16503.2,C1937962514,517,8383.29,0,54744.51,0.560714124414331,medium,f,2026-07-21 22:32:49.852477+00,NULL
b6e81f90-d9a1-402d-845d-2fa281f1450e,1,CASH_OUT,56953.9,C1570470538,1942.02,0,C824009085,70253,64106.18,55011.880000000005,63100.719999999994,2.31321359933645e-06,low,f,2026-07-21 22:26:52.945046+00,NULL
b6e97e61-b634-40e0-ac7d-8d782d5f41d2,1,CASH_OUT,57794.61,C1141113940,0,0,C240650537,99217.58,0,57794.61,157012.19,8.151361612362962e-07,low,f,2026-07-21 18:09:27.94638+00,NULL
b6f9df39-8bcd-43e5-9c36-7dd814d24730,1,TRANSFER,358831.92,C908084672,0,0,C392292416,474384.53,3.42010309e+06,358831.92,-2.5868866399999997e+06,1.2723085696109138e-08,low,f,2026-07-21 21:32:31.390253+00,NULL
b71b6aa2-4766-4e02-a06a-dc3503da2b9d,1,TRANSFER,147543.1,C12905860,0,0,C1359044626,223220,16518.36,147543.1,354244.74,4.030195555060345e-07,low,f,2026-07-21 22:47:30.768623+00,NULL
b76ce1d5-1dff-477e-b2cb-363fdbe866cf,1,CASH_OUT,82685.93,C855700733,0,0,C392292416,833216.44,3.42010309e+06,82685.93,-2.5042007199999997e+06,2.3038282961351797e-06,low,f,2026-07-22 14:19:57.048314+00,NULL
b77a72a4-99e6-4405-a463-839cc4dfca9f,1,TRANSFER,147543.1,C12905860,0,0,C1359044626,223220,16518.36,147543.1,354244.74,4.030195555060345e-07,low,f,2026-07-21 22:44:15.695574+00,NULL
b77b44e2-1aa3-485b-bd95-54ed1dd17eda,1,CASH_OUT,15918.79,C1711185459,0,0,C1854778591,24553,0,15918.79,40471.79,8.543372132407967e-06,low,f,2026-07-21 18:09:27.94638+00,NULL
b781bf61-644f-4251-bc09-ff9390a3ccd5,1,CASH_OUT,110414.71,C768216420,26845.41,0,C1509514333,288800,2415.16,83569.3,396799.55000000005,0.38872485204587615,medium,f,2026-07-21 22:41:46.081867+00,NULL
b7a31eee-b86b-4734-8bdb-3da8086521d8,1,CASH_OUT,85423.63,C460741164,0,0,C1590550415,5.77677641e+06,1.916920493e+07,85423.63,-1.330700489e+07,8.754574082558975e-06,low,f,2026-07-21 18:09:27.94638+00,NULL
b7dacc7d-d6e4-4e4f-b00f-51568d4bbbd0,1,TRANSFER,42712.39,C283039401,10363.39,0,C1330106945,57901.66,24044.18,32349,76569.87,1.8204849538960843e-06,low,f,2026-07-21 22:41:46.081867+00,NULL
b82ecf0b-d386-40be-ae86-327a60e9d1a5,1,TRANSFER,11996.58,C605982374,0,0,C1225616405,40255,0,11996.58,52251.58,4.647680725611281e-06,low,f,2026-07-22 14:19:57.048314+00,NULL
b83d7fb4-a781-42c9-bd44-f7704d7a59dc,1,TRANSFER,125872.53,C1443967876,0,0,C392292416,348512,3.42010309e+06,125872.53,-2.9457185599999996e+06,5.244171006779652e-06,low,f,2026-07-21 22:51:18.176483+00,NULL
b8ad0c6a-28e9-4307-9a53-12c93663f143,1,TRANSFER,42712.39,C283039401,10363.39,0,C1330106945,57901.66,24044.18,32349,76569.87,0.7562944094943091,medium,f,2026-07-21 22:25:07.934266+00,NULL
b8b4e4b2-8543-4602-8956-ec582a068e24,1,CASH_OUT,419801.4,C1687354037,38197.63,0,C33524623,499962,1.51726216e+06,381603.77,-597498.7599999999,9.939560285943116e-10,low,f,2026-07-22 14:32:45.41286+00,NULL
b9093736-1475-4b0e-9c0c-1441bfcfa2f9,1,TRANSFER,224606.64,C873175411,0,0,C766572210,354678.92,0,224606.64,579285.56,3.951279552438791e-07,low,f,2026-07-21 22:40:05.036496+00,NULL
b94bd55e-c1a7-4d64-93ae-912ceb50bca9,1,TRANSFER,147543.1,C12905860,0,0,C1359044626,223220,16518.36,147543.1,354244.74,4.030195555060345e-07,low,f,2026-07-22 14:32:45.41286+00,NULL
b9667a26-19fc-417c-8a40-bb56d8a6d33a,1,TRANSFER,209711.11,C1556867940,0,0,C1509514333,399214.71,2415.16,209711.11,606510.66,0.3637254571205121,medium,f,2026-07-21 18:09:28.817642+00,NULL
b97fdc1f-e12b-47e7-907e-1778f961ca2a,1,TRANSFER,379856.23,C1449772539,0,0,C1590550415,900180,1.916920493e+07,379856.23,-1.78891687e+07,1.0090026592024515e-08,low,f,2026-07-22 14:36:40.363609+00,NULL
b9b98154-90a7-45b1-952d-569a3065207f,1,TRANSFER,311685.89,C1984094095,10835,0,C932583850,6267,2.71917289e+06,300850.89,-2.40122e+06,8.098261901068327e-07,low,f,2026-07-21 22:47:30.768623+00,NULL
ba1268b6-3543-48ca-ade4-4d21d723797c,1,CASH_OUT,80311.89,C172215878,0,0,C434091818,87408,63112.23,80311.89,104607.66,1.5506292356803897e-06,low,f,2026-07-21 18:09:27.94638+00,NULL
ba8cefe9-5644-475b-8b49-1e9fa3032400,1,TRANSFER,181,C1305486145,181,0,C553264065,0,0,0,181,0.5,medium,t,2026-07-22 16:38:30.993531+00,NULL
baad8245-415a-44b6-8724-ce10d59b09d7,1,TRANSFER,77957.68,C207471778,0,0,C1761291320,94900,22233.65,77957.68,150624.03,6.275124064814008e-07,low,f,2026-07-22 16:38:30.993531+00,NULL
bbc3194e-b469-4095-959e-7976e1c6ceae,1,TRANSFER,379856.23,C1449772539,0,0,C1590550415,900180,1.916920493e+07,379856.23,-1.78891687e+07,1.0090026592024515e-08,low,f,2026-07-21 22:51:18.176483+00,NULL
bbebec56-0d5e-4021-9085-e9df3bb313e9,1,CASH_OUT,154139.72,C1642679791,79563.03,0,C564160838,410433.04,1.25495607e+06,74576.69,-690383.31,3.1297781788452994e-06,low,f,2026-07-21 18:09:27.94638+00,NULL
bc61ba50-6546-4ffd-8cd1-4e3eedfb4b9c,1,CASH_OUT,139054.95,C2092709730,0,0,C1749186397,182538.03,277515.05,139054.95,44077.92999999999,0.4265832058105318,medium,f,2026-07-21 18:09:28.817642+00,NULL
bce01e1e-a422-4cbe-8baa-a4cc84e09a50,1,TRANSFER,78766.03,C1376151044,0,0,C1749186397,103772,277515.05,78766.03,-94977.01999999999,3.880912117892876e-06,low,f,2026-07-21 22:40:05.036496+00,NULL
bcfe7111-5b2f-483a-84e6-96973a29608c,1,TRANSFER,1.72488705e+06,C1495608502,0,0,C1590550415,3.4705951e+06,1.916920493e+07,1.72488705e+06,-1.397372278e+07,1.1477848602226004e-05,low,f,2026-07-22 14:32:45.41286+00,NULL
bd50740d-dbac-4558-99e4-f46b18220cb2,1,CASH_OUT,82940.31,C1528834618,3017.87,0,C476800120,132372,49864.36,79922.44,165447.95,1.2160126061644405e-06,low,f,2026-07-21 22:44:15.695574+00,NULL
bd5e520f-10e7-47ca-89ba-f19297719eb8,1,TRANSFER,1.50562601e+06,C926859124,0,0,C665576141,29031,5.51576334e+06,1.50562601e+06,-3.98110633e+06,0.726939058491544,medium,f,2026-07-21 21:32:31.390253+00,NULL
bdc30ad3-6f76-4365-983c-a164642b6a88,1,TRANSFER,1.42905147e+06,C1520267010,0,0,C1590550415,2.04154362e+06,1.916920493e+07,1.42905147e+06,-1.569860984e+07,1.1477848602226004e-05,low,f,2026-07-21 22:26:52.945046+00,NULL
bdc3c0ce-fe2d-40ab-8603-3ec3789f91cc,1,TRANSFER,583848.46,C1839168128,0,0,C1286084959,667778,2.10777811e+06,583848.46,-856151.6499999999,1.0859143628749734e-07,low,f,2026-07-22 14:19:57.048314+00,NULL
be68bcf2-88e4-49d9-8446-09bd79735b98,1,CASH_OUT,169409.87,C888611662,0,0,C401424608,909124.16,1.17880814e+06,169409.87,-100274.10999999987,2.796156763906765e-07,low,f,2026-07-21 18:09:27.94638+00,NULL
bef411dd-880c-4654-a706-eabbbd8cdeec,1,TRANSFER,554026.99,C1603696865,0,0,C766572210,579285.56,0,554026.99,1.13331255e+06,1.1865068649807853e-10,low,f,2026-07-22 14:36:40.363609+00,NULL
bff17a8e-9b1e-4a11-bb1e-cee9549326f7,1,TRANSFER,224606.64,C873175411,0,0,C766572210,354678.92,0,224606.64,579285.56,3.951279552438791e-07,low,f,2026-07-21 22:30:53.950264+00,NULL
c03335b6-8160-4bfc-bdb5-0ce18f51fa77,1,CASH_OUT,5346.89,C512549200,0,0,C248609774,652637,6.45343091e+06,5346.89,-5.7954470200000005e+06,5.352217158360872e-07,low,f,2026-07-22 16:38:30.993531+00,NULL
c065367b-02ab-4583-a16a-e44dce88305f,1,TRANSFER,42712.39,C283039401,10363.39,0,C1330106945,57901.66,24044.18,32349,76569.87,0.7966927130591749,medium,f,2026-07-23 13:43:14.863034+00,NULL
c06ad8a0-f96e-4321-8ee0-1d99ed6a9eeb,1,CASH_OUT,34729.64,C1280641161,0,0,C1435804085,44853,96.88,34729.64,79485.76,2.225669732069946e-06,low,f,2026-07-21 18:09:27.94638+00,NULL
c09ee915-440e-4f24-9e11-ffb30efbb72f,1,TRANSFER,1.50562601e+06,C926859124,0,0,C665576141,29031,5.51576334e+06,1.50562601e+06,-3.98110633e+06,1.2832265383622143e-06,low,f,2026-07-22 14:19:57.048314+00,NULL
c182038a-8f8a-4af8-a955-68bacf8cbc97,1,TRANSFER,17231.46,C1243171897,0,0,C783286238,24672,0,17231.46,41903.46,3.4573670291138114e-06,low,f,2026-07-21 22:41:46.081867+00,NULL
c19d437c-2c23-41a8-9520-5997eedcdc00,1,TRANSFER,62610.8,C1976401987,79114,16503.2,C1937962514,517,8383.29,0,54744.51,9.442200098419562e-05,low,f,2026-07-22 16:38:30.993531+00,NULL
c1ab4228-7d85-4a65-bcbf-6ce6d85eb86d,1,CASH_OUT,47458.86,C527211736,209534.84,162075.98,C2096057945,52120,0,2.9103830456733704e-11,99578.86,2.844415348590701e-06,low,f,2026-07-21 22:25:07.934266+00,NULL
c1b0f3fe-6313-49f4-879d-0fafc678bb56,1,CASH_OUT,94253.33,C1718906711,25203.05,0,C977993101,99773,965870.05,69050.28,-771843.72,9.900806617224589e-06,low,f,2026-07-23 13:43:14.863034+00,NULL
c20d0394-4297-42b9-a4fa-b4ea074db174,1,TRANSFER,125872.53,C1443967876,0,0,C392292416,348512,3.42010309e+06,125872.53,-2.9457185599999996e+06,5.244171006779652e-06,low,f,2026-07-22 14:36:40.363609+00,NULL
c2355b89-0096-48b4-aeb4-2b6dca2e7142,1,TRANSFER,181,C1305486145,181,0,C553264065,0,0,0,181,0.5,medium,t,2026-07-21 22:40:05.036496+00,NULL
c29e482a-9f57-4b4a-b9be-10d62142c954,1,CASH_OUT,5346.89,C512549200,0,0,C248609774,652637,6.45343091e+06,5346.89,-5.7954470200000005e+06,0.30312776394775126,medium,f,2026-07-22 16:38:30.993531+00,NULL
c2ebf39b-8595-4806-bf11-9fbe2c877c6d,1,CASH_OUT,11648.5,C781091365,0,0,C985934102,260976,971418.91,11648.5,-698794.41,1.3881692950690194e-07,low,f,2026-07-22 14:32:45.41286+00,NULL
c3454dbb-278e-42d4-a78f-44fa05817626,1,CASH_OUT,498960.91,C1957078537,0,0,C1360767589,608612.15,2.10796539e+06,498960.91,-1.0003923300000001e+06,0.19575875908786777,medium,f,2026-07-21 18:09:28.817642+00,NULL
c3d938fb-895c-4d3b-a6a0-e5744bd2b9cf,1,TRANSFER,125872.53,C1443967876,0,0,C392292416,348512,3.42010309e+06,125872.53,-2.9457185599999996e+06,0.7170058219725713,medium,f,2026-07-21 22:40:05.036496+00,NULL
c3e7df98-aa5e-4b87-9a96-b097b02ccb77,1,TRANSFER,367768.4,C288306765,0,0,C1359044626,370763.1,16518.36,367768.4,722013.14,3.289835603936808e-08,low,f,2026-07-21 21:32:31.390253+00,NULL
c425c5d7-a0cf-4a04-8fb3-ccaeb589086d,1,TRANSFER,710544.77,C835773569,0,0,C1359044626,738531.5,16518.36,710544.77,1.43255791e+06,4.889267324337254e-10,low,f,2026-07-22 14:36:40.363609+00,NULL
c446c678-db71-4d8e-b018-55634b8afd34,1,TRANSFER,1.42905147e+06,C1520267010,0,0,C1590550415,2.04154362e+06,1.916920493e+07,1.42905147e+06,-1.569860984e+07,0.6111499415162067,medium,f,2026-07-22 16:38:30.993531+00,NULL
c4a0e0e4-9ec8-47dc-9097-21ec4df5d9e9,1,TRANSFER,1.50562601e+06,C926859124,0,0,C665576141,29031,5.51576334e+06,1.50562601e+06,-3.98110633e+06,0.5535894013965423,medium,f,2026-07-21 18:09:28.817642+00,NULL
c4af7846-70cb-4d09-ba09-327634681a79,1,TRANSFER,224606.64,C873175411,0,0,C766572210,354678.92,0,224606.64,579285.56,0.2512054308921008,medium,f,2026-07-21 22:41:46.081867+00,NULL
c54fa431-c777-4af0-ade5-a45ee09a89a4,1,CASH_OUT,114712.48,C599782425,0,0,C1209271652,145400,0,114712.48,260112.47999999998,0.6242405832558288,medium,f,2026-07-22 14:19:57.970992+00,NULL
c56c2a8d-3972-45a2-a48e-f8968ac486a3,1,CASH_OUT,75405.1,C263053820,0,0,C1870252780,104209,46462.23,75405.1,133151.87,8.151361612362962e-07,low,f,2026-07-22 14:36:40.363609+00,NULL
c56d51a5-d6ec-4b54-9347-8e7c48bb45a3,1,TRANSFER,367768.4,C288306765,0,0,C1359044626,370763.1,16518.36,367768.4,722013.14,3.289835603936808e-08,low,f,2026-07-21 18:09:27.94638+00,NULL
c573c241-555d-4bf2-912d-181777696df0,1,CASH_OUT,187728.59,C264978436,0,0,C1360767589,394124.51,2.10796539e+06,187728.59,-1.52611229e+06,1.0923890840786044e-06,low,f,2026-07-22 14:19:57.048314+00,NULL
c579a87a-ac76-4187-96a1-1f9e1fcd7629,1,TRANSFER,1.50562601e+06,C926859124,0,0,C665576141,29031,5.51576334e+06,1.50562601e+06,-3.98110633e+06,1.2832265383622143e-06,low,f,2026-07-22 14:36:40.363609+00,NULL
c59f6dc6-e368-4b11-b08b-f39b6809aba1,1,TRANSFER,215310.3,C1670993182,705,0,C1100439041,22425,0,214605.3,237735.3,0.36231757108763063,medium,f,2026-07-21 22:25:07.934266+00,NULL
c662d6f8-e469-43fa-a3bd-d85578f4109e,1,TRANSFER,367768.4,C288306765,0,0,C1359044626,370763.1,16518.36,367768.4,722013.14,3.289835603936808e-08,low,f,2026-07-22 14:19:57.048314+00,NULL
c677a617-c673-4d2d-bb25-42aa1ed59c4f,1,TRANSFER,224606.64,C873175411,0,0,C766572210,354678.92,0,224606.64,579285.56,3.951279552438791e-07,low,f,2026-07-21 22:32:49.852477+00,NULL
c6c58fbd-4500-4db2-aa59-84b0220316dc,1,TRANSFER,1.50562601e+06,C926859124,0,0,C665576141,29031,5.51576334e+06,1.50562601e+06,-3.98110633e+06,0.19810260632873006,medium,f,2026-07-22 14:32:45.41286+00,NULL
c6c7a19c-f430-43b6-b23b-0de77243ab2e,1,CASH_OUT,56953.9,C1570470538,1942.02,0,C824009085,70253,64106.18,55011.880000000005,63100.719999999994,2.31321359933645e-06,low,f,2026-07-21 22:40:05.036496+00,NULL
c6d4e86e-c798-407a-a5ec-b3f61c27908e,1,CASH_OUT,15918.79,C1711185459,0,0,C1854778591,24553,0,15918.79,40471.79,8.543372132407967e-06,low,f,2026-07-22 14:19:57.048314+00,NULL
c733d0d6-2582-4dfd-8b3b-4824158470c4,1,CASH_OUT,118056.71,C1060703587,0,0,C757108857,272906.49,0,118056.71,390963.2,0.7456699179271196,medium,f,2026-07-21 18:09:28.817642+00,NULL
c735be40-c31c-441b-8b53-7cb285ea73df,1,TRANSFER,125872.53,C1443967876,0,0,C392292416,348512,3.42010309e+06,125872.53,-2.9457185599999996e+06,5.244171006779652e-06,low,f,2026-07-22 14:19:57.048314+00,NULL
c75a1650-b9a0-4df3-9ba5-24334168eed9,1,TRANSFER,1.50562601e+06,C926859124,0,0,C665576141,29031,5.51576334e+06,1.50562601e+06,-3.98110633e+06,1.2832265383622143e-06,low,f,2026-07-21 22:25:07.934266+00,NULL
c75f0784-2aaf-4066-a486-5ca1f6e196fb,1,CASH_OUT,136030.66,C2036775591,0,0,C757108857,136875.83,0,136030.66,272906.49,0.5419711474372296,medium,f,2026-07-22 14:19:57.970992+00,NULL
c7993ed3-0aae-4f04-b0cb-43ba00a1d6c1,1,TRANSFER,379856.23,C1449772539,0,0,C1590550415,900180,1.916920493e+07,379856.23,-1.78891687e+07,0.41379934072650015,medium,f,2026-07-21 22:32:49.852477+00,NULL
c7b79839-e68a-4df1-ad67-f5ec30c7275e,1,CASH_OUT,136872.92,C1533123860,162075.98,25203.05,C766572210,217806,0,-0.010000000009313226,354678.92000000004,9.3488861239166e-06,low,f,2026-07-21 22:32:49.852477+00,NULL
c7cdcd6b-d55f-45c4-9644-137e1fb76ffb,1,TRANSFER,1.42905147e+06,C1520267010,0,0,C1590550415,2.04154362e+06,1.916920493e+07,1.42905147e+06,-1.569860984e+07,0.4125705418503096,medium,f,2026-07-21 22:44:15.695574+00,NULL
c8e1435b-a05c-477b-b4f2-d96cbf696179,1,CASH_OUT,14121.82,C69062746,0,0,C100555887,52679,10963.66,14121.82,55837.16,1.880439981505333e-06,low,f,2026-07-22 14:32:45.41286+00,NULL
c8f8acb0-bab3-4f96-bcd0-11bca122b660,1,CASH_OUT,82940.31,C1528834618,3017.87,0,C476800120,132372,49864.36,79922.44,165447.95,0.39830506868716786,medium,f,2026-07-21 22:32:49.852477+00,NULL
c967a299-9b90-4857-bb45-88c8efb433e6,1,TRANSFER,1.42905147e+06,C1520267010,0,0,C1590550415,2.04154362e+06,1.916920493e+07,1.42905147e+06,-1.569860984e+07,0.28931958028782334,medium,f,2026-07-21 22:47:30.768623+00,NULL
c9810fba-ed92-418a-ace6-e3a87314444c,1,CASH_OUT,47458.86,C527211736,209534.84,162075.98,C2096057945,52120,0,2.9103830456733704e-11,99578.86,2.844415348590701e-06,low,f,2026-07-23 13:43:14.863034+00,NULL
ca07adb5-cdf2-48d1-bdb5-88a3959db5a7,1,CASH_OUT,136872.92,C1533123860,162075.98,25203.05,C766572210,217806,0,-0.010000000009313226,354678.92000000004,9.3488861239166e-06,low,f,2026-07-21 22:41:46.081867+00,NULL
ca35c457-ffe4-4ac6-a8a8-1f9a07052673,1,CASH_OUT,154139.72,C1642679791,79563.03,0,C564160838,410433.04,1.25495607e+06,74576.69,-690383.31,3.1297781788452994e-06,low,f,2026-07-22 14:19:57.048314+00,NULL
ca942342-c3fc-47a0-a9d1-09919cf14db8,1,TRANSFER,311685.89,C1984094095,10835,0,C932583850,6267,2.71917289e+06,300850.89,-2.40122e+06,8.098261901068327e-07,low,f,2026-07-21 22:26:52.945046+00,NULL
cad93a6a-7da9-408c-ab92-1cf36b3a5dc6,1,TRANSFER,77957.68,C207471778,0,0,C1761291320,94900,22233.65,77957.68,150624.03,6.275124064814008e-07,low,f,2026-07-21 22:44:15.695574+00,NULL
cb33e0a1-c2b8-40f5-b2a2-b62839c3872a,1,CASH_OUT,136872.92,C1533123860,162075.98,25203.05,C766572210,217806,0,-0.010000000009313226,354678.92000000004,9.3488861239166e-06,low,f,2026-07-22 14:32:45.41286+00,NULL
cb84c965-dad8-4e6d-96bd-ba565cd1383f,1,CASH_OUT,11648.5,C781091365,0,0,C985934102,260976,971418.91,11648.5,-698794.41,1.3881692950690194e-07,low,f,2026-07-22 14:19:57.048314+00,NULL
cc6f6ae3-3144-4ac9-b3ce-a37eae6616df,1,CASH_OUT,110414.71,C768216420,26845.41,0,C1509514333,288800,2415.16,83569.3,396799.55000000005,3.862027369905263e-06,low,f,2026-07-21 21:32:31.390253+00,NULL
cc7a8177-d00d-40aa-af18-ad37a45d7b52,1,TRANSFER,379856.23,C1449772539,0,0,C1590550415,900180,1.916920493e+07,379856.23,-1.78891687e+07,1.0090026592024515e-08,low,f,2026-07-21 22:40:05.036496+00,NULL
ccd8f130-a3ba-49cf-899f-8daa3f35fe64,1,TRANSFER,761507.39,C412788346,0,0,C1590550415,1.28003623e+06,1.916920493e+07,761507.39,-1.712766131e+07,2.5380413148923253e-07,low,f,2026-07-21 22:41:46.081867+00,NULL
cd1ec821-d6c4-4c92-a498-ec4e74f1872f,1,TRANSFER,1.50562601e+06,C926859124,0,0,C665576141,29031,5.51576334e+06,1.50562601e+06,-3.98110633e+06,1.2832265383622143e-06,low,f,2026-07-22 16:38:30.993531+00,NULL
cd5bb0d4-be3f-46c3-a5e6-4ab185e5aafa,1,CASH_OUT,181,C840083671,181,0,C38997010,21182,0,0,21363,0.52,medium,t,2026-07-21 22:51:18.176483+00,NULL
cda1590f-7d3a-432b-9e2c-5f69f5fdd76d,1,TRANSFER,215310.3,C1670993182,705,0,C1100439041,22425,0,214605.3,237735.3,0.46576348661067757,medium,f,2026-07-21 22:30:53.950264+00,NULL
cdc263d5-17c6-4d45-8e2c-ab84b8eb9550,1,CASH_OUT,171508.59,C1033348658,0,0,C1971489295,443057.43,0,171508.59,614566.02,7.902741003817937e-07,low,f,2026-07-22 14:19:57.048314+00,NULL
ce57a960-88fa-4f7d-9a95-f3273d63c1e5,1,CASH_OUT,210370.09,C2121995675,0,0,C1170794006,1.44229803e+06,22190.99,210370.09,1.6304771300000001e+06,1.646394465204537e-09,low,f,2026-07-22 14:19:57.048314+00,NULL
ce6dad21-be6d-499f-ab47-9213469f3530,1,TRANSFER,177652.91,C753631393,23720,0,C716157500,55,4894.45,153932.91,172813.46,0.6228761022791401,medium,f,2026-07-22 14:36:40.363609+00,NULL
cf000bdd-9e9a-4e74-af5f-34c9810a283c,1,CASH_OUT,5346.89,C512549200,0,0,C248609774,652637,6.45343091e+06,5346.89,-5.7954470200000005e+06,0.39855051246909023,medium,f,2026-07-21 22:32:49.852477+00,NULL
cf4d7b40-d051-4d6c-b60c-4b961cd11688,1,CASH_OUT,5346.89,C512549200,0,0,C248609774,652637,6.45343091e+06,5346.89,-5.7954470200000005e+06,5.352217158360872e-07,low,f,2026-07-21 22:30:53.950264+00,NULL
cfcacfc3-8e86-485c-a17b-eb712e1412d2,1,TRANSFER,77957.68,C207471778,0,0,C1761291320,94900,22233.65,77957.68,150624.03,0.2735773795766963,medium,f,2026-07-21 22:47:30.768623+00,NULL
cff07d47-066a-4852-9c2e-02e6c9bb0164,1,TRANSFER,125872.53,C1443967876,0,0,C392292416,348512,3.42010309e+06,125872.53,-2.9457185599999996e+06,0.5590775856220896,medium,f,2026-07-22 14:32:45.41286+00,NULL
d04d02f8-e7af-44aa-8e7c-aee1da0c749c,1,CASH_OUT,229133.94,C905080434,15325,0,C476402209,5083,51513.44,213808.94,182703.5,0.48144571167433914,medium,f,2026-07-21 22:47:30.768623+00,NULL
d1caf4d4-2b7c-436d-979f-48868015938f,1,TRANSFER,710544.77,C835773569,0,0,C1359044626,738531.5,16518.36,710544.77,1.43255791e+06,4.889267324337254e-10,low,f,2026-07-21 18:09:27.94638+00,NULL
d1cc8a65-4ba9-49f6-85ac-963eef4b9a97,1,TRANSFER,77957.68,C207471778,0,0,C1761291320,94900,22233.65,77957.68,150624.03,6.275124064814008e-07,low,f,2026-07-21 22:51:18.176483+00,NULL
d1e641a5-ba6d-400b-93b2-64819b9f1358,1,CASH_OUT,47458.86,C527211736,209534.84,162075.98,C2096057945,52120,0,2.9103830456733704e-11,99578.86,2.844415348590701e-06,low,f,2026-07-21 22:26:52.945046+00,NULL
d234c618-3b6f-4cb5-a907-952a689d8dd3,1,CASH_OUT,47458.86,C527211736,209534.84,162075.98,C2096057945,52120,0,2.9103830456733704e-11,99578.86,0.7869701157282075,medium,f,2026-07-21 21:32:31.390253+00,NULL
d2402cc8-8027-4d95-8b1c-110faba7aca8,1,CASH_OUT,365510.05,C1299327689,0,0,C564160838,564572.76,1.25495607e+06,365510.05,-324873.26,9.63696900058153e-10,low,f,2026-07-21 18:09:27.94638+00,NULL
d27eda7a-8bbb-4d08-bfec-832ed9890324,1,TRANSFER,1.42905147e+06,C1520267010,0,0,C1590550415,2.04154362e+06,1.916920493e+07,1.42905147e+06,-1.569860984e+07,0.3213742966201646,medium,f,2026-07-21 22:51:18.176483+00,NULL
d2ad7fb0-9c5c-4b34-8979-63775a9d86b5,1,TRANSFER,311685.89,C1984094095,10835,0,C932583850,6267,2.71917289e+06,300850.89,-2.40122e+06,8.098261901068327e-07,low,f,2026-07-21 22:51:18.176483+00,NULL
d32a87b6-919a-412e-89ad-8066f0b99c28,1,CASH_OUT,3146.16,C923083575,0,0,C1504109395,9471,593737.38,3146.16,-581120.22,4.8164010877371766e-06,low,f,2026-07-21 18:09:27.94638+00,NULL
d3b442d6-9d1a-427e-ab21-1441c95d4501,1,TRANSFER,311685.89,C1984094095,10835,0,C932583850,6267,2.71917289e+06,300850.89,-2.40122e+06,0.513584731381673,medium,f,2026-07-21 22:32:49.852477+00,NULL
d3ef030f-d043-40cb-9804-076a61624f7a,1,CASH_OUT,56953.9,C1570470538,1942.02,0,C824009085,70253,64106.18,55011.880000000005,63100.719999999994,2.31321359933645e-06,low,f,2026-07-21 22:25:07.934266+00,NULL
d4063dde-6457-4c53-b72d-bc1582c7abe1,1,TRANSFER,147543.1,C12905860,0,0,C1359044626,223220,16518.36,147543.1,354244.74,0.5739842692546197,medium,f,2026-07-21 22:26:52.945046+00,NULL
d40a18f3-98fc-4f59-9abe-f95c94b484cf,1,TRANSFER,1.42905147e+06,C1520267010,0,0,C1590550415,2.04154362e+06,1.916920493e+07,1.42905147e+06,-1.569860984e+07,1.1477848602226004e-05,low,f,2026-07-21 22:44:15.695574+00,NULL
d417dcbf-fd4d-415a-be4f-ff940564b3de,1,TRANSFER,583848.46,C1839168128,0,0,C1286084959,667778,2.10777811e+06,583848.46,-856151.6499999999,0.6775166992127672,medium,f,2026-07-22 14:32:45.41286+00,NULL
d435fd95-11a7-4f8f-acc4-42205ed81c84,1,CASH_OUT,112086.81,C403547747,0,0,C1531333864,292728,55974.56,112086.81,348840.25,9.705310367280617e-05,low,f,2026-07-22 14:19:57.048314+00,NULL
d45471d1-f61f-48ee-8dbb-1a2953c19279,1,CASH_OUT,114712.48,C599782425,0,0,C1209271652,145400,0,114712.48,260112.47999999998,0.36470967368730345,medium,f,2026-07-21 18:09:28.817642+00,NULL
d4fc5279-8127-4f77-9f2f-953a5b0c5551,1,TRANSFER,78766.03,C1376151044,0,0,C1749186397,103772,277515.05,78766.03,-94977.01999999999,3.880912117892876e-06,low,f,2026-07-21 22:30:53.950264+00,NULL
d59d5286-9afa-4b6c-87c4-7e8d92e83de9,1,CASH_OUT,136872.92,C1533123860,162075.98,25203.05,C766572210,217806,0,-0.010000000009313226,354678.92000000004,9.3488861239166e-06,low,f,2026-07-21 22:47:30.768623+00,NULL
d6508ed5-9e3d-4668-9a6e-6bfb80ba600b,1,CASH_OUT,5346.89,C512549200,0,0,C248609774,652637,6.45343091e+06,5346.89,-5.7954470200000005e+06,5.352217158360872e-07,low,f,2026-07-22 14:32:45.41286+00,NULL
d65204b9-21c2-41ba-a529-eb7a79cc5222,1,TRANSFER,554026.99,C1603696865,0,0,C766572210,579285.56,0,554026.99,1.13331255e+06,0.3522594568709836,medium,f,2026-07-21 22:47:30.768623+00,NULL
d67d7273-5816-4fa0-a876-3298f2518b56,1,CASH_OUT,78292.91,C1631227617,0,0,C1983747920,121112,95508.95,78292.91,103895.96,8.151361612362962e-07,low,f,2026-07-21 21:32:31.390253+00,NULL
d6d25a3e-8c6b-42ec-9a9a-12f86e60d4ae,1,CASH_OUT,5346.89,C512549200,0,0,C248609774,652637,6.45343091e+06,5346.89,-5.7954470200000005e+06,0.6099320104824594,medium,f,2026-07-21 22:26:52.945046+00,NULL
d6e9ef7d-bbf4-4421-8332-35518d54f2e3,1,CASH_OUT,289645.52,C1446001495,0,0,C1023714065,871442.79,1.41248409e+06,289645.52,-251395.78000000003,2.1300618158193174e-08,low,f,2026-07-21 18:09:27.94638+00,NULL
d70a555d-6949-4300-873a-43fc3b3df8a7,1,TRANSFER,761507.39,C412788346,0,0,C1590550415,1.28003623e+06,1.916920493e+07,761507.39,-1.712766131e+07,2.5380413148923253e-07,low,f,2026-07-21 22:47:30.768623+00,NULL
d7b5520b-5f82-497c-81f9-5c4056f1c564,1,TRANSFER,77957.68,C207471778,0,0,C1761291320,94900,22233.65,77957.68,150624.03,0.11280982784487055,medium,f,2026-07-21 22:30:53.950264+00,NULL
d7c3c938-f29b-4f49-9a35-9e6efba37e85,1,CASH_OUT,229133.94,C905080434,15325,0,C476402209,5083,51513.44,213808.94,182703.5,0.13391117086521748,medium,f,2026-07-22 16:38:30.993531+00,NULL
d7d233ea-6179-42ec-8cde-def7c1d08f2f,1,CASH_OUT,29784.06,C925150995,0,0,C920011586,63553,0,29784.06,93337.06,2.225669732069946e-06,low,f,2026-07-21 18:09:27.94638+00,NULL
d8289dac-068b-4970-b2e4-057110384724,1,CASH_OUT,47458.86,C527211736,209534.84,162075.98,C2096057945,52120,0,2.9103830456733704e-11,99578.86,2.844415348590701e-06,low,f,2026-07-22 14:19:57.048314+00,NULL
d951abf0-6e6d-4f76-89e8-ebdaf17dc2d5,1,TRANSFER,78766.03,C1376151044,0,0,C1749186397,103772,277515.05,78766.03,-94977.01999999999,0.6672451448160849,medium,f,2026-07-21 21:32:31.390253+00,NULL
d9820a75-d034-469a-b54d-4af0cd0ac658,1,TRANSFER,761507.39,C412788346,0,0,C1590550415,1.28003623e+06,1.916920493e+07,761507.39,-1.712766131e+07,2.5380413148923253e-07,low,f,2026-07-21 22:32:49.852477+00,NULL
d9f6ad7e-ba61-4ee1-a17d-f3b3a962b07e,1,CASH_OUT,419801.4,C1687354037,38197.63,0,C33524623,499962,1.51726216e+06,381603.77,-597498.7599999999,9.939560285943116e-10,low,f,2026-07-21 21:32:31.390253+00,NULL
da6337a5-2a24-4817-868f-774dcc9960af,1,CASH_OUT,47458.86,C527211736,209534.84,162075.98,C2096057945,52120,0,2.9103830456733704e-11,99578.86,0.2863007152167352,medium,f,2026-07-21 22:47:30.768623+00,NULL
da6bd8c1-d7a4-4f88-a931-ef0de6eca0ae,1,TRANSFER,42712.39,C283039401,10363.39,0,C1330106945,57901.66,24044.18,32349,76569.87,1.8204849538960843e-06,low,f,2026-07-21 22:30:53.950264+00,NULL
db088753-205b-42b4-bb2a-ec7b3b9f6aed,1,CASH_OUT,14121.82,C69062746,0,0,C100555887,52679,10963.66,14121.82,55837.16,1.880439981505333e-06,low,f,2026-07-22 14:19:57.048314+00,NULL
db30732a-f04d-44f7-9746-f77c79adaec3,1,CASH_OUT,47458.86,C527211736,209534.84,162075.98,C2096057945,52120,0,2.9103830456733704e-11,99578.86,2.844415348590701e-06,low,f,2026-07-21 22:44:15.695574+00,NULL
db4166f1-a271-48f8-a3aa-1e4f3b70ea9d,1,TRANSFER,1.42905147e+06,C1520267010,0,0,C1590550415,2.04154362e+06,1.916920493e+07,1.42905147e+06,-1.569860984e+07,1.1477848602226004e-05,low,f,2026-07-23 13:43:14.863034+00,NULL
dbedac86-afe1-48ba-addd-fd9ed1a68658,1,CASH_OUT,229133.94,C905080434,15325,0,C476402209,5083,51513.44,213808.94,182703.5,0.0003087619552388787,low,f,2026-07-21 22:44:15.695574+00,NULL
dc00ce8e-4d56-46f1-b82c-39d48002a0f0,1,CASH_OUT,176149.9,C24650043,0,0,C736709391,259813,46820.71,176149.9,389142.19,1.6451261899419478e-06,low,f,2026-07-22 14:36:40.363609+00,NULL
dc29bcf0-2fef-466a-89a1-6bf1ac30d0bb,1,CASH_OUT,229133.94,C905080434,15325,0,C476402209,5083,51513.44,213808.94,182703.5,0.253419406142319,medium,f,2026-07-21 22:26:52.945046+00,NULL
dc8e9f51-7e9e-45a1-8e0e-c4fbc7d171ce,1,TRANSFER,224606.64,C873175411,0,0,C766572210,354678.92,0,224606.64,579285.56,3.951279552438791e-07,low,f,2026-07-21 22:26:52.945046+00,NULL
dcbd02fa-c305-4a6f-abab-4b0a8fda8dd1,1,TRANSFER,224606.64,C873175411,0,0,C766572210,354678.92,0,224606.64,579285.56,0.3319430622689703,medium,f,2026-07-23 13:43:14.863034+00,NULL
dcf29772-467f-4c78-a44e-7e7e6aaab32c,1,TRANSFER,215310.3,C1670993182,705,0,C1100439041,22425,0,214605.3,237735.3,1.1586042091948912e-05,low,f,2026-07-21 22:44:15.695574+00,NULL
dd0cd4ba-e28f-4609-8d86-634eb5e3cd0f,1,CASH_OUT,229133.94,C905080434,15325,0,C476402209,5083,51513.44,213808.94,182703.5,0.667223447584009,medium,f,2026-07-21 22:30:53.950264+00,NULL
dd407843-2698-40a7-b9ef-bf23ba332771,1,TRANSFER,679502.24,C722417467,290,0,C451111351,171866,3.94008521e+06,679212.24,-3.0887169699999997e+06,1.1009468181555349e-07,low,f,2026-07-22 14:19:57.048314+00,NULL
dd4eb314-10c3-4f9c-bb81-43541edf4a20,1,TRANSFER,125872.53,C1443967876,0,0,C392292416,348512,3.42010309e+06,125872.53,-2.9457185599999996e+06,0.27383776179166736,medium,f,2026-07-21 22:41:46.081867+00,NULL
dde557e3-b0fa-449b-8e03-697c0082ba59,1,CASH_OUT,23261.3,C2072313080,20411.53,0,C2001112025,25742,0,2849.7700000000004,49003.3,0.00017633289098739624,low,f,2026-07-22 16:38:30.993531+00,NULL
dee2b616-ff78-4222-a914-51fb1464d6e9,1,CASH_OUT,55105.9,C2007486296,0,0,C932583850,317952.89,2.71917289e+06,55105.9,-2.3461141e+06,2.2237538814806612e-06,low,f,2026-07-21 18:09:27.94638+00,NULL
df3b5dce-fe58-481f-856a-dc55fe1eb5e2,1,TRANSFER,311685.89,C1984094095,10835,0,C932583850,6267,2.71917289e+06,300850.89,-2.40122e+06,8.098261901068327e-07,low,f,2026-07-21 22:25:07.934266+00,NULL
df5262c6-42e3-4d7d-a3d7-c52d82bde200,1,TRANSFER,581294.26,C843299092,0,0,C1590550415,5.19548215e+06,1.916920493e+07,581294.26,-1.339242852e+07,1.2274892924324377e-06,low,f,2026-07-22 14:32:45.41286+00,NULL
df95cbbb-4fa5-4d30-905a-cb828ad2daf6,1,TRANSFER,311685.89,C1984094095,10835,0,C932583850,6267,2.71917289e+06,300850.89,-2.40122e+06,8.098261901068327e-07,low,f,2026-07-22 14:36:40.363609+00,NULL
e0801951-dbcd-40a7-959a-cb34d9f04935,1,TRANSFER,554026.99,C1603696865,0,0,C766572210,579285.56,0,554026.99,1.13331255e+06,1.1865068649807853e-10,low,f,2026-07-21 22:40:05.036496+00,NULL
e1069b28-2689-4f76-ad64-1cc3ebe84c2d,1,TRANSFER,17231.46,C1243171897,0,0,C783286238,24672,0,17231.46,41903.46,3.4573670291138114e-06,low,f,2026-07-21 22:30:53.950264+00,NULL
e1d05b92-970f-4ce7-9295-c6fd69dbfce4,1,TRANSFER,224606.64,C873175411,0,0,C766572210,354678.92,0,224606.64,579285.56,0.5434525339772018,medium,f,2026-07-21 22:30:53.950264+00,NULL
e23f2c55-31ea-4800-ae8b-058666c31a2d,1,TRANSFER,62610.8,C1976401987,79114,16503.2,C1937962514,517,8383.29,0,54744.51,0.2870000428677572,medium,f,2026-07-21 22:47:30.768623+00,NULL
e26c0e51-621b-4c42-aa2d-efc0f777956d,1,CASH_OUT,47458.86,C527211736,209534.84,162075.98,C2096057945,52120,0,2.9103830456733704e-11,99578.86,2.844415348590701e-06,low,f,2026-07-22 16:38:30.993531+00,NULL
e27a518a-e9a1-428e-8017-5ff766be5e27,1,CASH_OUT,53631.83,C1233595751,0,0,C757108857,83244,0,53631.83,136875.83000000002,1.5506292356803897e-06,low,f,2026-07-21 18:09:27.94638+00,NULL
e3580e42-1692-46c9-90b3-6b6dd36deb6f,1,CASH_OUT,82940.31,C1528834618,3017.87,0,C476800120,132372,49864.36,79922.44,165447.95,1.2160126061644405e-06,low,f,2026-07-21 22:41:46.081867+00,NULL
e39ee852-1477-4c8b-83e6-7a6faa2a1c7c,1,CASH_OUT,136872.92,C1533123860,162075.98,25203.05,C766572210,217806,0,-0.010000000009313226,354678.92000000004,9.3488861239166e-06,low,f,2026-07-22 14:36:40.363609+00,NULL
e3a508db-b2f4-48e9-8646-084d0c97fa59,1,CASH_OUT,23261.3,C2072313080,20411.53,0,C2001112025,25742,0,2849.7700000000004,49003.3,0.00017633289098739624,low,f,2026-07-21 18:09:27.94638+00,NULL
e3d50aa4-8df6-426e-a9b5-dee1ad2baa10,1,TRANSFER,62610.8,C1976401987,79114,16503.2,C1937962514,517,8383.29,0,54744.51,0.131391962703855,medium,f,2026-07-21 22:40:05.036496+00,NULL
e3e233d1-47aa-4cb1-b5af-ca135e61d788,1,TRANSFER,147543.1,C12905860,0,0,C1359044626,223220,16518.36,147543.1,354244.74,0.4842348905776912,medium,f,2026-07-21 22:51:18.176483+00,NULL
e3e9c01a-fdbb-441a-8c03-420793a4ac49,1,CASH_OUT,110414.71,C768216420,26845.41,0,C1509514333,288800,2415.16,83569.3,396799.55000000005,0.22729303278989682,medium,f,2026-07-22 14:32:45.41286+00,NULL
e46daa50-8b57-444a-99a1-cb3e75db2937,1,CASH_OUT,169409.87,C888611662,0,0,C401424608,909124.16,1.17880814e+06,169409.87,-100274.10999999987,0.3072249168065201,medium,f,2026-07-21 18:09:28.817642+00,NULL
e4a57f5a-9b24-457b-93c1-35e4678a08c6,1,TRANSFER,311685.89,C1984094095,10835,0,C932583850,6267,2.71917289e+06,300850.89,-2.40122e+06,8.098261901068327e-07,low,f,2026-07-21 22:44:15.695574+00,NULL
e4e1f3ba-16bf-4e0c-8ced-428f5a690b6d,1,CASH_OUT,82691.56,C1620409359,0,0,C248609774,657983.89,6.45343091e+06,82691.56,-5.71275546e+06,2.3038282961351797e-06,low,f,2026-07-21 18:09:27.94638+00,NULL
e515e183-6e8b-4093-9074-66d3cd1a0e79,1,CASH_OUT,136872.92,C1533123860,162075.98,25203.05,C766572210,217806,0,-0.010000000009313226,354678.92000000004,9.3488861239166e-06,low,f,2026-07-22 16:38:30.993531+00,NULL
e5d0cc10-822e-4be1-84f9-435520bc5690,1,TRANSFER,209711.11,C1556867940,0,0,C1509514333,399214.71,2415.16,209711.11,606510.66,0.547308872491551,medium,f,2026-07-22 14:32:45.41286+00,NULL
e5dd3968-fa79-4167-95de-9f143e0561ca,1,CASH_OUT,56953.9,C1570470538,1942.02,0,C824009085,70253,64106.18,55011.880000000005,63100.719999999994,0.495662623393043,medium,f,2026-07-21 22:40:05.036496+00,NULL
e626d65e-05f5-4b1d-a88a-91035ac50eb4,1,CASH_OUT,82940.31,C1528834618,3017.87,0,C476800120,132372,49864.36,79922.44,165447.95,0.2897537780466669,medium,f,2026-07-21 22:47:30.768623+00,NULL
e64dde3e-07eb-4eb2-a5e0-0890015e4617,1,CASH_OUT,75405.1,C263053820,0,0,C1870252780,104209,46462.23,75405.1,133151.87,8.151361612362962e-07,low,f,2026-07-22 14:32:45.41286+00,NULL
e6b60acc-2686-41a2-90a7-7fe37cf89a11,1,CASH_OUT,82940.31,C1528834618,3017.87,0,C476800120,132372,49864.36,79922.44,165447.95,0.6722481163201278,medium,f,2026-07-21 21:32:31.390253+00,NULL
e71676cd-c999-4166-bd8c-690e27bcea36,1,CASH_OUT,94253.33,C1718906711,25203.05,0,C977993101,99773,965870.05,69050.28,-771843.72,0.1747571203705247,medium,f,2026-07-22 16:38:30.993531+00,NULL
e7ac080a-ee90-4a4f-a4a4-8fdf6a4a2966,1,CASH_OUT,82940.31,C1528834618,3017.87,0,C476800120,132372,49864.36,79922.44,165447.95,0.7707211402057778,medium,f,2026-07-21 22:40:05.036496+00,NULL
e7b335c9-905d-44fc-b9bb-5ce711f4abf1,1,TRANSFER,761507.39,C412788346,0,0,C1590550415,1.28003623e+06,1.916920493e+07,761507.39,-1.712766131e+07,0.6621127585593153,medium,f,2026-07-21 22:51:18.176483+00,NULL
e7cf23a7-7efe-47b9-8214-d61fc0141d91,1,TRANSFER,77957.68,C207471778,0,0,C1761291320,94900,22233.65,77957.68,150624.03,0.5135656920009793,medium,f,2026-07-21 22:51:18.176483+00,NULL
e8b7a389-a931-46ef-be63-0a69d0b651a0,1,CASH_OUT,176149.9,C24650043,0,0,C736709391,259813,46820.71,176149.9,389142.19,0.3912711292117158,medium,f,2026-07-22 14:32:45.41286+00,NULL
e8df688f-acc1-4669-a74c-40ec6dd91dda,1,CASH_OUT,136030.66,C2036775591,0,0,C757108857,136875.83,0,136030.66,272906.49,0.1228925036843947,medium,f,2026-07-21 18:09:28.817642+00,NULL
e92f165e-7a1e-4b72-9962-c23c26b2ba49,1,CASH_OUT,29784.06,C925150995,0,0,C920011586,63553,0,29784.06,93337.06,2.225669732069946e-06,low,f,2026-07-22 14:19:57.048314+00,NULL
e94a8af8-f57a-4052-b576-5bd728a8030c,1,TRANSFER,125872.53,C1443967876,0,0,C392292416,348512,3.42010309e+06,125872.53,-2.9457185599999996e+06,0.742977001926349,medium,f,2026-07-21 22:44:15.695574+00,NULL
e9b9f4fc-dbc5-4a65-a891-6fe137334d42,1,CASH_OUT,85423.63,C460741164,0,0,C1590550415,5.77677641e+06,1.916920493e+07,85423.63,-1.330700489e+07,0.7630579238422788,medium,f,2026-07-21 21:32:31.390253+00,NULL
ea0b35b0-06f1-48ff-b73f-c38ea7a609be,1,TRANSFER,1.72488705e+06,C1495608502,0,0,C1590550415,3.4705951e+06,1.916920493e+07,1.72488705e+06,-1.397372278e+07,1.1477848602226004e-05,low,f,2026-07-21 18:09:27.94638+00,NULL
ea24823d-64e9-4673-aa00-3a5b489535d3,1,CASH_OUT,5346.89,C512549200,0,0,C248609774,652637,6.45343091e+06,5346.89,-5.7954470200000005e+06,5.352217158360872e-07,low,f,2026-07-21 22:40:05.036496+00,NULL
ea3543ae-15df-4c13-a2c1-8a57150358fa,1,TRANSFER,710544.77,C835773569,0,0,C1359044626,738531.5,16518.36,710544.77,1.43255791e+06,4.889267324337254e-10,low,f,2026-07-21 21:32:31.390253+00,NULL
eb62607b-d64c-4a32-996b-3e9930d0c307,1,CASH_OUT,23261.3,C2072313080,20411.53,0,C2001112025,25742,0,2849.7700000000004,49003.3,0.00017633289098739624,low,f,2026-07-23 13:43:14.863034+00,NULL
eb8f718c-ab98-41ab-abfa-9abef9dcebbf,1,CASH_OUT,5346.89,C512549200,0,0,C248609774,652637,6.45343091e+06,5346.89,-5.7954470200000005e+06,0.48439241261587107,medium,f,2026-07-23 13:43:14.863034+00,NULL
ec56749e-6a2a-4ff3-a69d-5a9ce2b91b13,1,TRANSFER,1.42905147e+06,C1520267010,0,0,C1590550415,2.04154362e+06,1.916920493e+07,1.42905147e+06,-1.569860984e+07,1.1477848602226004e-05,low,f,2026-07-21 22:25:07.934266+00,NULL
ec647164-499a-4280-991f-20137e30f39f,1,CASH_OUT,82940.31,C1528834618,3017.87,0,C476800120,132372,49864.36,79922.44,165447.95,1.2160126061644405e-06,low,f,2026-07-22 14:32:45.41286+00,NULL
ec8eb601-0340-436c-ab4c-2ff5e0773505,1,TRANSFER,181,C1305486145,181,0,C553264065,0,0,0,181,0.5,medium,t,2026-07-21 22:25:07.934266+00,NULL
ed7923ee-a540-4618-bce3-b331f9d06f43,1,TRANSFER,78766.03,C1376151044,0,0,C1749186397,103772,277515.05,78766.03,-94977.01999999999,3.880912117892876e-06,low,f,2026-07-22 14:32:45.41286+00,NULL
edb3bf9a-c4f7-4d7e-8978-5a0eddb3bf42,1,CASH_OUT,56953.9,C1570470538,1942.02,0,C824009085,70253,64106.18,55011.880000000005,63100.719999999994,0.7934257080743329,medium,f,2026-07-21 22:26:52.945046+00,NULL
ee4816b6-0b70-4340-abb9-79ddc06e26cf,1,TRANSFER,379856.23,C1449772539,0,0,C1590550415,900180,1.916920493e+07,379856.23,-1.78891687e+07,0.7124689479740911,medium,f,2026-07-21 22:40:05.036496+00,NULL
ee5e65c7-9c8c-4c56-a80f-c616434006e7,1,CASH_OUT,136872.92,C1533123860,162075.98,25203.05,C766572210,217806,0,-0.010000000009313226,354678.92000000004,9.3488861239166e-06,low,f,2026-07-21 22:44:15.695574+00,NULL
eecaaf32-e61f-4761-84ce-91e402cd5e1d,1,TRANSFER,224606.64,C873175411,0,0,C766572210,354678.92,0,224606.64,579285.56,0.17141604928043427,medium,f,2026-07-21 22:32:49.852477+00,NULL
eed9a484-9753-439b-8b57-ca54d14e4602,1,TRANSFER,77957.68,C207471778,0,0,C1761291320,94900,22233.65,77957.68,150624.03,6.275124064814008e-07,low,f,2026-07-22 14:32:45.41286+00,NULL
eee19db8-fd44-481f-b654-49d439b5c503,1,TRANSFER,62610.8,C1976401987,79114,16503.2,C1937962514,517,8383.29,0,54744.51,0.34184836770261917,medium,f,2026-07-21 22:41:46.081867+00,NULL
ef1127c6-12c8-4ccc-9f98-1b279aaeec9d,1,TRANSFER,311685.89,C1984094095,10835,0,C932583850,6267,2.71917289e+06,300850.89,-2.40122e+06,0.2509954974035769,medium,f,2026-07-23 13:43:14.863034+00,NULL
ef154cbb-3c8c-4f81-a69b-6c52bb661868,1,TRANSFER,42712.39,C283039401,10363.39,0,C1330106945,57901.66,24044.18,32349,76569.87,0.4608240705353023,medium,f,2026-07-21 21:32:31.390253+00,NULL
ef2f39b8-9658-4bde-95fa-17c05a74c0a9,1,TRANSFER,42712.39,C283039401,10363.39,0,C1330106945,57901.66,24044.18,32349,76569.87,1.8204849538960843e-06,low,f,2026-07-22 14:32:45.41286+00,NULL
ef4e158c-d0ce-4633-8d99-e647ba7fd5b4,1,TRANSFER,125872.53,C1443967876,0,0,C392292416,348512,3.42010309e+06,125872.53,-2.9457185599999996e+06,5.244171006779652e-06,low,f,2026-07-21 22:26:52.945046+00,NULL
effc3207-da03-40cf-b0db-94f18ea27b29,1,CASH_OUT,229133.94,C905080434,15325,0,C476402209,5083,51513.44,213808.94,182703.5,0.0003087619552388787,low,f,2026-07-22 14:32:45.41286+00,NULL
f088f7c1-e924-47b4-aebf-acd8b6f48954,1,TRANSFER,761507.39,C412788346,0,0,C1590550415,1.28003623e+06,1.916920493e+07,761507.39,-1.712766131e+07,0.22699724015574835,medium,f,2026-07-22 16:38:30.993531+00,NULL
f0e13db7-918c-4c53-afed-49c07c427154,1,TRANSFER,147543.1,C12905860,0,0,C1359044626,223220,16518.36,147543.1,354244.74,4.030195555060345e-07,low,f,2026-07-21 21:32:31.390253+00,NULL
f1379ef0-623f-4c46-b613-66cea9dbaa34,1,TRANSFER,1.42905147e+06,C1520267010,0,0,C1590550415,2.04154362e+06,1.916920493e+07,1.42905147e+06,-1.569860984e+07,1.1477848602226004e-05,low,f,2026-07-21 22:51:18.176483+00,NULL
f15045ec-77da-48b1-9a2f-d16f14fe96d5,1,CASH_OUT,56953.9,C1570470538,1942.02,0,C824009085,70253,64106.18,55011.880000000005,63100.719999999994,2.31321359933645e-06,low,f,2026-07-21 22:30:53.950264+00,NULL
f16047a9-88a7-4c85-a865-23ff73c605b3,1,CASH_OUT,47913.58,C141110631,0,0,C240650537,51304,0,47913.58,99217.58,1.5506292356803897e-06,low,f,2026-07-22 14:19:57.048314+00,NULL
f1cc021d-91c2-4a65-9124-2c590621431a,1,CASH_OUT,154716.2,C980364771,0,0,C453211571,187433,3.46166605e+06,154716.2,-3.1195168499999996e+06,1.2594873624038883e-06,low,f,2026-07-21 18:09:27.94638+00,NULL
f23fab79-653c-445f-94af-433d2f0717c6,1,TRANSFER,1.42905147e+06,C1520267010,0,0,C1590550415,2.04154362e+06,1.916920493e+07,1.42905147e+06,-1.569860984e+07,1.1477848602226004e-05,low,f,2026-07-21 22:41:46.081867+00,NULL
f285638b-768d-457f-9a2f-a4226386f4e9,1,TRANSFER,215310.3,C1670993182,705,0,C1100439041,22425,0,214605.3,237735.3,0.4867856049465161,medium,f,2026-07-21 22:40:05.036496+00,NULL
f2ef0c5f-7636-4781-bab9-0bf1fb648f47,1,TRANSFER,215310.3,C1670993182,705,0,C1100439041,22425,0,214605.3,237735.3,0.34574415941838466,medium,f,2026-07-23 13:43:14.863034+00,NULL
f3078f1e-cc5d-4580-b4f3-96c945d51520,1,CASH_OUT,176149.9,C24650043,0,0,C736709391,259813,46820.71,176149.9,389142.19,1.6451261899419478e-06,low,f,2026-07-21 21:32:31.390253+00,NULL
f30cb63f-b3e3-4a69-b4db-63456aa37f66,1,CASH_OUT,110414.71,C768216420,26845.41,0,C1509514333,288800,2415.16,83569.3,396799.55000000005,3.862027369905263e-06,low,f,2026-07-22 14:19:57.048314+00,NULL
f317e318-fee1-4e85-a804-00acde46a072,1,TRANSFER,583848.46,C1839168128,0,0,C1286084959,667778,2.10777811e+06,583848.46,-856151.6499999999,0.6329120161155078,medium,f,2026-07-21 18:09:28.817642+00,NULL
f3a87cf3-a9cf-4a8a-be51-5d1851d18083,1,TRANSFER,554026.99,C1603696865,0,0,C766572210,579285.56,0,554026.99,1.13331255e+06,0.19203175513893583,medium,f,2026-07-21 22:40:05.036496+00,NULL
f3d92b4e-5279-4edc-9ca5-97d60c4224e8,1,TRANSFER,583848.46,C1839168128,0,0,C1286084959,667778,2.10777811e+06,583848.46,-856151.6499999999,1.0859143628749734e-07,low,f,2026-07-22 14:36:40.363609+00,NULL
f47e35d1-b094-4b1b-8f71-026b5a186485,1,TRANSFER,583848.46,C1839168128,0,0,C1286084959,667778,2.10777811e+06,583848.46,-856151.6499999999,1.0859143628749734e-07,low,f,2026-07-21 18:09:27.94638+00,NULL
f4c92b3b-8240-4806-9f09-df736ef293aa,1,TRANSFER,147543.1,C12905860,0,0,C1359044626,223220,16518.36,147543.1,354244.74,4.030195555060345e-07,low,f,2026-07-21 22:32:49.852477+00,NULL
f56af655-0a25-42f7-bd42-e3081d8b2217,1,TRANSFER,581294.26,C843299092,0,0,C1590550415,5.19548215e+06,1.916920493e+07,581294.26,-1.339242852e+07,1.2274892924324377e-06,low,f,2026-07-22 14:19:57.048314+00,NULL
f57df808-723a-45e2-9259-e703f392f5f8,1,CASH_OUT,186447.51,C976827477,0,0,C1590550415,5.86220003e+06,1.916920493e+07,186447.51,-1.312055739e+07,3.3837477531051263e-06,low,f,2026-07-21 18:09:27.94638+00,NULL
f626dcfa-1143-4c21-98a2-c5743f37a937,1,TRANSFER,311685.89,C1984094095,10835,0,C932583850,6267,2.71917289e+06,300850.89,-2.40122e+06,0.13237466530512082,medium,f,2026-07-21 22:47:30.768623+00,NULL
f64e2d3a-4045-4a4b-b92f-b58ba180d297,1,TRANSFER,42712.39,C283039401,10363.39,0,C1330106945,57901.66,24044.18,32349,76569.87,0.7299747275901156,medium,f,2026-07-22 16:38:30.993531+00,NULL
f65e91b0-77e3-4a5c-be43-e3c8a7246881,1,CASH_OUT,136872.92,C1533123860,162075.98,25203.05,C766572210,217806,0,-0.010000000009313226,354678.92000000004,9.3488861239166e-06,low,f,2026-07-21 22:51:18.176483+00,NULL
f675d2e0-6879-4d4c-a938-9584c473e4b0,1,CASH_OUT,14121.82,C69062746,0,0,C100555887,52679,10963.66,14121.82,55837.16,1.880439981505333e-06,low,f,2026-07-21 18:09:27.94638+00,NULL
f70a53a4-89f5-445f-9857-5754c269a889,1,TRANSFER,125872.53,C1443967876,0,0,C392292416,348512,3.42010309e+06,125872.53,-2.9457185599999996e+06,0.763718030534737,medium,f,2026-07-21 22:25:07.934266+00,NULL
f70fa596-c46d-4618-9805-0c703e0c0d78,1,CASH_OUT,229133.94,C905080434,15325,0,C476402209,5083,51513.44,213808.94,182703.5,0.0003087619552388787,low,f,2026-07-21 22:47:30.768623+00,NULL
f759006d-ef83-41ad-b1f7-34f3a79d8563,1,CASH_OUT,5346.89,C512549200,0,0,C248609774,652637,6.45343091e+06,5346.89,-5.7954470200000005e+06,5.352217158360872e-07,low,f,2026-07-21 22:25:07.934266+00,NULL
f771039e-024d-4145-ace1-f85d82baa999,1,CASH_OUT,94253.33,C1718906711,25203.05,0,C977993101,99773,965870.05,69050.28,-771843.72,9.900806617224589e-06,low,f,2026-07-21 22:47:30.768623+00,NULL
f79aed58-ec42-462e-89d6-0cf8a9a29caa,1,TRANSFER,761507.39,C412788346,0,0,C1590550415,1.28003623e+06,1.916920493e+07,761507.39,-1.712766131e+07,0.2751708254019872,medium,f,2026-07-21 22:30:53.950264+00,NULL
f7b3057f-801b-43ad-8eb2-1425905e6e8c,1,CASH_OUT,229133.94,C905080434,15325,0,C476402209,5083,51513.44,213808.94,182703.5,0.0003087619552388787,low,f,2026-07-21 22:32:49.852477+00,NULL
f7f9030f-2232-44b8-8ffe-819af3ff2bc7,1,CASH_OUT,23261.3,C2072313080,20411.53,0,C2001112025,25742,0,2849.7700000000004,49003.3,0.00017633289098739624,low,f,2026-07-21 22:40:05.036496+00,NULL
f80f7bc4-e003-482c-bd58-648a87e79746,1,CASH_OUT,110414.71,C768216420,26845.41,0,C1509514333,288800,2415.16,83569.3,396799.55000000005,3.862027369905263e-06,low,f,2026-07-21 18:09:27.94638+00,NULL
f82897f4-b1c2-4cac-a9fd-731dab4bf77f,1,TRANSFER,358831.92,C908084672,0,0,C392292416,474384.53,3.42010309e+06,358831.92,-2.5868866399999997e+06,0.30737129457273205,medium,f,2026-07-21 21:32:31.390253+00,NULL
f832c897-c9df-4b19-b67a-309212f9d24a,1,CASH_OUT,171369.73,C2123222442,0,0,C451111351,1.12237094e+06,3.94008521e+06,171369.73,-2.64634454e+06,0.39618132976004516,medium,f,2026-07-22 14:19:57.970992+00,NULL
f8777145-8d0f-40b5-99bb-19befb1883dc,1,TRANSFER,42712.39,C283039401,10363.39,0,C1330106945,57901.66,24044.18,32349,76569.87,1.8204849538960843e-06,low,f,2026-07-21 22:51:18.176483+00,NULL
f8814f58-e747-45b0-b073-f05e4c17e1d1,1,TRANSFER,311685.89,C1984094095,10835,0,C932583850,6267,2.71917289e+06,300850.89,-2.40122e+06,0.5253130664269278,medium,f,2026-07-21 22:25:07.934266+00,NULL
f8b3b01f-d937-4ec3-b337-f288c542bf9b,1,TRANSFER,78766.03,C1376151044,0,0,C1749186397,103772,277515.05,78766.03,-94977.01999999999,0.40754319988282905,medium,f,2026-07-21 22:41:46.081867+00,NULL
f8e74843-3343-4d44-b420-21b5e3d8f7ca,1,TRANSFER,11996.58,C605982374,0,0,C1225616405,40255,0,11996.58,52251.58,4.647680725611281e-06,low,f,2026-07-21 18:09:27.94638+00,NULL
fa0b01d8-ee78-48e4-8974-38edd57ad818,1,CASH_OUT,47458.86,C527211736,209534.84,162075.98,C2096057945,52120,0,2.9103830456733704e-11,99578.86,0.32973775281568096,medium,f,2026-07-21 22:41:46.081867+00,NULL
fa0e475a-ede5-421e-ad93-3fcf6ffb4a41,1,TRANSFER,215310.3,C1670993182,705,0,C1100439041,22425,0,214605.3,237735.3,0.6356254459656117,medium,f,2026-07-21 22:44:15.695574+00,NULL
fa3db73f-6e83-4eaf-a334-af6bb1e8db86,1,CASH_OUT,110414.71,C768216420,26845.41,0,C1509514333,288800,2415.16,83569.3,396799.55000000005,3.862027369905263e-06,low,f,2026-07-21 22:25:07.934266+00,NULL
fa438548-1afc-45a0-aaff-e718963d47aa,1,TRANSFER,761507.39,C412788346,0,0,C1590550415,1.28003623e+06,1.916920493e+07,761507.39,-1.712766131e+07,2.5380413148923253e-07,low,f,2026-07-21 22:25:07.934266+00,NULL
fa7e4b6b-a2e9-49c9-8b29-3d412233f752,1,TRANSFER,379856.23,C1449772539,0,0,C1590550415,900180,1.916920493e+07,379856.23,-1.78891687e+07,0.3231976184731579,medium,f,2026-07-21 22:51:18.176483+00,NULL
faccd8a5-4df2-4c4d-8a3e-f5eeaebd1837,1,TRANSFER,147543.1,C12905860,0,0,C1359044626,223220,16518.36,147543.1,354244.74,4.030195555060345e-07,low,f,2026-07-21 22:40:05.036496+00,NULL
faccebe7-70aa-4a8a-94fd-93771f211e63,1,CASH_OUT,467177.03,C1338905451,28112.02,0,C1170794006,975121,22190.99,439065.01,1.42010704e+06,1.2294665285850215e-09,low,f,2026-07-22 14:36:40.363609+00,NULL
fb0510f9-6962-490c-97ec-70561b98d00b,1,CASH_OUT,56953.9,C1570470538,1942.02,0,C824009085,70253,64106.18,55011.880000000005,63100.719999999994,2.31321359933645e-06,low,f,2026-07-22 14:32:45.41286+00,NULL
fb453a14-3ca9-4eed-8c06-2e5a1cce6b54,1,CASH_OUT,181,C840083671,181,0,C38997010,21182,0,0,21363,0.52,medium,t,2026-07-21 22:44:15.695574+00,NULL
fb6d5f45-c503-4c93-a39e-d212672ffe66,1,CASH_OUT,5346.89,C512549200,0,0,C248609774,652637,6.45343091e+06,5346.89,-5.7954470200000005e+06,0.5673346072965252,medium,f,2026-07-21 22:44:15.695574+00,NULL
fb805728-f60b-4cc5-b3b3-fd8f5358074c,1,CASH_OUT,136872.92,C1533123860,162075.98,25203.05,C766572210,217806,0,-0.010000000009313226,354678.92000000004,9.3488861239166e-06,low,f,2026-07-21 21:32:31.390253+00,NULL
fc246595-4eb1-473e-8365-51a2a2970ce7,1,TRANSFER,224606.64,C873175411,0,0,C766572210,354678.92,0,224606.64,579285.56,0.15857007958518493,medium,f,2026-07-21 22:51:18.176483+00,NULL
fcb8eaf3-b57a-4f14-a567-5b37ef807456,1,CASH_OUT,176149.9,C24650043,0,0,C736709391,259813,46820.71,176149.9,389142.19,1.6451261899419478e-06,low,f,2026-07-22 14:32:45.41286+00,NULL
fd304743-1acc-4887-a6d4-15ea451c0c87,1,TRANSFER,215310.3,C1670993182,705,0,C1100439041,22425,0,214605.3,237735.3,1.1586042091948912e-05,low,f,2026-07-21 22:51:18.176483+00,NULL
fd6eca1b-6ec7-4894-8ec0-458204e3b111,1,CASH_OUT,229133.94,C905080434,15325,0,C476402209,5083,51513.44,213808.94,182703.5,0.7537363145050802,medium,f,2026-07-21 22:44:15.695574+00,NULL
fdc491e8-fb6b-428a-8a22-777fb84e1070,1,TRANSFER,77957.68,C207471778,0,0,C1761291320,94900,22233.65,77957.68,150624.03,0.22780871380878964,medium,f,2026-07-22 16:38:30.993531+00,NULL
fddebbb2-b1a1-4d5a-a91f-6387d188a7bd,1,CASH_OUT,44443.08,C269892014,0,0,C1590550415,6.04864754e+06,1.916920493e+07,44443.08,-1.3076114309999999e+07,0.32115318163293294,medium,f,2026-07-22 14:19:57.970992+00,NULL
fe61615e-1178-4954-8504-a8bf71d8ac89,1,CASH_OUT,419801.4,C1687354037,38197.63,0,C33524623,499962,1.51726216e+06,381603.77,-597498.7599999999,9.939560285943116e-10,low,f,2026-07-22 14:19:57.048314+00,NULL
fef6753b-deb5-4b47-af28-5e26f4eb6ed5,1,TRANSFER,42712.39,C283039401,10363.39,0,C1330106945,57901.66,24044.18,32349,76569.87,1.8204849538960843e-06,low,f,2026-07-21 22:40:05.036496+00,NULL
fefeee54-0e5a-4487-99fd-826ea3ba68f8,1,TRANSFER,147543.1,C12905860,0,0,C1359044626,223220,16518.36,147543.1,354244.74,4.030195555060345e-07,low,f,2026-07-21 22:51:18.176483+00,NULL
ff42cb71-9adb-42b1-beee-3771fd55bc02,1,TRANSFER,379856.23,C1449772539,0,0,C1590550415,900180,1.916920493e+07,379856.23,-1.78891687e+07,1.0090026592024515e-08,low,f,2026-07-21 22:44:15.695574+00,NULL
fff2f97e-813c-4a2c-a3f1-d925e97dc7fd,1,TRANSFER,224606.64,C873175411,0,0,C766572210,354678.92,0,224606.64,579285.56,3.951279552438791e-07,low,f,2026-07-21 18:09:27.94638+00,NULL
fffce6e5-6401-4eaa-a583-3fc71fc0c2e4,1,TRANSFER,17231.46,C1243171897,0,0,C783286238,24672,0,17231.46,41903.46,3.4573670291138114e-06,low,f,2026-07-21 22:25:07.934266+00,NULL
